hire_ref;booked_on;depot;region;asset_ref;asset_name;hire_days;day_rate_gbp;account_ref;status;delivered
H100000;26/02/2024;Cardiff Depot;Wales;SF-TOW;Site Tower Light;3;50.88;;completed;N
H100001;01/09/2024;Bristol Depot;South West;SC-22;Scissor Lift 22ft;2;77.55;;completed;Y
H100002;05/08/2023;Norwich Depot;East;SF-TOW;Site Tower Light;14;49.68;ACC0204;completed;Y
H100003;15/08/2023;Leeds Depot;North;GEN-60;60kVA Generator;3;97.09;ACC0093;completed;Y
H100004;09/07/2023;Bristol Depot;South West;CM-350;Concrete Mixer 350L;3;33.61;ACC0255;completed;Y
H100005;20/11/2024;Glasgow Depot;Scotland;SF-TOW;Site Tower Light;1;50.34;ACC0125;completed;Y
H100006;17/03/2024;Glasgow Depot;Scotland;WP-02;Water Pump 2in;3;21.29;;completed;Y
H100007;13/08/2024;Bristol Depot;South West;TL-01;Telehandler 4m;5;183.49;ACC0161;completed;Y
H100008;11/07/2024;Bristol Depot;South West;DM-09;Diesel Dumper 9T;14;149.67;ACC0034;completed;Y
H100009;30/06/2024;Cardiff Depot;Wales;GEN-60;60kVA Generator;7;97.7;ACC0237;completed;Y
H100010;10/11/2023;Leeds Depot;North;PB-15;Powered Barrow;5;40.67;ACC0255;completed;Y
H100011;19/08/2023;Norwich Depot;East;PB-15;Powered Barrow;1;40.22;ACC0184;completed;Y
H100012;24/06/2023;Leeds Depot;North;SC-22;Scissor Lift 22ft;3;74.51;;completed;Y
H100013;28/08/2023;Glasgow Depot;Scotland;TL-01;Telehandler 4m;3;188.47;ACC0065;completed;Y
H100014;26/05/2023;Norwich Depot;East;CM-350;Concrete Mixer 350L;2;33.46;ACC0054;completed;Y
H100015;31/10/2023;Bristol Depot;South West;CM-350;Concrete Mixer 350L;2;32.1;;completed;N
H100016;07/04/2024;Bristol Depot;South West;WP-02;Water Pump 2in;7;24.14;ACC0077;completed;Y
H100017;29/07/2024;Cardiff Depot;Wales;DM-09;Diesel Dumper 9T;28;136.74;ACC0248;completed;Y
H100018;28/12/2023;Leeds Depot;North;CM-350;Concrete Mixer 350L;2;34.23;ACC0186;completed;N
H100019;22/09/2024;Bristol Depot;South West;GEN-60;60kVA Generator;-5;93.78;ACC0188;cancelled;Y
H100020;06/10/2024;Glasgow Depot;Scotland;PB-15;Powered Barrow;3;43.09;ACC0100;completed;Y
H100021;19/11/2023;Cardiff Depot;Wales;SC-22;Scissor Lift 22ft;2;75.73;;completed;Y
H100022;10/12/2024;Cardiff Depot;Wales;SF-TOW;Site Tower Light;7;50.87;ACC0179;open;Y
H100023;19/11/2023;Glasgow Depot;Scotland;CM-350;Concrete Mixer 350L;1;34.83;ACC0001;completed;Y
H100024;26/06/2023;Bristol Depot;South West;HD-BRK;Hydraulic Breaker;14;60.71;ACC0103;completed;Y
H100025;06/03/2024;Cardiff Depot;Wales;DM-09;Diesel Dumper 9T;2;137.34;ACC0044;completed;N
H100026;02/09/2023;Cardiff Depot;Wales;WP-02;Water Pump 2in;7;21.96;ACC0243;completed;Y
H100027;13/08/2023;Bristol Depot;South West;EX-140;13T Excavator;3;294.86;ACC0223;open;Y
H100028;29/04/2023;Glasgow Depot;Scotland;SC-22;Scissor Lift 22ft;2;77.48;ACC0167;completed;N
H100029;28/03/2024;Norwich Depot;East;SF-TOW;Site Tower Light;7;49.1;ACC0257;completed;Y
H100030;24/06/2024;Norwich Depot;East;PB-15;Powered Barrow;1;41.78;ACC0089;completed;N
H100031;03/06/2023;Norwich Depot;East;GEN-60;60kVA Generator;-3;89.19;ACC0055;cancelled;Y
H100032;14/05/2023;Norwich Depot;East;PB-15;Powered Barrow;-2;38.14;;cancelled;Y
H100033;30/08/2024;Leeds Depot;North;WP-02;Water Pump 2in;5;21.59;ACC0245;completed;Y
H100034;22/12/2023;Leeds Depot;North;SF-TOW;Site Tower Light;7;50.47;ACC0063;completed;Y
H100035;12/06/2024;Glasgow Depot;Scotland;DM-09;Diesel Dumper 9T;-5;148.33;ACC0080;cancelled;Y
H100036;16/12/2023;Cardiff Depot;Wales;HD-BRK;Hydraulic Breaker;-1;60.55;ACC0204;cancelled;Y
H100037;16/11/2023;Cardiff Depot;Wales;SC-22;Scissor Lift 22ft;28;76.22;ACC0216;completed;Y
H100038;20/04/2023;Cardiff Depot;Wales;GEN-60;60kVA Generator;2;97.9;;completed;Y
H100039;05/06/2023;Leeds Depot;North;DM-09;Diesel Dumper 9T;28;134.32;;completed;Y
H100040;02/01/2024;Cardiff Depot;Wales;PB-15;Powered Barrow;7;41.24;ACC0133;completed;Y
H100041;19/08/2024;Bristol Depot;South West;WP-02;Water Pump 2in;1;20.96;ACC0094;completed;Y
H100042;30/06/2023;Bristol Depot;South West;PB-15;Powered Barrow;3;40.7;ACC0136;completed;Y
H100043;18/10/2024;Glasgow Depot;Scotland;TL-01;Telehandler 4m;3;201.18;;completed;Y
H100044;25/12/2023;Leeds Depot;North;EX-140;13T Excavator;14;310.0;ACC0106;completed;N
H100045;21/03/2024;Glasgow Depot;Scotland;PB-15;Powered Barrow;1;44.14;;completed;Y
H100046;08/12/2023;Bristol Depot;South West;SF-TOW;Site Tower Light;3;55.23;ACC0254;completed;Y
H100047;10/02/2024;Leeds Depot;North;WP-02;Water Pump 2in;2;21.95;ACC0072;completed;N
H100048;11/08/2023;Glasgow Depot;Scotland;EX-140;13T Excavator;2;304.09;;completed;Y
H100049;14/01/2024;Glasgow Depot;Scotland;WP-02;Water Pump 2in;1;21.65;ACC0138;completed;Y
H100050;12/10/2024;Bristol Depot;South West;GEN-60;60kVA Generator;28;93.47;ACC0183;completed;N
H100051;11/01/2024;Leeds Depot;North;CM-350;Concrete Mixer 350L;1;31.77;ACC0047;completed;Y
H100052;13/05/2023;Glasgow Depot;Scotland;TL-01;Telehandler 4m;2;194.5;ACC0080;completed;Y
H100053;03/05/2024;Cardiff Depot;Wales;PB-15;Powered Barrow;1;43.2;ACC0075;completed;Y
H100054;13/06/2024;Norwich Depot;East;WP-02;Water Pump 2in;1;23.63;ACC0259;completed;N
H100055;19/11/2024;Leeds Depot;North;PB-15;Powered Barrow;1;44.01;;completed;Y
H100056;06/07/2024;Bristol Depot;South West;CM-350;Concrete Mixer 350L;3;33.77;ACC0251;completed;N
H100057;28/08/2024;Bristol Depot;South West;SF-TOW;Site Tower Light;3;49.94;;completed;N
H100058;28/12/2023;Leeds Depot;North;SC-22;Scissor Lift 22ft;1;77.02;ACC0236;completed;Y
H100059;20/01/2024;Norwich Depot;East;PB-15;Powered Barrow;3;41.99;ACC0076;completed;Y
H100060;27/12/2024;Bristol Depot;South West;CM-350;Concrete Mixer 350L;2;34.96;ACC0051;completed;Y
H100061;10/09/2024;Cardiff Depot;Wales;GEN-60;60kVA Generator;2;89.64;ACC0103;completed;Y
H100062;22/01/2024;Norwich Depot;East;CM-350;Concrete Mixer 350L;28;36.27;ACC0138;completed;Y
H100063;16/06/2023;Leeds Depot;North;WP-02;Water Pump 2in;5;23.65;ACC0185;completed;Y
H100064;25/07/2023;Leeds Depot;North;WP-02;Water Pump 2in;2;20.71;ACC0202;completed;Y
H100065;05/07/2024;Leeds Depot;North;TL-01;Telehandler 4m;2;173.01;ACC0062;completed;Y
H100066;12/05/2024;Leeds Depot;North;DM-09;Diesel Dumper 9T;5;134.91;ACC0149;completed;Y
H100067;24/11/2024;Cardiff Depot;Wales;DM-09;Diesel Dumper 9T;5;152.76;ACC0144;completed;Y
H100068;31/08/2023;Glasgow Depot;Scotland;SC-22;Scissor Lift 22ft;2;77.59;ACC0192;completed;N
H100069;14/05/2024;Norwich Depot;East;SF-TOW;Site Tower Light;-3;51.26;ACC0026;cancelled;Y
H100070;20/08/2023;Glasgow Depot;Scotland;WP-02;Water Pump 2in;2;22.19;ACC0066;completed;Y
H100071;18/12/2023;Glasgow Depot;Scotland;PB-15;Powered Barrow;2;40.31;ACC0248;completed;N
H100072;13/09/2023;Norwich Depot;East;DM-09;Diesel Dumper 9T;14;141.12;ACC0113;completed;Y
H100073;11/06/2024;Leeds Depot;North;DM-09;Diesel Dumper 9T;1;141.94;ACC0047;completed;Y
H100074;24/10/2023;Cardiff Depot;Wales;HD-BRK;Hydraulic Breaker;2;62.34;ACC0108;completed;N
H100075;10/01/2024;Glasgow Depot;Scotland;CM-350;Concrete Mixer 350L;1;36.16;ACC0111;completed;Y
H100076;30/06/2024;Glasgow Depot;Scotland;TL-01;Telehandler 4m;7;185.75;ACC0012;completed;Y
H100077;28/07/2024;Cardiff Depot;Wales;SF-TOW;Site Tower Light;1;49.91;ACC0240;open;N
H100078;06/09/2023;Bristol Depot;South West;SC-22;Scissor Lift 22ft;14;81.98;ACC0235;completed;N
H100079;07/08/2023;Bristol Depot;South West;SC-22;Scissor Lift 22ft;3;78.85;ACC0066;completed;Y
H100080;24/07/2023;Glasgow Depot;Scotland;DM-09;Diesel Dumper 9T;3;151.74;ACC0199;completed;N
H100081;02/10/2024;Cardiff Depot;Wales;GEN-60;60kVA Generator;1;91.93;ACC0125;completed;Y
H100082;26/05/2024;Glasgow Depot;Scotland;WP-02;Water Pump 2in;1;21.52;ACC0216;completed;Y
H100083;14/04/2024;Bristol Depot;South West;SC-22;Scissor Lift 22ft;5;74.71;ACC0186;completed;Y
H100084;29/08/2024;Cardiff Depot;Wales;DM-09;Diesel Dumper 9T;28;138.54;ACC0100;completed;Y
H100085;28/01/2024;Norwich Depot;East;DM-09;Diesel Dumper 9T;2;154.52;ACC0115;completed;N
H100086;30/11/2024;Cardiff Depot;Wales;SC-22;Scissor Lift 22ft;1;77.44;;completed;Y
H100087;06/10/2023;Glasgow Depot;Scotland;TL-01;Telehandler 4m;5;178.54;ACC0085;completed;Y
H100088;22/07/2024;Cardiff Depot;Wales;EX-140;13T Excavator;7;285.34;ACC0227;completed;Y
H100089;25/03/2024;Bristol Depot;South West;TL-01;Telehandler 4m;3;197.67;ACC0195;completed;Y
H100090;16/06/2024;Cardiff Depot;Wales;DM-09;Diesel Dumper 9T;1;141.85;ACC0229;completed;Y
H100091;02/05/2023;Leeds Depot;North;WP-02;Water Pump 2in;7;22.37;ACC0021;completed;Y
H100092;03/06/2023;Bristol Depot;South West;SC-22;Scissor Lift 22ft;14;84.2;ACC0140;completed;N
H100093;19/02/2024;Glasgow Depot;Scotland;SF-TOW;Site Tower Light;1;49.79;ACC0034;completed;Y
H100094;20/07/2024;Cardiff Depot;Wales;SF-TOW;Site Tower Light;5;51.97;ACC0253;completed;N
H100095;05/02/2024;Leeds Depot;North;PB-15;Powered Barrow;3;42.86;ACC0164;completed;Y
H100096;06/09/2024;Leeds Depot;North;SC-22;Scissor Lift 22ft;1;79.16;;completed;Y
H100097;10/06/2024;Bristol Depot;South West;HD-BRK;Hydraulic Breaker;1;63.98;;completed;Y
H100098;01/07/2024;Leeds Depot;North;SC-22;Scissor Lift 22ft;2;82.86;ACC0121;completed;Y
H100099;03/08/2023;Glasgow Depot;Scotland;PB-15;Powered Barrow;1;39.43;ACC0191;completed;Y
H100100;08/10/2023;Leeds Depot;North;SC-22;Scissor Lift 22ft;1;77.19;ACC0097;completed;Y
H100101;01/09/2024;Bristol Depot;South West;CM-350;Concrete Mixer 350L;3;36.08;ACC0053;completed;Y
H100102;03/07/2024;Bristol Depot;South West;SF-TOW;Site Tower Light;7;55.94;ACC0026;completed;Y
H100103;16/06/2023;Leeds Depot;North;TL-01;Telehandler 4m;2;190.89;ACC0004;completed;Y
H100104;09/11/2023;Glasgow Depot;Scotland;EX-140;13T Excavator;1;321.52;ACC0131;completed;Y
H100105;12/04/2023;Cardiff Depot;Wales;PB-15;Powered Barrow;3;37.93;ACC0160;completed;Y
H100106;08/08/2024;Bristol Depot;South West;DM-09;Diesel Dumper 9T;5;135.51;ACC0080;completed;N
H100107;03/01/2024;Glasgow Depot;Scotland;TL-01;Telehandler 4m;3;190.0;ACC0027;completed;Y
H100108;31/05/2024;Glasgow Depot;Scotland;EX-140;13T Excavator;3;285.49;ACC0208;completed;Y
H100109;07/06/2024;Bristol Depot;South West;DM-09;Diesel Dumper 9T;2;136.42;ACC0236;completed;N
H100110;24/08/2023;Cardiff Depot;Wales;WP-02;Water Pump 2in;1;21.32;ACC0190;completed;Y
H100111;13/09/2023;Bristol Depot;South West;CM-350;Concrete Mixer 350L;1;35.83;ACC0102;completed;N
H100112;07/08/2024;Norwich Depot;East;GEN-60;60kVA Generator;14;101.48;ACC0083;completed;Y
H100113;20/12/2024;Cardiff Depot;Wales;HD-BRK;Hydraulic Breaker;-1;60.48;ACC0205;cancelled;Y
H100114;01/09/2023;Leeds Depot;North;SC-22;Scissor Lift 22ft;1;76.29;ACC0020;completed;Y
H100115;10/07/2024;Glasgow Depot;Scotland;CM-350;Concrete Mixer 350L;3;34.86;ACC0128;completed;Y
H100116;22/06/2024;Bristol Depot;South West;SC-22;Scissor Lift 22ft;3;79.99;ACC0121;completed;Y
H100117;01/10/2023;Cardiff Depot;Wales;PB-15;Powered Barrow;1;42.98;ACC0221;completed;Y
H100118;12/05/2023;Leeds Depot;North;EX-140;13T Excavator;1;310.19;ACC0041;completed;Y
H100119;18/08/2023;Bristol Depot;South West;EX-140;13T Excavator;28;333.89;ACC0057;completed;Y
H100120;17/09/2023;Leeds Depot;North;WP-02;Water Pump 2in;1;23.93;ACC0130;completed;Y
H100121;11/07/2024;Norwich Depot;East;SC-22;Scissor Lift 22ft;28;75.2;ACC0135;completed;Y
H100122;21/10/2023;Leeds Depot;North;SC-22;Scissor Lift 22ft;-3;74.34;ACC0168;cancelled;Y
H100123;27/07/2023;Bristol Depot;South West;PB-15;Powered Barrow;3;41.53;ACC0232;completed;Y
H100124;17/07/2023;Norwich Depot;East;SC-22;Scissor Lift 22ft;3;84.66;ACC0191;completed;Y
H100125;03/04/2024;Bristol Depot;South West;GEN-60;60kVA Generator;2;96.25;ACC0025;completed;Y
H100126;20/11/2024;Glasgow Depot;Scotland;SF-TOW;Site Tower Light;5;52.97;ACC0114;completed;Y
H100127;06/09/2024;Bristol Depot;South West;GEN-60;60kVA Generator;1;88.36;ACC0024;completed;Y
H100128;18/07/2023;Norwich Depot;East;CM-350;Concrete Mixer 350L;1;34.67;ACC0069;completed;Y
H100129;16/08/2023;Leeds Depot;North;EX-140;13T Excavator;5;328.42;ACC0033;completed;Y
H100130;16/05/2024;Bristol Depot;South West;PB-15;Powered Barrow;1;41.51;ACC0180;completed;Y
H100131;12/09/2024;Leeds Depot;North;WP-02;Water Pump 2in;1;20.79;;completed;Y
H100132;11/09/2023;Bristol Depot;South West;DM-09;Diesel Dumper 9T;1;138.03;ACC0101;completed;Y
H100133;01/09/2024;Cardiff Depot;Wales;WP-02;Water Pump 2in;7;22.95;ACC0159;completed;Y
H100134;02/08/2024;Bristol Depot;South West;WP-02;Water Pump 2in;2;23.06;ACC0239;completed;N
H100135;17/07/2023;Bristol Depot;South West;SC-22;Scissor Lift 22ft;1;75.56;ACC0135;completed;Y
H100136;20/06/2024;Norwich Depot;East;WP-02;Water Pump 2in;28;22.53;ACC0112;completed;N
H100137;28/11/2023;Leeds Depot;North;HD-BRK;Hydraulic Breaker;14;62.86;ACC0168;completed;Y
H100138;23/04/2024;Norwich Depot;East;SF-TOW;Site Tower Light;2;51.48;ACC0004;completed;Y
H100139;05/11/2024;Leeds Depot;North;HD-BRK;Hydraulic Breaker;2;59.16;ACC0088;completed;N
H100140;13/09/2023;Leeds Depot;North;GEN-60;60kVA Generator;5;98.2;;completed;N
H100141;09/06/2023;Bristol Depot;South West;WP-02;Water Pump 2in;7;23.65;ACC0103;completed;Y
H100142;07/06/2023;Cardiff Depot;Wales;HD-BRK;Hydraulic Breaker;1;68.6;ACC0058;completed;Y
H100143;29/06/2023;Glasgow Depot;Scotland;HD-BRK;Hydraulic Breaker;2;62.33;ACC0105;completed;Y
H100144;25/03/2024;Glasgow Depot;Scotland;SC-22;Scissor Lift 22ft;1;79.78;ACC0165;completed;Y
H100145;20/01/2024;Bristol Depot;South West;WP-02;Water Pump 2in;5;21.05;;completed;Y
H100146;20/05/2023;Leeds Depot;North;CM-350;Concrete Mixer 350L;5;31.29;ACC0148;completed;Y
H100147;26/05/2023;Cardiff Depot;Wales;EX-140;13T Excavator;1;314.59;ACC0095;open;Y
H100148;09/09/2024;Leeds Depot;North;SC-22;Scissor Lift 22ft;1;73.6;ACC0119;completed;Y
H100149;22/06/2023;Norwich Depot;East;CM-350;Concrete Mixer 350L;5;36.33;ACC0183;completed;Y
H100150;28/06/2023;Bristol Depot;South West;TL-01;Telehandler 4m;-2;188.04;ACC0220;cancelled;Y
H100151;26/11/2023;Leeds Depot;North;SF-TOW;Site Tower Light;3;50.56;ACC0018;completed;N
H100152;05/07/2024;Glasgow Depot;Scotland;WP-02;Water Pump 2in;1;21.15;ACC0132;completed;Y
H100153;30/11/2023;Glasgow Depot;Scotland;CM-350;Concrete Mixer 350L;2;36.58;ACC0080;completed;Y
H100154;08/12/2024;Leeds Depot;North;CM-350;Concrete Mixer 350L;1;35.24;ACC0133;open;N
H100155;14/07/2023;Leeds Depot;North;SC-22;Scissor Lift 22ft;28;74.68;ACC0153;completed;Y
H100156;19/07/2023;Cardiff Depot;Wales;GEN-60;60kVA Generator;2;95.03;;completed;Y
H100157;29/01/2024;Leeds Depot;North;CM-350;Concrete Mixer 350L;1;36.22;ACC0003;completed;Y
H100158;08/11/2024;Cardiff Depot;Wales;WP-02;Water Pump 2in;7;23.01;ACC0118;completed;Y
H100159;15/02/2024;Bristol Depot;South West;SC-22;Scissor Lift 22ft;14;80.13;ACC0205;completed;Y
H100160;07/06/2024;Bristol Depot;South West;CM-350;Concrete Mixer 350L;-3;33.06;ACC0094;cancelled;N
H100161;14/08/2024;Bristol Depot;South West;SF-TOW;Site Tower Light;1;55.76;ACC0083;completed;Y
H100162;22/03/2024;Norwich Depot;East;DM-09;Diesel Dumper 9T;2;148.23;ACC0244;completed;Y
H100163;16/09/2024;Cardiff Depot;Wales;GEN-60;60kVA Generator;1;102.65;ACC0201;completed;Y
H100164;19/12/2024;Bristol Depot;South West;GEN-60;60kVA Generator;1;94.75;ACC0032;completed;Y
H100165;26/03/2024;Bristol Depot;South West;WP-02;Water Pump 2in;1;24.16;ACC0113;open;Y
H100166;16/09/2023;Bristol Depot;South West;DM-09;Diesel Dumper 9T;7;150.12;ACC0241;completed;Y
H100167;28/08/2023;Cardiff Depot;Wales;GEN-60;60kVA Generator;2;95.53;ACC0065;completed;Y
H100168;22/11/2023;Cardiff Depot;Wales;GEN-60;60kVA Generator;5;100.69;ACC0096;completed;Y
H100169;01/04/2024;Glasgow Depot;Scotland;SC-22;Scissor Lift 22ft;2;76.77;ACC0044;completed;Y
H100170;29/04/2024;Norwich Depot;East;DM-09;Diesel Dumper 9T;14;141.41;ACC0072;completed;Y
H100171;12/04/2023;Bristol Depot;South West;SC-22;Scissor Lift 22ft;3;82.95;ACC0052;completed;Y
H100172;06/07/2024;Leeds Depot;North;GEN-60;60kVA Generator;1;98.89;ACC0086;completed;Y
H100173;02/07/2023;Norwich Depot;East;WP-02;Water Pump 2in;5;21.47;ACC0102;completed;N
H100174;23/06/2024;Bristol Depot;South West;WP-02;Water Pump 2in;3;22.4;ACC0120;completed;Y
H100175;08/08/2024;Leeds Depot;North;CM-350;Concrete Mixer 350L;5;35.97;ACC0085;completed;N
H100176;23/02/2024;Norwich Depot;East;CM-350;Concrete Mixer 350L;2;33.56;ACC0239;completed;Y
H100177;17/06/2023;Glasgow Depot;Scotland;SC-22;Scissor Lift 22ft;3;80.79;;completed;Y
H100178;04/03/2024;Bristol Depot;South West;PB-15;Powered Barrow;2;42.43;ACC0074;completed;Y
H100179;12/03/2024;Glasgow Depot;Scotland;DM-09;Diesel Dumper 9T;2;141.33;ACC0108;completed;Y
H100180;24/05/2023;Glasgow Depot;Scotland;HD-BRK;Hydraulic Breaker;2;61.66;ACC0171;completed;Y
H100181;26/10/2023;Bristol Depot;South West;WP-02;Water Pump 2in;2;24.2;ACC0154;completed;N
H100182;12/05/2023;Norwich Depot;East;TL-01;Telehandler 4m;7;176.22;ACC0026;completed;N
H100183;30/07/2024;Bristol Depot;South West;WP-02;Water Pump 2in;5;22.96;ACC0193;completed;Y
H100184;01/12/2024;Bristol Depot;South West;HD-BRK;Hydraulic Breaker;1;60.66;ACC0235;completed;Y
H100185;08/05/2023;Bristol Depot;South West;TL-01;Telehandler 4m;14;177.13;ACC0189;completed;Y
H100186;21/12/2023;Leeds Depot;North;HD-BRK;Hydraulic Breaker;2;64.8;ACC0221;completed;Y
H100187;22/08/2024;Bristol Depot;South West;CM-350;Concrete Mixer 350L;7;36.28;ACC0216;completed;Y
H100188;15/04/2023;Norwich Depot;East;WP-02;Water Pump 2in;3;22.18;ACC0080;completed;N
H100189;27/07/2024;Leeds Depot;North;SC-22;Scissor Lift 22ft;3;73.75;ACC0005;completed;Y
H100190;30/06/2023;Bristol Depot;South West;SC-22;Scissor Lift 22ft;1;75.26;;completed;Y
H100191;09/10/2023;Glasgow Depot;Scotland;SF-TOW;Site Tower Light;5;48.54;ACC0075;completed;Y
H100192;23/08/2024;Glasgow Depot;Scotland;CM-350;Concrete Mixer 350L;14;31.61;;completed;Y
H100193;24/12/2024;Glasgow Depot;Scotland;DM-09;Diesel Dumper 9T;2;140.74;ACC0250;completed;Y
H100194;23/06/2024;Leeds Depot;North;CM-350;Concrete Mixer 350L;1;32.17;ACC0186;open;Y
H100195;01/08/2024;Cardiff Depot;Wales;TL-01;Telehandler 4m;14;174.78;ACC0171;completed;Y
H100196;05/12/2024;Norwich Depot;East;GEN-60;60kVA Generator;5;101.11;;completed;Y
H100197;09/12/2023;Cardiff Depot;Wales;TL-01;Telehandler 4m;3;173.01;ACC0232;completed;Y
H100198;06/06/2024;Bristol Depot;South West;SC-22;Scissor Lift 22ft;1;82.91;ACC0076;completed;Y
H100199;24/08/2024;Bristol Depot;South West;GEN-60;60kVA Generator;3;99.84;ACC0196;completed;Y
H100200;26/11/2023;Bristol Depot;South West;GEN-60;60kVA Generator;-3;97.33;ACC0106;cancelled;N
H100201;29/04/2024;Bristol Depot;South West;CM-350;Concrete Mixer 350L;3;34.43;ACC0033;completed;Y
H100202;16/09/2024;Norwich Depot;East;GEN-60;60kVA Generator;3;100.7;ACC0099;completed;Y
H100203;12/11/2024;Cardiff Depot;Wales;CM-350;Concrete Mixer 350L;5;36.7;ACC0127;completed;Y
H100204;18/07/2023;Cardiff Depot;Wales;TL-01;Telehandler 4m;5;188.59;ACC0016;completed;N
H100205;05/05/2023;Norwich Depot;East;SC-22;Scissor Lift 22ft;-2;75.73;ACC0134;cancelled;N
H100206;01/07/2024;Norwich Depot;East;PB-15;Powered Barrow;28;44.24;ACC0020;completed;Y
H100207;29/04/2023;Norwich Depot;East;EX-140;13T Excavator;-2;330.33;ACC0250;cancelled;N
H100208;03/12/2024;Bristol Depot;South West;WP-02;Water Pump 2in;5;21.54;;completed;N
H100209;31/08/2024;Cardiff Depot;Wales;TL-01;Telehandler 4m;7;179.63;ACC0121;open;N
H100210;19/12/2023;Bristol Depot;South West;SF-TOW;Site Tower Light;14;52.11;ACC0025;completed;Y
H100211;08/08/2024;Leeds Depot;North;DM-09;Diesel Dumper 9T;2;150.76;;completed;Y
H100212;25/06/2024;Bristol Depot;South West;PB-15;Powered Barrow;2;40.88;ACC0200;completed;N
H100213;01/12/2023;Bristol Depot;South West;PB-15;Powered Barrow;2;43.18;ACC0019;completed;N
H100214;24/12/2024;Leeds Depot;North;HD-BRK;Hydraulic Breaker;5;65.31;ACC0198;completed;Y
H100215;13/03/2024;Leeds Depot;North;GEN-60;60kVA Generator;2;99.63;ACC0074;completed;Y
H100216;06/07/2024;Leeds Depot;North;CM-350;Concrete Mixer 350L;2;32.13;ACC0215;completed;Y
H100217;29/01/2024;Leeds Depot;North;GEN-60;60kVA Generator;1;95.73;;completed;N
H100218;07/09/2024;Leeds Depot;North;DM-09;Diesel Dumper 9T;3;138.08;ACC0062;completed;Y
H100219;24/12/2023;Leeds Depot;North;SF-TOW;Site Tower Light;1;53.88;ACC0084;completed;Y
H100220;17/04/2023;Norwich Depot;East;CM-350;Concrete Mixer 350L;2;36.41;ACC0001;completed;Y
H100221;03/04/2024;Cardiff Depot;Wales;TL-01;Telehandler 4m;1;188.65;ACC0071;completed;Y
H100222;27/09/2023;Bristol Depot;South West;SC-22;Scissor Lift 22ft;7;74.42;ACC0254;completed;N
H100223;14/10/2023;Leeds Depot;North;WP-02;Water Pump 2in;1;24.0;ACC0209;completed;Y
H100224;21/03/2024;Cardiff Depot;Wales;GEN-60;60kVA Generator;1;98.54;ACC0245;completed;Y
H100225;28/10/2024;Glasgow Depot;Scotland;HD-BRK;Hydraulic Breaker;1;68.42;ACC0003;completed;Y
H100226;13/06/2023;Leeds Depot;North;DM-09;Diesel Dumper 9T;7;153.54;ACC0165;completed;Y
H100227;02/06/2023;Bristol Depot;South West;GEN-60;60kVA Generator;14;96.57;ACC0014;completed;N
H100228;30/06/2023;Leeds Depot;North;SC-22;Scissor Lift 22ft;1;83.85;ACC0016;completed;Y
H100229;24/12/2023;Norwich Depot;East;EX-140;13T Excavator;3;290.3;ACC0123;completed;Y
H100230;01/10/2023;Bristol Depot;South West;EX-140;13T Excavator;2;291.23;ACC0144;completed;Y
H100231;06/10/2024;Leeds Depot;North;WP-02;Water Pump 2in;1;23.67;ACC0204;completed;Y
H100232;03/05/2024;Norwich Depot;East;WP-02;Water Pump 2in;7;20.89;ACC0203;open;Y
H100233;15/05/2024;Glasgow Depot;Scotland;SC-22;Scissor Lift 22ft;5;82.87;ACC0165;completed;N
H100234;11/09/2024;Glasgow Depot;Scotland;SC-22;Scissor Lift 22ft;1;78.89;ACC0006;completed;N
H100235;17/06/2024;Bristol Depot;South West;SC-22;Scissor Lift 22ft;1;83.99;ACC0204;completed;Y
H100236;12/05/2023;Norwich Depot;East;EX-140;13T Excavator;1;325.19;ACC0140;completed;N
H100237;12/07/2023;Norwich Depot;East;SC-22;Scissor Lift 22ft;1;76.06;ACC0021;completed;Y
H100238;02/08/2023;Norwich Depot;East;DM-09;Diesel Dumper 9T;14;155.02;;completed;Y
H100239;05/09/2024;Glasgow Depot;Scotland;DM-09;Diesel Dumper 9T;14;135.44;ACC0141;completed;Y
H100240;09/07/2024;Norwich Depot;East;WP-02;Water Pump 2in;1;22.67;ACC0188;completed;Y
H100241;24/07/2024;Bristol Depot;South West;PB-15;Powered Barrow;1;40.32;ACC0197;open;Y
H100242;14/09/2023;Leeds Depot;North;HD-BRK;Hydraulic Breaker;2;68.99;ACC0139;completed;Y
H100243;23/04/2023;Bristol Depot;South West;SC-22;Scissor Lift 22ft;3;82.7;ACC0032;completed;Y
H100244;21/07/2023;Leeds Depot;North;CM-350;Concrete Mixer 350L;2;34.63;ACC0072;completed;Y
H100245;12/09/2024;Cardiff Depot;Wales;DM-09;Diesel Dumper 9T;1;135.8;ACC0066;completed;Y
H100246;15/10/2024;Cardiff Depot;Wales;WP-02;Water Pump 2in;2;23.52;ACC0077;completed;Y
H100247;12/12/2024;Cardiff Depot;Wales;DM-09;Diesel Dumper 9T;5;142.46;ACC0181;completed;Y
H100248;28/04/2024;Bristol Depot;South West;WP-02;Water Pump 2in;5;21.78;ACC0256;completed;Y
H100249;27/08/2023;Cardiff Depot;Wales;TL-01;Telehandler 4m;-3;182.7;;cancelled;Y
H100250;05/12/2023;Leeds Depot;North;SF-TOW;Site Tower Light;28;49.97;ACC0006;completed;Y
H100251;02/02/2024;Glasgow Depot;Scotland;SF-TOW;Site Tower Light;3;50.82;ACC0221;completed;Y
H100252;25/03/2024;Bristol Depot;South West;CM-350;Concrete Mixer 350L;3;34.0;ACC0051;completed;Y
H100253;08/11/2024;Leeds Depot;North;SC-22;Scissor Lift 22ft;28;83.51;ACC0226;completed;Y
H100254;24/09/2024;Bristol Depot;South West;PB-15;Powered Barrow;1;41.08;ACC0039;completed;N
H100255;27/01/2024;Norwich Depot;East;WP-02;Water Pump 2in;7;23.64;ACC0081;completed;Y
H100256;10/10/2023;Bristol Depot;South West;TL-01;Telehandler 4m;3;191.95;ACC0181;completed;Y
H100257;26/05/2024;Bristol Depot;South West;EX-140;13T Excavator;-2;304.92;ACC0003;cancelled;N
H100258;16/04/2023;Leeds Depot;North;WP-02;Water Pump 2in;1;23.92;ACC0137;completed;Y
H100259;26/08/2023;Cardiff Depot;Wales;CM-350;Concrete Mixer 350L;3;31.69;ACC0055;completed;Y
H100260;15/08/2024;Norwich Depot;East;PB-15;Powered Barrow;2;41.52;ACC0007;completed;N
H100261;30/11/2023;Leeds Depot;North;GEN-60;60kVA Generator;1;95.23;ACC0033;completed;Y
H100262;26/05/2023;Cardiff Depot;Wales;SC-22;Scissor Lift 22ft;3;75.21;ACC0226;completed;Y
H100263;11/09/2023;Leeds Depot;North;SF-TOW;Site Tower Light;2;52.85;ACC0234;completed;Y
H100264;20/08/2024;Bristol Depot;South West;SF-TOW;Site Tower Light;1;51.16;ACC0114;completed;Y
H100265;23/04/2023;Leeds Depot;North;PB-15;Powered Barrow;1;44.09;ACC0195;completed;Y
H100266;27/10/2024;Glasgow Depot;Scotland;GEN-60;60kVA Generator;3;103.08;ACC0207;completed;Y
H100267;25/03/2024;Cardiff Depot;Wales;CM-350;Concrete Mixer 350L;1;32.8;ACC0122;completed;N
H100268;07/09/2023;Leeds Depot;North;SC-22;Scissor Lift 22ft;1;78.09;ACC0066;completed;Y
H100269;02/12/2023;Glasgow Depot;Scotland;SC-22;Scissor Lift 22ft;1;78.2;ACC0107;completed;Y
H100270;07/07/2024;Glasgow Depot;Scotland;WP-02;Water Pump 2in;3;22.15;ACC0189;completed;Y
H100271;07/08/2023;Bristol Depot;South West;HD-BRK;Hydraulic Breaker;3;66.42;;completed;Y
H100272;30/04/2023;Norwich Depot;East;WP-02;Water Pump 2in;1;23.2;;completed;Y
H100273;24/11/2023;Bristol Depot;South West;GEN-60;60kVA Generator;1;91.28;ACC0257;completed;Y
H100274;30/06/2023;Leeds Depot;North;SC-22;Scissor Lift 22ft;7;83.64;ACC0183;completed;Y
H100275;14/08/2023;Leeds Depot;North;SF-TOW;Site Tower Light;-1;48.05;ACC0180;cancelled;Y
H100276;17/07/2024;Cardiff Depot;Wales;SC-22;Scissor Lift 22ft;2;75.62;ACC0094;completed;Y
H100277;11/11/2023;Bristol Depot;South West;WP-02;Water Pump 2in;2;21.79;ACC0221;completed;Y
H100278;11/05/2023;Leeds Depot;North;CM-350;Concrete Mixer 350L;3;32.67;ACC0255;completed;Y
H100279;10/11/2024;Bristol Depot;South West;GEN-60;60kVA Generator;-1;101.76;ACC0147;cancelled;Y
H100280;19/05/2023;Bristol Depot;South West;SF-TOW;Site Tower Light;1;48.56;ACC0177;completed;Y
H100281;08/05/2024;Norwich Depot;East;SF-TOW;Site Tower Light;7;55.74;ACC0047;completed;Y
H100282;14/03/2024;Cardiff Depot;Wales;WP-02;Water Pump 2in;2;22.54;ACC0106;completed;Y
H100283;09/08/2023;Leeds Depot;North;CM-350;Concrete Mixer 350L;1;32.17;ACC0134;completed;Y
H100284;28/11/2023;Leeds Depot;North;CM-350;Concrete Mixer 350L;28;32.38;ACC0178;completed;Y
H100285;18/08/2023;Cardiff Depot;Wales;WP-02;Water Pump 2in;3;23.19;ACC0124;completed;N
H100286;25/03/2024;Leeds Depot;North;WP-02;Water Pump 2in;7;23.64;ACC0124;completed;Y
H100287;21/09/2023;Leeds Depot;North;WP-02;Water Pump 2in;3;21.11;ACC0208;completed;Y
H100288;04/04/2024;Bristol Depot;South West;CM-350;Concrete Mixer 350L;1;32.96;ACC0101;completed;Y
H100289;13/09/2023;Cardiff Depot;Wales;GEN-60;60kVA Generator;3;95.52;ACC0037;completed;Y
H100290;10/08/2024;Glasgow Depot;Scotland;DM-09;Diesel Dumper 9T;28;155.6;ACC0056;completed;Y
H100291;08/10/2024;Glasgow Depot;Scotland;GEN-60;60kVA Generator;14;89.52;ACC0129;completed;Y
H100292;26/04/2023;Leeds Depot;North;PB-15;Powered Barrow;1;42.44;ACC0087;completed;Y
H100293;22/12/2024;Leeds Depot;North;GEN-60;60kVA Generator;3;96.79;ACC0118;completed;Y
H100294;16/12/2023;Bristol Depot;South West;SC-22;Scissor Lift 22ft;-1;84.09;ACC0207;cancelled;Y
H100295;24/08/2024;Glasgow Depot;Scotland;WP-02;Water Pump 2in;3;21.29;ACC0073;completed;Y
H100296;16/05/2024;Bristol Depot;South West;DM-09;Diesel Dumper 9T;7;133.47;ACC0112;completed;Y
H100297;05/09/2024;Glasgow Depot;Scotland;TL-01;Telehandler 4m;1;199.75;;completed;N
H100298;10/04/2023;Leeds Depot;North;WP-02;Water Pump 2in;14;23.59;ACC0152;completed;Y
H100299;02/11/2024;Bristol Depot;South West;SC-22;Scissor Lift 22ft;3;83.63;ACC0220;open;Y
H100300;15/05/2024;Norwich Depot;East;SF-TOW;Site Tower Light;1;50.31;ACC0170;completed;Y
H100301;12/04/2024;Leeds Depot;North;CM-350;Concrete Mixer 350L;1;32.49;ACC0015;completed;Y
H100302;27/06/2023;Norwich Depot;East;SC-22;Scissor Lift 22ft;2;75.24;ACC0214;completed;Y
H100303;24/12/2023;Leeds Depot;North;DM-09;Diesel Dumper 9T;28;152.83;ACC0058;completed;Y
H100304;10/10/2023;Glasgow Depot;Scotland;CM-350;Concrete Mixer 350L;5;34.4;ACC0235;completed;N
H100305;07/09/2024;Norwich Depot;East;SF-TOW;Site Tower Light;1;48.96;ACC0038;completed;Y
H100306;01/09/2024;Bristol Depot;South West;WP-02;Water Pump 2in;3;23.17;ACC0053;completed;Y
H100307;14/10/2023;Bristol Depot;South West;CM-350;Concrete Mixer 350L;1;31.54;ACC0030;completed;N
H100308;29/11/2024;Cardiff Depot;Wales;SF-TOW;Site Tower Light;-1;48.57;ACC0219;cancelled;Y
H100309;24/10/2023;Glasgow Depot;Scotland;CM-350;Concrete Mixer 350L;1;35.28;ACC0175;completed;N
H100310;18/12/2023;Glasgow Depot;Scotland;DM-09;Diesel Dumper 9T;2;134.41;ACC0183;completed;Y
H100311;12/07/2023;Glasgow Depot;Scotland;GEN-60;60kVA Generator;7;91.29;ACC0125;completed;Y
H100312;16/11/2024;Bristol Depot;South West;CM-350;Concrete Mixer 350L;2;32.1;;completed;Y
H100313;24/04/2024;Norwich Depot;East;HD-BRK;Hydraulic Breaker;-7;59.02;ACC0138;cancelled;Y
H100314;02/09/2023;Cardiff Depot;Wales;CM-350;Concrete Mixer 350L;7;34.66;ACC0019;completed;Y
H100315;05/12/2024;Cardiff Depot;Wales;TL-01;Telehandler 4m;28;199.22;ACC0230;completed;Y
H100316;17/06/2023;Norwich Depot;East;GEN-60;60kVA Generator;1;100.9;ACC0023;completed;Y
H100317;05/03/2024;Cardiff Depot;Wales;CM-350;Concrete Mixer 350L;14;33.1;ACC0172;completed;N
H100318;14/07/2024;Norwich Depot;East;HD-BRK;Hydraulic Breaker;1;61.68;ACC0074;completed;Y
H100319;25/12/2023;Norwich Depot;East;GEN-60;60kVA Generator;-3;102.18;ACC0018;cancelled;N
H100320;22/10/2023;Norwich Depot;East;PB-15;Powered Barrow;3;39.28;ACC0145;completed;Y
H100321;23/08/2023;Glasgow Depot;Scotland;WP-02;Water Pump 2in;28;22.99;ACC0186;completed;Y
H100322;15/10/2024;Glasgow Depot;Scotland;WP-02;Water Pump 2in;-1;23.52;ACC0166;cancelled;Y
H100323;06/12/2023;Glasgow Depot;Scotland;PB-15;Powered Barrow;1;40.32;ACC0233;completed;Y
H100324;20/09/2023;Leeds Depot;North;WP-02;Water Pump 2in;2;21.38;ACC0175;completed;Y
H100325;19/11/2024;Norwich Depot;East;SC-22;Scissor Lift 22ft;2;83.8;ACC0220;completed;Y
H100326;21/02/2024;Glasgow Depot;Scotland;SF-TOW;Site Tower Light;14;49.81;ACC0085;completed;N
H100327;19/05/2023;Leeds Depot;North;TL-01;Telehandler 4m;14;178.88;ACC0257;completed;Y
H100328;11/08/2023;Bristol Depot;South West;WP-02;Water Pump 2in;1;20.72;ACC0175;completed;Y
H100329;16/04/2023;Bristol Depot;South West;WP-02;Water Pump 2in;1;22.16;ACC0014;completed;Y
H100330;11/03/2024;Cardiff Depot;Wales;SC-22;Scissor Lift 22ft;5;81.97;;completed;Y
H100331;14/05/2024;Cardiff Depot;Wales;SC-22;Scissor Lift 22ft;7;80.44;;completed;Y
H100332;30/05/2024;Glasgow Depot;Scotland;WP-02;Water Pump 2in;1;22.61;;completed;Y
H100333;01/04/2024;Cardiff Depot;Wales;PB-15;Powered Barrow;2;41.67;ACC0079;completed;Y
H100334;24/12/2024;Cardiff Depot;Wales;SC-22;Scissor Lift 22ft;5;79.12;ACC0159;completed;Y
H100335;24/10/2024;Norwich Depot;East;GEN-60;60kVA Generator;3;95.63;ACC0130;completed;Y
H100336;06/04/2024;Leeds Depot;North;SC-22;Scissor Lift 22ft;2;73.76;ACC0015;completed;Y
H100337;27/10/2023;Leeds Depot;North;CM-350;Concrete Mixer 350L;-1;36.02;ACC0077;cancelled;Y
H100338;13/09/2023;Glasgow Depot;Scotland;CM-350;Concrete Mixer 350L;5;36.24;ACC0256;completed;Y
H100339;03/05/2024;Glasgow Depot;Scotland;CM-350;Concrete Mixer 350L;5;31.36;;completed;Y
H100340;16/05/2024;Glasgow Depot;Scotland;WP-02;Water Pump 2in;-1;22.05;ACC0210;cancelled;Y
H100341;16/11/2023;Bristol Depot;South West;EX-140;13T Excavator;1;301.37;ACC0119;completed;Y
H100342;11/01/2024;Cardiff Depot;Wales;GEN-60;60kVA Generator;1;102.66;ACC0081;completed;Y
H100343;18/08/2023;Glasgow Depot;Scotland;PB-15;Powered Barrow;1;39.36;;completed;Y
H100344;15/12/2024;Cardiff Depot;Wales;WP-02;Water Pump 2in;1;23.76;;completed;Y
H100345;18/05/2023;Cardiff Depot;Wales;PB-15;Powered Barrow;1;43.0;ACC0153;completed;N
H100346;10/04/2023;Glasgow Depot;Scotland;DM-09;Diesel Dumper 9T;1;144.18;ACC0050;completed;Y
H100347;29/05/2024;Cardiff Depot;Wales;GEN-60;60kVA Generator;7;91.41;ACC0017;completed;Y
H100348;16/04/2023;Norwich Depot;East;EX-140;13T Excavator;3;287.6;ACC0054;completed;Y
H100349;06/06/2023;Bristol Depot;South West;HD-BRK;Hydraulic Breaker;14;61.17;ACC0220;completed;Y
H100350;10/10/2024;Bristol Depot;South West;CM-350;Concrete Mixer 350L;3;32.45;ACC0040;completed;Y
H100351;16/11/2023;Glasgow Depot;Scotland;WP-02;Water Pump 2in;5;24.18;;completed;Y
H100352;20/05/2023;Norwich Depot;East;TL-01;Telehandler 4m;14;192.61;ACC0167;completed;Y
H100353;13/10/2024;Cardiff Depot;Wales;GEN-60;60kVA Generator;28;93.21;ACC0138;completed;Y
H100354;02/09/2023;Cardiff Depot;Wales;TL-01;Telehandler 4m;7;188.03;ACC0003;completed;Y
H100355;16/12/2024;Leeds Depot;North;WP-02;Water Pump 2in;7;23.52;ACC0045;completed;Y
H100356;21/05/2023;Norwich Depot;East;TL-01;Telehandler 4m;2;190.34;ACC0162;completed;Y
H100357;25/07/2024;Norwich Depot;East;CM-350;Concrete Mixer 350L;3;31.63;ACC0194;completed;Y
H100358;29/12/2023;Glasgow Depot;Scotland;WP-02;Water Pump 2in;-1;23.46;ACC0115;cancelled;Y
H100359;28/07/2024;Glasgow Depot;Scotland;HD-BRK;Hydraulic Breaker;3;59.55;ACC0114;open;Y
H100360;07/04/2024;Norwich Depot;East;CM-350;Concrete Mixer 350L;1;34.88;ACC0089;completed;N
H100361;15/05/2023;Glasgow Depot;Scotland;GEN-60;60kVA Generator;7;99.11;ACC0063;completed;Y
H100362;08/04/2024;Norwich Depot;East;GEN-60;60kVA Generator;3;92.78;ACC0046;completed;Y
H100363;24/07/2023;Cardiff Depot;Wales;CM-350;Concrete Mixer 350L;5;31.99;ACC0077;completed;Y
H100364;30/11/2023;Norwich Depot;East;WP-02;Water Pump 2in;2;20.7;ACC0010;completed;Y
H100365;25/11/2024;Norwich Depot;East;SC-22;Scissor Lift 22ft;1;77.72;ACC0124;completed;Y
H100366;18/08/2024;Leeds Depot;North;HD-BRK;Hydraulic Breaker;1;62.69;ACC0149;completed;N
H100367;27/06/2024;Bristol Depot;South West;TL-01;Telehandler 4m;5;191.23;ACC0209;completed;Y
H100368;01/12/2023;Norwich Depot;East;TL-01;Telehandler 4m;1;179.07;ACC0191;completed;Y
H100369;21/06/2023;Cardiff Depot;Wales;PB-15;Powered Barrow;2;41.42;ACC0014;completed;Y
H100370;20/06/2024;Cardiff Depot;Wales;TL-01;Telehandler 4m;1;177.03;;completed;Y
H100371;10/04/2023;Leeds Depot;North;WP-02;Water Pump 2in;2;22.69;;completed;Y
H100372;14/07/2024;Leeds Depot;North;DM-09;Diesel Dumper 9T;7;135.45;ACC0008;completed;Y
H100373;29/10/2024;Leeds Depot;North;CM-350;Concrete Mixer 350L;5;35.35;ACC0029;completed;Y
H100374;22/08/2023;Bristol Depot;South West;SF-TOW;Site Tower Light;7;56.01;ACC0172;completed;Y
H100375;03/10/2024;Glasgow Depot;Scotland;GEN-60;60kVA Generator;1;96.17;ACC0153;completed;Y
H100376;23/05/2023;Leeds Depot;North;GEN-60;60kVA Generator;7;90.34;ACC0132;completed;Y
H100377;17/04/2024;Cardiff Depot;Wales;SF-TOW;Site Tower Light;5;55.49;ACC0175;completed;Y
H100378;23/05/2023;Bristol Depot;South West;WP-02;Water Pump 2in;3;21.49;ACC0166;completed;Y
H100379;23/10/2023;Norwich Depot;East;WP-02;Water Pump 2in;3;21.43;ACC0228;completed;Y
H100380;06/08/2023;Bristol Depot;South West;EX-140;13T Excavator;-7;313.03;ACC0008;cancelled;Y
H100381;23/08/2024;Glasgow Depot;Scotland;SC-22;Scissor Lift 22ft;7;83.75;ACC0082;completed;Y
H100382;13/07/2023;Leeds Depot;North;CM-350;Concrete Mixer 350L;5;35.81;ACC0213;completed;Y
H100383;27/06/2024;Leeds Depot;North;WP-02;Water Pump 2in;7;23.71;ACC0069;completed;Y
H100384;25/11/2023;Glasgow Depot;Scotland;HD-BRK;Hydraulic Breaker;-5;62.2;ACC0159;cancelled;Y
H100385;03/09/2023;Leeds Depot;North;SF-TOW;Site Tower Light;2;53.17;;completed;Y
H100386;10/10/2024;Leeds Depot;North;WP-02;Water Pump 2in;2;22.14;ACC0221;completed;N
H100387;26/03/2024;Leeds Depot;North;DM-09;Diesel Dumper 9T;28;141.47;ACC0038;completed;Y
H100388;21/08/2024;Bristol Depot;South West;HD-BRK;Hydraulic Breaker;1;64.42;ACC0156;completed;N
H100389;22/08/2023;Leeds Depot;North;CM-350;Concrete Mixer 350L;3;33.15;ACC0052;open;Y
H100390;02/02/2024;Glasgow Depot;Scotland;EX-140;13T Excavator;2;294.07;ACC0169;completed;Y
H100391;31/01/2024;Norwich Depot;East;PB-15;Powered Barrow;2;41.63;ACC0058;completed;Y
H100392;05/05/2023;Norwich Depot;East;EX-140;13T Excavator;1;326.72;ACC0068;completed;N
H100393;15/09/2023;Bristol Depot;South West;GEN-60;60kVA Generator;2;92.33;ACC0246;completed;N
H100394;01/12/2023;Cardiff Depot;Wales;DM-09;Diesel Dumper 9T;1;137.21;ACC0167;completed;Y
H100395;31/08/2024;Leeds Depot;North;SC-22;Scissor Lift 22ft;-1;81.35;ACC0066;cancelled;Y
H100396;02/12/2023;Bristol Depot;South West;HD-BRK;Hydraulic Breaker;1;66.06;;completed;Y
H100397;21/11/2023;Leeds Depot;North;DM-09;Diesel Dumper 9T;1;147.88;ACC0016;completed;N
H100398;04/11/2024;Bristol Depot;South West;HD-BRK;Hydraulic Breaker;3;66.91;ACC0125;completed;Y
H100399;03/06/2023;Bristol Depot;South West;PB-15;Powered Barrow;3;42.79;ACC0022;completed;N
H100400;05/02/2024;Cardiff Depot;Wales;GEN-60;60kVA Generator;-3;94.65;ACC0163;cancelled;Y
H100401;30/06/2023;Leeds Depot;North;PB-15;Powered Barrow;5;42.77;ACC0078;completed;Y
H100402;11/11/2023;Bristol Depot;South West;WP-02;Water Pump 2in;28;22.59;ACC0246;completed;Y
H100403;10/06/2023;Bristol Depot;South West;PB-15;Powered Barrow;1;38.33;ACC0188;completed;Y
H100404;23/03/2024;Cardiff Depot;Wales;WP-02;Water Pump 2in;3;23.2;ACC0070;completed;Y
H100405;25/05/2023;Norwich Depot;East;PB-15;Powered Barrow;1;41.61;ACC0154;completed;Y
H100406;28/07/2023;Glasgow Depot;Scotland;DM-09;Diesel Dumper 9T;5;144.02;ACC0123;completed;Y
H100407;17/08/2024;Bristol Depot;South West;CM-350;Concrete Mixer 350L;2;33.49;ACC0176;completed;N
H100408;13/03/2024;Cardiff Depot;Wales;WP-02;Water Pump 2in;5;20.76;;completed;N
H100409;30/07/2024;Norwich Depot;East;TL-01;Telehandler 4m;1;184.81;ACC0110;completed;Y
H100410;04/05/2023;Bristol Depot;South West;GEN-60;60kVA Generator;28;96.59;ACC0227;completed;Y
H100411;08/11/2023;Bristol Depot;South West;WP-02;Water Pump 2in;2;24.15;ACC0200;completed;Y
H100412;16/11/2023;Norwich Depot;East;GEN-60;60kVA Generator;7;103.0;ACC0158;completed;Y
H100413;12/12/2024;Leeds Depot;North;SC-22;Scissor Lift 22ft;2;73.52;;completed;Y
H100414;30/10/2024;Glasgow Depot;Scotland;PB-15;Powered Barrow;5;42.66;ACC0193;completed;Y
H100415;31/05/2024;Norwich Depot;East;DM-09;Diesel Dumper 9T;2;148.74;ACC0152;completed;Y
H100416;19/04/2024;Bristol Depot;South West;SF-TOW;Site Tower Light;14;47.99;ACC0187;completed;Y
H100417;31/07/2023;Cardiff Depot;Wales;CM-350;Concrete Mixer 350L;2;35.36;ACC0078;completed;N
H100418;28/02/2024;Bristol Depot;South West;CM-350;Concrete Mixer 350L;14;36.27;ACC0074;completed;Y
H100419;06/05/2024;Norwich Depot;East;SC-22;Scissor Lift 22ft;3;79.06;ACC0124;completed;Y
H100420;22/05/2024;Cardiff Depot;Wales;WP-02;Water Pump 2in;2;21.7;ACC0185;completed;N
H100421;09/11/2024;Bristol Depot;South West;CM-350;Concrete Mixer 350L;5;35.67;ACC0072;completed;N
H100422;10/02/2024;Leeds Depot;North;PB-15;Powered Barrow;5;42.82;ACC0153;open;Y
H100423;09/10/2023;Cardiff Depot;Wales;GEN-60;60kVA Generator;1;98.79;ACC0225;completed;Y
H100424;22/02/2024;Cardiff Depot;Wales;TL-01;Telehandler 4m;1;185.24;ACC0231;completed;N
H100425;17/02/2024;Glasgow Depot;Scotland;EX-140;13T Excavator;5;298.86;ACC0211;completed;Y
H100426;10/05/2024;Glasgow Depot;Scotland;CM-350;Concrete Mixer 350L;7;31.5;ACC0231;completed;Y
H100427;01/11/2024;Norwich Depot;East;GEN-60;60kVA Generator;-14;101.77;ACC0125;cancelled;N
H100428;08/12/2024;Cardiff Depot;Wales;WP-02;Water Pump 2in;7;21.34;ACC0158;completed;Y
H100429;30/07/2023;Cardiff Depot;Wales;PB-15;Powered Barrow;7;41.0;ACC0175;completed;Y
H100430;08/10/2023;Leeds Depot;North;WP-02;Water Pump 2in;3;21.92;ACC0148;completed;N
H100431;28/05/2024;Bristol Depot;South West;DM-09;Diesel Dumper 9T;7;146.71;ACC0222;completed;Y
H100432;14/08/2023;Leeds Depot;North;SC-22;Scissor Lift 22ft;2;82.53;ACC0018;completed;Y
H100433;20/01/2024;Cardiff Depot;Wales;DM-09;Diesel Dumper 9T;3;147.43;ACC0035;completed;Y
H100434;13/12/2024;Leeds Depot;North;SC-22;Scissor Lift 22ft;2;81.0;ACC0041;completed;N
H100435;27/02/2024;Cardiff Depot;Wales;SC-22;Scissor Lift 22ft;3;84.49;ACC0141;completed;Y
H100436;30/11/2024;Bristol Depot;South West;PB-15;Powered Barrow;3;41.85;ACC0248;completed;Y
H100437;04/03/2024;Leeds Depot;North;CM-350;Concrete Mixer 350L;1;36.58;ACC0107;completed;Y
H100438;02/05/2023;Leeds Depot;North;SC-22;Scissor Lift 22ft;1;84.21;ACC0218;completed;Y
H100439;01/07/2023;Cardiff Depot;Wales;WP-02;Water Pump 2in;2;23.82;ACC0210;completed;Y
H100440;15/04/2024;Glasgow Depot;Scotland;SF-TOW;Site Tower Light;3;51.43;ACC0245;completed;Y
H100441;23/12/2024;Glasgow Depot;Scotland;CM-350;Concrete Mixer 350L;3;32.34;ACC0085;completed;Y
H100442;10/09/2024;Leeds Depot;North;EX-140;13T Excavator;5;322.68;ACC0136;completed;Y
H100443;29/01/2024;Bristol Depot;South West;PB-15;Powered Barrow;14;39.07;ACC0009;completed;N
H100444;02/10/2024;Glasgow Depot;Scotland;GEN-60;60kVA Generator;3;93.02;ACC0162;open;N
H100445;27/09/2023;Cardiff Depot;Wales;WP-02;Water Pump 2in;14;21.93;ACC0233;completed;Y
H100446;07/04/2024;Cardiff Depot;Wales;PB-15;Powered Barrow;2;39.81;;completed;Y
H100447;10/08/2023;Norwich Depot;East;HD-BRK;Hydraulic Breaker;3;65.6;ACC0108;completed;Y
H100448;15/10/2023;Norwich Depot;East;WP-02;Water Pump 2in;2;23.93;ACC0197;completed;Y
H100449;20/08/2023;Leeds Depot;North;EX-140;13T Excavator;5;326.38;ACC0015;completed;Y
H100450;18/07/2024;Leeds Depot;North;PB-15;Powered Barrow;7;39.94;ACC0037;completed;Y
H100451;16/07/2024;Leeds Depot;North;CM-350;Concrete Mixer 350L;1;31.85;ACC0182;completed;Y
H100452;08/08/2023;Cardiff Depot;Wales;SF-TOW;Site Tower Light;2;52.58;ACC0226;completed;Y
H100453;25/07/2024;Leeds Depot;North;SC-22;Scissor Lift 22ft;5;73.71;ACC0242;completed;Y
H100454;25/04/2024;Leeds Depot;North;DM-09;Diesel Dumper 9T;5;151.68;ACC0003;completed;Y
H100455;10/05/2023;Leeds Depot;North;SC-22;Scissor Lift 22ft;7;75.24;;completed;Y
H100456;11/11/2023;Bristol Depot;South West;PB-15;Powered Barrow;14;38.73;ACC0212;completed;N
H100457;16/07/2023;Bristol Depot;South West;PB-15;Powered Barrow;1;39.84;ACC0084;completed;Y
H100458;25/04/2024;Bristol Depot;South West;SF-TOW;Site Tower Light;1;48.55;;completed;Y
H100459;18/12/2024;Norwich Depot;East;WP-02;Water Pump 2in;1;21.75;;completed;Y
H100460;08/04/2023;Leeds Depot;North;CM-350;Concrete Mixer 350L;1;35.13;ACC0235;completed;Y
H100461;13/06/2024;Norwich Depot;East;SF-TOW;Site Tower Light;28;48.57;ACC0181;completed;Y
H100462;13/07/2023;Glasgow Depot;Scotland;DM-09;Diesel Dumper 9T;2;146.77;ACC0076;completed;Y
H100463;14/10/2023;Bristol Depot;South West;EX-140;13T Excavator;1;307.8;ACC0110;completed;Y
H100464;16/12/2024;Leeds Depot;North;CM-350;Concrete Mixer 350L;-14;35.83;ACC0041;cancelled;Y
H100465;02/05/2023;Leeds Depot;North;WP-02;Water Pump 2in;7;24.09;ACC0029;completed;Y
H100466;16/08/2023;Glasgow Depot;Scotland;SC-22;Scissor Lift 22ft;7;74.26;;completed;N
H100467;28/07/2024;Glasgow Depot;Scotland;PB-15;Powered Barrow;1;39.96;ACC0212;completed;Y
H100468;31/03/2024;Glasgow Depot;Scotland;SF-TOW;Site Tower Light;-1;54.45;ACC0123;cancelled;Y
H100469;17/07/2023;Glasgow Depot;Scotland;EX-140;13T Excavator;2;333.1;ACC0033;completed;N
H100470;25/09/2024;Norwich Depot;East;DM-09;Diesel Dumper 9T;1;138.46;ACC0046;completed;Y
H100471;14/04/2023;Cardiff Depot;Wales;WP-02;Water Pump 2in;5;22.91;ACC0091;completed;N
H100472;17/01/2024;Leeds Depot;North;PB-15;Powered Barrow;2;39.09;ACC0047;completed;Y
H100473;26/11/2024;Bristol Depot;South West;SC-22;Scissor Lift 22ft;3;81.38;ACC0156;completed;Y
H100474;15/06/2023;Leeds Depot;North;GEN-60;60kVA Generator;-3;95.23;ACC0141;cancelled;Y
H100475;18/12/2023;Cardiff Depot;Wales;GEN-60;60kVA Generator;5;95.4;ACC0049;completed;Y
H100476;28/10/2023;Leeds Depot;North;EX-140;13T Excavator;1;298.97;ACC0180;completed;N
H100477;12/10/2023;Bristol Depot;South West;DM-09;Diesel Dumper 9T;1;137.59;ACC0160;completed;N
H100478;09/07/2023;Bristol Depot;South West;HD-BRK;Hydraulic Breaker;2;61.91;ACC0115;completed;Y
H100479;12/08/2023;Glasgow Depot;Scotland;SF-TOW;Site Tower Light;2;53.97;ACC0071;completed;Y
H100480;18/09/2023;Bristol Depot;South West;CM-350;Concrete Mixer 350L;7;33.35;ACC0085;completed;Y
H100481;16/11/2023;Leeds Depot;North;WP-02;Water Pump 2in;5;22.4;ACC0124;completed;Y
H100482;22/05/2023;Cardiff Depot;Wales;DM-09;Diesel Dumper 9T;7;144.71;ACC0016;completed;N
H100483;20/10/2024;Bristol Depot;South West;WP-02;Water Pump 2in;-2;22.23;ACC0089;cancelled;N
H100484;13/10/2023;Glasgow Depot;Scotland;DM-09;Diesel Dumper 9T;2;135.06;ACC0174;completed;Y
H100485;08/11/2023;Cardiff Depot;Wales;CM-350;Concrete Mixer 350L;1;32.21;ACC0029;completed;Y
H100486;04/11/2023;Cardiff Depot;Wales;DM-09;Diesel Dumper 9T;1;136.46;ACC0236;completed;Y
H100487;20/02/2024;Glasgow Depot;Scotland;DM-09;Diesel Dumper 9T;3;144.42;ACC0062;completed;Y
H100488;03/09/2024;Norwich Depot;East;EX-140;13T Excavator;14;296.81;ACC0017;completed;Y
H100489;10/12/2024;Glasgow Depot;Scotland;DM-09;Diesel Dumper 9T;1;153.29;ACC0165;completed;Y
H100490;04/10/2023;Bristol Depot;South West;WP-02;Water Pump 2in;3;23.76;ACC0042;completed;Y
H100491;22/08/2023;Glasgow Depot;Scotland;HD-BRK;Hydraulic Breaker;5;65.83;ACC0034;completed;N
H100492;08/08/2024;Cardiff Depot;Wales;SC-22;Scissor Lift 22ft;2;74.89;ACC0252;completed;Y
H100493;15/10/2023;Leeds Depot;North;HD-BRK;Hydraulic Breaker;2;68.72;ACC0139;completed;Y
H100494;21/05/2024;Cardiff Depot;Wales;SC-22;Scissor Lift 22ft;3;74.26;;completed;Y
H100495;01/04/2023;Glasgow Depot;Scotland;SC-22;Scissor Lift 22ft;3;75.24;ACC0198;completed;N
H100496;31/05/2024;Leeds Depot;North;SC-22;Scissor Lift 22ft;-28;72.94;ACC0165;cancelled;Y
H100497;19/09/2023;Cardiff Depot;Wales;DM-09;Diesel Dumper 9T;5;155.6;ACC0115;completed;Y
H100498;22/05/2024;Cardiff Depot;Wales;DM-09;Diesel Dumper 9T;14;140.12;;completed;Y
H100499;27/09/2023;Cardiff Depot;Wales;HD-BRK;Hydraulic Breaker;1;65.57;ACC0154;completed;Y
H100500;29/07/2023;Cardiff Depot;Wales;CM-350;Concrete Mixer 350L;-3;36.52;ACC0190;cancelled;Y
H100501;17/06/2023;Glasgow Depot;Scotland;WP-02;Water Pump 2in;3;22.18;ACC0131;completed;Y
H100502;20/12/2023;Bristol Depot;South West;WP-02;Water Pump 2in;5;21.46;;completed;Y
H100503;10/04/2023;Glasgow Depot;Scotland;CM-350;Concrete Mixer 350L;3;33.04;ACC0093;completed;Y
H100504;14/06/2024;Leeds Depot;North;DM-09;Diesel Dumper 9T;-3;138.79;ACC0069;cancelled;Y
H100505;03/04/2024;Cardiff Depot;Wales;TL-01;Telehandler 4m;5;199.4;ACC0114;completed;N
H100506;04/09/2024;Cardiff Depot;Wales;DM-09;Diesel Dumper 9T;3;155.26;ACC0241;completed;Y
H100507;30/03/2024;Cardiff Depot;Wales;GEN-60;60kVA Generator;2;100.32;ACC0010;completed;Y
H100508;29/07/2023;Glasgow Depot;Scotland;SF-TOW;Site Tower Light;7;55.88;ACC0128;completed;Y
H100509;03/02/2024;Leeds Depot;North;WP-02;Water Pump 2in;7;20.75;ACC0024;completed;Y
H100510;26/10/2024;Bristol Depot;South West;GEN-60;60kVA Generator;5;88.38;ACC0044;completed;Y
H100511;28/12/2023;Leeds Depot;North;SF-TOW;Site Tower Light;1;49.08;ACC0046;open;Y
H100512;16/09/2024;Glasgow Depot;Scotland;GEN-60;60kVA Generator;2;102.56;ACC0133;completed;Y
H100513;28/12/2023;Norwich Depot;East;DM-09;Diesel Dumper 9T;1;150.31;ACC0068;completed;Y
H100514;16/08/2024;Norwich Depot;East;SC-22;Scissor Lift 22ft;14;82.76;ACC0027;completed;Y
H100515;28/01/2024;Leeds Depot;North;WP-02;Water Pump 2in;2;20.94;;completed;N
H100516;07/07/2024;Leeds Depot;North;PB-15;Powered Barrow;3;38.63;ACC0242;completed;Y
H100517;17/11/2024;Cardiff Depot;Wales;SC-22;Scissor Lift 22ft;1;76.39;ACC0217;completed;N
H100518;21/11/2023;Leeds Depot;North;WP-02;Water Pump 2in;2;23.95;ACC0233;completed;Y
H100519;13/02/2024;Glasgow Depot;Scotland;SF-TOW;Site Tower Light;1;50.66;;completed;Y
H100520;12/02/2024;Norwich Depot;East;TL-01;Telehandler 4m;5;175.64;;completed;N
H100521;08/09/2024;Leeds Depot;North;SC-22;Scissor Lift 22ft;14;76.25;ACC0237;completed;Y
H100522;15/09/2024;Cardiff Depot;Wales;HD-BRK;Hydraulic Breaker;3;65.27;ACC0055;completed;Y
H100523;08/06/2023;Norwich Depot;East;SC-22;Scissor Lift 22ft;-1;77.48;ACC0245;cancelled;Y
H100524;29/09/2024;Glasgow Depot;Scotland;CM-350;Concrete Mixer 350L;3;34.74;;completed;Y
H100525;09/05/2023;Norwich Depot;East;HD-BRK;Hydraulic Breaker;1;59.58;ACC0018;completed;Y
H100526;14/03/2024;Bristol Depot;South West;TL-01;Telehandler 4m;1;200.33;ACC0027;completed;Y
H100527;24/09/2024;Bristol Depot;South West;DM-09;Diesel Dumper 9T;2;137.43;ACC0209;completed;Y
H100528;10/06/2024;Glasgow Depot;Scotland;WP-02;Water Pump 2in;1;24.09;ACC0060;completed;Y
H100529;30/04/2024;Leeds Depot;North;CM-350;Concrete Mixer 350L;3;32.38;ACC0239;completed;Y
H100530;16/10/2023;Cardiff Depot;Wales;SF-TOW;Site Tower Light;1;48.07;ACC0174;completed;Y
H100531;31/08/2023;Norwich Depot;East;SF-TOW;Site Tower Light;2;53.33;ACC0175;completed;N
H100532;01/04/2023;Norwich Depot;East;HD-BRK;Hydraulic Breaker;2;68.09;ACC0131;completed;Y
H100533;29/02/2024;Glasgow Depot;Scotland;SC-22;Scissor Lift 22ft;7;79.98;ACC0188;completed;Y
H100534;16/01/2024;Leeds Depot;North;DM-09;Diesel Dumper 9T;1;148.35;ACC0126;completed;N
H100535;23/09/2023;Glasgow Depot;Scotland;PB-15;Powered Barrow;1;39.73;ACC0195;completed;Y
H100536;10/03/2024;Bristol Depot;South West;WP-02;Water Pump 2in;2;21.2;ACC0164;completed;Y
H100537;07/10/2024;Bristol Depot;South West;WP-02;Water Pump 2in;-5;22.39;ACC0234;cancelled;Y
H100538;06/11/2023;Glasgow Depot;Scotland;WP-02;Water Pump 2in;1;20.79;;completed;Y
H100539;19/11/2023;Norwich Depot;East;TL-01;Telehandler 4m;1;192.21;ACC0102;completed;Y
H100540;01/08/2024;Glasgow Depot;Scotland;SF-TOW;Site Tower Light;3;50.71;ACC0241;completed;Y
H100541;26/03/2024;Bristol Depot;South West;CM-350;Concrete Mixer 350L;3;33.55;ACC0036;completed;Y
H100542;19/11/2023;Glasgow Depot;Scotland;SC-22;Scissor Lift 22ft;3;79.36;ACC0064;completed;Y
H100543;03/11/2024;Leeds Depot;North;TL-01;Telehandler 4m;2;197.64;;completed;Y
H100544;31/03/2024;Norwich Depot;East;DM-09;Diesel Dumper 9T;7;148.18;ACC0222;completed;N
H100545;31/05/2024;Glasgow Depot;Scotland;SC-22;Scissor Lift 22ft;28;81.67;ACC0096;completed;N
H100546;25/08/2023;Cardiff Depot;Wales;WP-02;Water Pump 2in;28;23.98;ACC0085;completed;Y
H100547;25/07/2023;Glasgow Depot;Scotland;HD-BRK;Hydraulic Breaker;1;68.11;;completed;Y
H100548;07/11/2023;Leeds Depot;North;CM-350;Concrete Mixer 350L;3;33.59;ACC0225;completed;Y
H100549;22/12/2023;Leeds Depot;North;WP-02;Water Pump 2in;2;23.49;ACC0240;completed;Y
H100550;17/09/2023;Leeds Depot;North;PB-15;Powered Barrow;3;38.87;ACC0090;completed;Y
H100551;20/11/2024;Bristol Depot;South West;WP-02;Water Pump 2in;5;23.72;ACC0111;completed;Y
H100552;24/05/2023;Bristol Depot;South West;CM-350;Concrete Mixer 350L;2;35.61;;completed;Y
H100553;24/08/2023;Leeds Depot;North;GEN-60;60kVA Generator;3;99.4;ACC0173;completed;Y
H100554;20/11/2023;Cardiff Depot;Wales;SC-22;Scissor Lift 22ft;2;74.96;ACC0159;completed;N
H100555;15/10/2023;Bristol Depot;South West;WP-02;Water Pump 2in;2;23.47;ACC0246;completed;Y
H100556;28/07/2024;Cardiff Depot;Wales;SF-TOW;Site Tower Light;2;49.78;ACC0075;completed;Y
H100557;27/04/2024;Cardiff Depot;Wales;SF-TOW;Site Tower Light;1;53.59;ACC0172;completed;Y
H100558;03/09/2023;Norwich Depot;East;CM-350;Concrete Mixer 350L;3;33.87;;completed;Y
H100559;16/05/2024;Norwich Depot;East;SF-TOW;Site Tower Light;-1;49.05;ACC0003;cancelled;Y
H100560;13/05/2024;Norwich Depot;East;PB-15;Powered Barrow;3;40.36;ACC0081;completed;Y
H100561;28/07/2023;Bristol Depot;South West;DM-09;Diesel Dumper 9T;3;141.83;ACC0226;completed;Y
H100562;24/03/2024;Glasgow Depot;Scotland;CM-350;Concrete Mixer 350L;3;34.6;ACC0171;completed;Y
H100563;23/12/2023;Cardiff Depot;Wales;EX-140;13T Excavator;1;301.69;ACC0007;completed;Y
H100564;12/09/2023;Cardiff Depot;Wales;SF-TOW;Site Tower Light;1;49.01;ACC0031;completed;Y
H100565;11/11/2023;Glasgow Depot;Scotland;DM-09;Diesel Dumper 9T;-1;146.18;ACC0055;cancelled;Y
H100566;01/07/2023;Leeds Depot;North;PB-15;Powered Barrow;2;40.25;ACC0255;completed;N
H100567;01/10/2023;Glasgow Depot;Scotland;WP-02;Water Pump 2in;1;20.78;;completed;Y
H100568;20/09/2023;Leeds Depot;North;DM-09;Diesel Dumper 9T;1;155.89;ACC0184;completed;Y
H100569;18/06/2024;Cardiff Depot;Wales;GEN-60;60kVA Generator;1;99.16;ACC0013;open;N
H100570;02/10/2023;Glasgow Depot;Scotland;HD-BRK;Hydraulic Breaker;3;65.85;ACC0229;completed;N
H100571;24/06/2024;Norwich Depot;East;CM-350;Concrete Mixer 350L;1;33.11;ACC0012;completed;Y
H100572;30/08/2023;Norwich Depot;East;HD-BRK;Hydraulic Breaker;2;65.5;ACC0197;completed;Y
H100573;09/09/2024;Glasgow Depot;Scotland;SF-TOW;Site Tower Light;2;51.24;ACC0195;completed;Y
H100574;14/11/2024;Norwich Depot;East;SF-TOW;Site Tower Light;1;55.36;ACC0098;completed;Y
H100575;20/12/2024;Norwich Depot;East;PB-15;Powered Barrow;5;39.93;ACC0135;completed;Y
H100576;11/10/2024;Glasgow Depot;Scotland;CM-350;Concrete Mixer 350L;-7;35.4;ACC0252;cancelled;N
H100577;24/06/2023;Glasgow Depot;Scotland;CM-350;Concrete Mixer 350L;3;35.51;ACC0003;completed;N
H100578;09/01/2024;Norwich Depot;East;HD-BRK;Hydraulic Breaker;7;63.48;ACC0132;completed;Y
H100579;07/05/2023;Glasgow Depot;Scotland;CM-350;Concrete Mixer 350L;1;32.4;ACC0143;completed;Y
H100580;25/08/2024;Cardiff Depot;Wales;SF-TOW;Site Tower Light;5;55.03;ACC0143;completed;Y
H100581;28/07/2024;Bristol Depot;South West;SF-TOW;Site Tower Light;5;56.06;ACC0152;completed;Y
H100582;13/08/2023;Cardiff Depot;Wales;GEN-60;60kVA Generator;7;95.66;ACC0260;completed;N
H100583;06/05/2023;Norwich Depot;East;SC-22;Scissor Lift 22ft;2;83.94;ACC0149;completed;Y
H100584;18/08/2023;Bristol Depot;South West;WP-02;Water Pump 2in;3;21.29;ACC0134;completed;Y
H100585;29/07/2024;Leeds Depot;North;HD-BRK;Hydraulic Breaker;1;69.09;ACC0114;completed;Y
H100586;04/06/2023;Norwich Depot;East;WP-02;Water Pump 2in;3;23.99;ACC0109;completed;Y
H100587;01/06/2023;Leeds Depot;North;PB-15;Powered Barrow;-3;38.77;ACC0101;cancelled;Y
H100588;19/10/2024;Leeds Depot;North;GEN-60;60kVA Generator;14;92.43;ACC0241;completed;Y
H100589;19/10/2024;Norwich Depot;East;CM-350;Concrete Mixer 350L;2;36.5;ACC0049;completed;Y
H100590;22/08/2023;Glasgow Depot;Scotland;CM-350;Concrete Mixer 350L;28;31.44;ACC0092;completed;Y
H100591;05/08/2023;Cardiff Depot;Wales;SF-TOW;Site Tower Light;3;55.57;ACC0186;completed;Y
H100592;27/09/2023;Norwich Depot;East;GEN-60;60kVA Generator;1;97.33;ACC0126;completed;Y
H100593;01/11/2023;Leeds Depot;North;CM-350;Concrete Mixer 350L;2;35.0;ACC0122;completed;Y
H100594;15/10/2023;Bristol Depot;South West;WP-02;Water Pump 2in;1;21.83;ACC0045;open;Y
H100595;10/04/2023;Glasgow Depot;Scotland;CM-350;Concrete Mixer 350L;14;32.38;ACC0093;completed;N
H100596;16/11/2023;Bristol Depot;South West;DM-09;Diesel Dumper 9T;1;142.31;ACC0166;completed;Y
H100597;28/04/2023;Cardiff Depot;Wales;DM-09;Diesel Dumper 9T;1;143.33;ACC0139;completed;Y
H100598;23/04/2023;Bristol Depot;South West;SF-TOW;Site Tower Light;28;53.88;ACC0198;completed;Y
H100599;02/04/2024;Glasgow Depot;Scotland;SF-TOW;Site Tower Light;1;48.76;ACC0081;completed;Y
H100600;06/08/2023;Norwich Depot;East;SC-22;Scissor Lift 22ft;3;78.04;;completed;Y
H100601;30/05/2023;Leeds Depot;North;SC-22;Scissor Lift 22ft;-1;76.71;ACC0124;cancelled;Y
H100602;01/08/2024;Cardiff Depot;Wales;WP-02;Water Pump 2in;2;24.27;ACC0114;open;N
H100603;28/08/2024;Bristol Depot;South West;SC-22;Scissor Lift 22ft;3;81.94;ACC0036;completed;Y
H100604;12/03/2024;Cardiff Depot;Wales;WP-02;Water Pump 2in;5;22.31;;completed;Y
H100605;24/09/2023;Glasgow Depot;Scotland;GEN-60;60kVA Generator;14;102.58;;completed;Y
H100606;22/08/2024;Leeds Depot;North;DM-09;Diesel Dumper 9T;7;141.18;ACC0146;completed;N
H100607;13/10/2023;Leeds Depot;North;CM-350;Concrete Mixer 350L;1;31.78;ACC0133;completed;Y
H100608;04/04/2023;Cardiff Depot;Wales;WP-02;Water Pump 2in;1;21.91;ACC0148;open;Y
H100609;04/03/2024;Cardiff Depot;Wales;SC-22;Scissor Lift 22ft;2;73.1;ACC0036;completed;Y
H100610;26/12/2023;Bristol Depot;South West;SF-TOW;Site Tower Light;2;53.41;ACC0130;completed;Y
H100611;02/07/2024;Norwich Depot;East;GEN-60;60kVA Generator;7;95.04;ACC0073;completed;Y
H100612;26/04/2023;Norwich Depot;East;WP-02;Water Pump 2in;28;21.86;ACC0039;completed;N
H100613;17/11/2024;Glasgow Depot;Scotland;SF-TOW;Site Tower Light;2;54.72;ACC0188;completed;N
H100614;22/06/2024;Bristol Depot;South West;TL-01;Telehandler 4m;1;192.11;ACC0221;completed;N
H100615;23/12/2023;Bristol Depot;South West;WP-02;Water Pump 2in;7;21.25;;completed;Y
H100616;26/06/2023;Norwich Depot;East;HD-BRK;Hydraulic Breaker;2;65.48;ACC0227;open;Y
H100617;31/10/2024;Glasgow Depot;Scotland;CM-350;Concrete Mixer 350L;2;33.21;ACC0173;completed;Y
H100618;14/11/2023;Norwich Depot;East;WP-02;Water Pump 2in;1;22.85;;completed;N
H100619;26/01/2024;Cardiff Depot;Wales;GEN-60;60kVA Generator;5;101.71;ACC0128;completed;Y
H100620;09/10/2024;Cardiff Depot;Wales;GEN-60;60kVA Generator;7;93.25;;completed;Y
H100621;06/07/2024;Glasgow Depot;Scotland;HD-BRK;Hydraulic Breaker;2;65.58;;completed;Y
H100622;16/06/2024;Glasgow Depot;Scotland;WP-02;Water Pump 2in;3;21.93;ACC0140;completed;Y
H100623;21/06/2024;Norwich Depot;East;SF-TOW;Site Tower Light;7;49.75;ACC0157;completed;Y
H100624;21/07/2023;Leeds Depot;North;WP-02;Water Pump 2in;-2;20.86;ACC0139;cancelled;N
H100625;13/03/2024;Cardiff Depot;Wales;HD-BRK;Hydraulic Breaker;1;60.76;ACC0079;open;N
H100626;13/01/2024;Leeds Depot;North;DM-09;Diesel Dumper 9T;2;137.86;ACC0028;completed;Y
H100627;18/04/2024;Bristol Depot;South West;CM-350;Concrete Mixer 350L;14;36.66;ACC0204;open;Y
H100628;06/05/2024;Cardiff Depot;Wales;TL-01;Telehandler 4m;5;182.98;ACC0059;completed;Y
H100629;30/12/2024;Leeds Depot;North;WP-02;Water Pump 2in;1;21.42;ACC0119;completed;Y
H100630;03/12/2023;Norwich Depot;East;SC-22;Scissor Lift 22ft;5;76.31;ACC0063;completed;Y
H100631;07/12/2024;Cardiff Depot;Wales;DM-09;Diesel Dumper 9T;1;154.63;ACC0160;open;N
H100632;20/11/2023;Cardiff Depot;Wales;DM-09;Diesel Dumper 9T;1;138.98;ACC0125;completed;Y
H100633;14/09/2024;Glasgow Depot;Scotland;PB-15;Powered Barrow;1;37.81;ACC0246;completed;Y
H100634;17/07/2024;Norwich Depot;East;SC-22;Scissor Lift 22ft;1;77.08;ACC0241;completed;Y
H100635;17/07/2023;Cardiff Depot;Wales;SF-TOW;Site Tower Light;14;49.61;ACC0160;completed;N
H100636;05/07/2023;Leeds Depot;North;SF-TOW;Site Tower Light;2;55.49;ACC0260;completed;Y
H100637;12/04/2024;Leeds Depot;North;SF-TOW;Site Tower Light;1;55.01;ACC0059;completed;Y
H100638;01/05/2024;Glasgow Depot;Scotland;GEN-60;60kVA Generator;3;89.62;ACC0141;completed;Y
H100639;13/04/2024;Glasgow Depot;Scotland;HD-BRK;Hydraulic Breaker;3;65.78;ACC0168;completed;N
H100640;13/09/2023;Glasgow Depot;Scotland;TL-01;Telehandler 4m;1;178.91;;open;Y
H100641;04/04/2024;Leeds Depot;North;TL-01;Telehandler 4m;1;184.24;ACC0085;completed;Y
H100642;30/04/2023;Glasgow Depot;Scotland;TL-01;Telehandler 4m;5;197.05;ACC0255;completed;Y
H100643;09/06/2023;Leeds Depot;North;WP-02;Water Pump 2in;1;23.47;ACC0070;completed;Y
H100644;16/02/2024;Norwich Depot;East;GEN-60;60kVA Generator;1;93.06;ACC0057;completed;Y
H100645;11/10/2024;Norwich Depot;East;SF-TOW;Site Tower Light;7;54.11;ACC0164;completed;Y
H100646;03/07/2024;Leeds Depot;North;CM-350;Concrete Mixer 350L;7;34.68;ACC0055;completed;Y
H100647;06/09/2024;Glasgow Depot;Scotland;WP-02;Water Pump 2in;-7;24.12;;cancelled;N
H100648;24/12/2024;Cardiff Depot;Wales;HD-BRK;Hydraulic Breaker;1;67.71;ACC0233;completed;Y
H100649;12/03/2024;Leeds Depot;North;WP-02;Water Pump 2in;2;22.95;;completed;N
H100650;11/09/2023;Glasgow Depot;Scotland;WP-02;Water Pump 2in;2;24.26;ACC0045;completed;Y
H100651;13/01/2024;Bristol Depot;South West;CM-350;Concrete Mixer 350L;7;36.44;ACC0117;completed;Y
H100652;08/08/2024;Leeds Depot;North;WP-02;Water Pump 2in;2;22.34;ACC0193;completed;Y
H100653;12/11/2023;Norwich Depot;East;GEN-60;60kVA Generator;1;89.78;ACC0203;completed;Y
H100654;12/04/2024;Glasgow Depot;Scotland;CM-350;Concrete Mixer 350L;2;35.33;;completed;Y
H100655;31/03/2024;Leeds Depot;North;TL-01;Telehandler 4m;2;195.95;ACC0208;completed;Y
H100656;06/10/2023;Norwich Depot;East;CM-350;Concrete Mixer 350L;1;35.7;ACC0128;completed;N
H100657;08/01/2024;Bristol Depot;South West;GEN-60;60kVA Generator;2;100.72;ACC0112;completed;Y
H100658;04/02/2024;Leeds Depot;North;SC-22;Scissor Lift 22ft;3;74.35;ACC0065;completed;Y
H100659;07/07/2023;Cardiff Depot;Wales;PB-15;Powered Barrow;7;38.38;ACC0224;completed;Y
H100660;03/09/2024;Glasgow Depot;Scotland;SF-TOW;Site Tower Light;1;48.67;ACC0199;completed;Y
H100661;12/10/2023;Norwich Depot;East;SC-22;Scissor Lift 22ft;3;73.47;ACC0258;completed;Y
H100662;22/10/2023;Norwich Depot;East;CM-350;Concrete Mixer 350L;1;34.51;ACC0157;completed;Y
H100663;24/09/2023;Glasgow Depot;Scotland;WP-02;Water Pump 2in;1;21.25;ACC0081;completed;Y
H100664;13/07/2023;Norwich Depot;East;DM-09;Diesel Dumper 9T;7;135.35;;completed;Y
H100665;28/06/2023;Leeds Depot;North;SC-22;Scissor Lift 22ft;1;75.27;ACC0237;completed;Y
H100666;28/05/2024;Leeds Depot;North;DM-09;Diesel Dumper 9T;7;144.78;ACC0056;completed;N
H100667;17/11/2023;Bristol Depot;South West;SC-22;Scissor Lift 22ft;2;77.47;ACC0201;completed;Y
H100668;06/09/2024;Cardiff Depot;Wales;PB-15;Powered Barrow;3;43.15;ACC0244;completed;Y
H100669;22/05/2024;Bristol Depot;South West;SC-22;Scissor Lift 22ft;3;78.61;ACC0126;open;N
H100670;12/04/2024;Cardiff Depot;Wales;SF-TOW;Site Tower Light;28;53.1;;completed;Y
H100671;25/07/2024;Glasgow Depot;Scotland;PB-15;Powered Barrow;2;40.3;ACC0105;completed;N
H100672;29/01/2024;Cardiff Depot;Wales;EX-140;13T Excavator;5;291.56;ACC0119;completed;Y
H100673;19/01/2024;Glasgow Depot;Scotland;EX-140;13T Excavator;2;321.46;ACC0084;completed;N
H100674;01/02/2024;Glasgow Depot;Scotland;EX-140;13T Excavator;5;329.6;ACC0257;completed;N
H100675;19/07/2024;Cardiff Depot;Wales;GEN-60;60kVA Generator;2;91.39;ACC0117;completed;Y
H100676;22/04/2024;Norwich Depot;East;TL-01;Telehandler 4m;1;186.46;;completed;Y
H100677;25/10/2023;Cardiff Depot;Wales;SC-22;Scissor Lift 22ft;5;74.37;ACC0079;completed;N
H100678;05/01/2024;Leeds Depot;North;SF-TOW;Site Tower Light;1;52.95;;completed;Y
H100679;05/02/2024;Cardiff Depot;Wales;SF-TOW;Site Tower Light;-5;48.75;;cancelled;Y
H100680;20/04/2023;Glasgow Depot;Scotland;PB-15;Powered Barrow;1;41.02;ACC0009;completed;Y
H100681;02/07/2023;Norwich Depot;East;CM-350;Concrete Mixer 350L;2;34.47;ACC0214;completed;Y
H100682;19/05/2023;Bristol Depot;South West;CM-350;Concrete Mixer 350L;3;35.98;ACC0157;completed;N
H100683;05/06/2023;Leeds Depot;North;CM-350;Concrete Mixer 350L;3;32.85;ACC0143;completed;Y
H100684;22/04/2023;Norwich Depot;East;GEN-60;60kVA Generator;2;96.25;ACC0044;completed;Y
H100685;12/04/2024;Norwich Depot;East;DM-09;Diesel Dumper 9T;7;142.96;ACC0158;completed;Y
H100686;06/01/2024;Norwich Depot;East;WP-02;Water Pump 2in;14;23.63;ACC0239;completed;Y
H100687;26/10/2023;Norwich Depot;East;DM-09;Diesel Dumper 9T;3;153.43;ACC0008;completed;N
H100688;22/12/2023;Leeds Depot;North;WP-02;Water Pump 2in;2;23.58;ACC0050;completed;Y
H100689;23/09/2024;Bristol Depot;South West;WP-02;Water Pump 2in;14;22.23;ACC0201;completed;Y
H100690;27/10/2024;Glasgow Depot;Scotland;PB-15;Powered Barrow;2;43.95;ACC0203;completed;Y
H100691;11/03/2024;Cardiff Depot;Wales;SF-TOW;Site Tower Light;1;48.47;;completed;Y
H100692;24/09/2023;Glasgow Depot;Scotland;HD-BRK;Hydraulic Breaker;14;62.65;ACC0171;completed;Y
H100693;06/10/2023;Leeds Depot;North;HD-BRK;Hydraulic Breaker;1;67.74;ACC0109;completed;Y
H100694;25/08/2023;Leeds Depot;North;WP-02;Water Pump 2in;28;21.66;ACC0148;completed;Y
H100695;13/04/2023;Leeds Depot;North;SF-TOW;Site Tower Light;2;50.96;;completed;N
H100696;20/11/2023;Leeds Depot;North;TL-01;Telehandler 4m;1;190.47;;completed;Y
H100697;09/12/2023;Leeds Depot;North;CM-350;Concrete Mixer 350L;-28;31.96;ACC0017;cancelled;Y
H100698;22/04/2023;Norwich Depot;East;WP-02;Water Pump 2in;7;21.26;ACC0075;completed;Y
H100699;29/12/2023;Leeds Depot;North;GEN-60;60kVA Generator;1;102.48;ACC0172;completed;Y
H100700;01/11/2024;Bristol Depot;South West;WP-02;Water Pump 2in;14;21.62;ACC0053;completed;Y
H100701;23/12/2023;Cardiff Depot;Wales;WP-02;Water Pump 2in;5;22.74;ACC0237;completed;Y
H100702;25/12/2024;Bristol Depot;South West;SC-22;Scissor Lift 22ft;1;74.85;ACC0066;completed;Y
H100703;10/10/2023;Cardiff Depot;Wales;SF-TOW;Site Tower Light;2;54.61;;completed;N
H100704;30/06/2024;Cardiff Depot;Wales;DM-09;Diesel Dumper 9T;1;135.4;ACC0211;completed;Y
H100705;20/08/2023;Norwich Depot;East;PB-15;Powered Barrow;2;38.1;ACC0252;completed;Y
H100706;10/04/2023;Norwich Depot;East;GEN-60;60kVA Generator;5;88.5;ACC0114;completed;N
H100707;27/05/2023;Cardiff Depot;Wales;HD-BRK;Hydraulic Breaker;5;64.82;ACC0051;completed;N
H100708;27/04/2024;Cardiff Depot;Wales;WP-02;Water Pump 2in;3;22.05;;completed;Y
H100709;19/05/2024;Cardiff Depot;Wales;WP-02;Water Pump 2in;5;22.86;ACC0013;completed;Y
H100710;06/02/2024;Cardiff Depot;Wales;EX-140;13T Excavator;3;329.6;ACC0002;completed;Y
H100711;11/11/2024;Bristol Depot;South West;CM-350;Concrete Mixer 350L;1;34.23;ACC0027;completed;Y
H100712;01/11/2024;Norwich Depot;East;TL-01;Telehandler 4m;5;189.57;ACC0221;completed;Y
H100713;28/08/2023;Cardiff Depot;Wales;WP-02;Water Pump 2in;2;24.11;ACC0024;completed;N
H100714;23/02/2024;Bristol Depot;South West;WP-02;Water Pump 2in;5;21.56;ACC0085;completed;Y
H100715;18/11/2023;Norwich Depot;East;PB-15;Powered Barrow;28;42.83;ACC0073;open;Y
H100716;10/12/2023;Cardiff Depot;Wales;CM-350;Concrete Mixer 350L;14;34.32;ACC0230;completed;Y
H100717;14/04/2024;Glasgow Depot;Scotland;EX-140;13T Excavator;5;326.78;;completed;N
H100718;12/10/2024;Bristol Depot;South West;WP-02;Water Pump 2in;2;24.05;;completed;Y
H100719;12/05/2023;Bristol Depot;South West;WP-02;Water Pump 2in;7;23.71;ACC0074;completed;N
H100720;05/09/2023;Leeds Depot;North;PB-15;Powered Barrow;-14;39.41;;cancelled;Y
H100721;04/10/2023;Norwich Depot;East;PB-15;Powered Barrow;7;38.57;ACC0168;open;Y
H100722;07/05/2024;Norwich Depot;East;WP-02;Water Pump 2in;2;23.79;ACC0094;completed;Y
H100723;05/12/2023;Bristol Depot;South West;WP-02;Water Pump 2in;3;21.8;ACC0157;completed;N
H100724;14/01/2024;Cardiff Depot;Wales;SF-TOW;Site Tower Light;7;50.74;ACC0227;completed;Y
H100725;13/09/2023;Bristol Depot;South West;SC-22;Scissor Lift 22ft;1;77.92;ACC0043;completed;N
H100726;24/05/2024;Bristol Depot;South West;WP-02;Water Pump 2in;1;22.27;ACC0124;completed;Y
H100727;08/07/2024;Leeds Depot;North;CM-350;Concrete Mixer 350L;7;32.87;;completed;N
H100728;21/06/2024;Glasgow Depot;Scotland;GEN-60;60kVA Generator;1;97.88;ACC0247;completed;N
H100729;31/07/2023;Norwich Depot;East;CM-350;Concrete Mixer 350L;2;31.84;ACC0254;completed;Y
H100730;08/09/2023;Leeds Depot;North;CM-350;Concrete Mixer 350L;28;36.53;ACC0196;completed;Y
H100731;05/08/2023;Bristol Depot;South West;CM-350;Concrete Mixer 350L;14;31.98;ACC0158;completed;Y
H100732;23/07/2024;Norwich Depot;East;GEN-60;60kVA Generator;2;92.22;ACC0072;completed;Y
H100733;17/04/2023;Bristol Depot;South West;TL-01;Telehandler 4m;1;197.89;ACC0255;completed;Y
H100734;21/04/2023;Cardiff Depot;Wales;CM-350;Concrete Mixer 350L;5;36.6;ACC0048;completed;Y
H100735;19/04/2024;Glasgow Depot;Scotland;SC-22;Scissor Lift 22ft;3;76.81;ACC0233;completed;N
H100736;10/06/2023;Bristol Depot;South West;GEN-60;60kVA Generator;3;97.08;ACC0212;completed;Y
H100737;02/12/2023;Norwich Depot;East;SF-TOW;Site Tower Light;2;50.46;ACC0169;completed;Y
H100738;30/06/2024;Cardiff Depot;Wales;EX-140;13T Excavator;3;287.99;ACC0028;completed;Y
H100739;20/06/2023;Leeds Depot;North;HD-BRK;Hydraulic Breaker;2;59.32;ACC0210;completed;N
H100740;30/10/2023;Cardiff Depot;Wales;WP-02;Water Pump 2in;1;21.21;ACC0155;completed;Y
H100741;12/06/2024;Bristol Depot;South West;SC-22;Scissor Lift 22ft;1;75.73;ACC0207;completed;Y
H100742;25/11/2023;Cardiff Depot;Wales;GEN-60;60kVA Generator;-1;102.16;ACC0233;cancelled;Y
H100743;16/08/2023;Cardiff Depot;Wales;WP-02;Water Pump 2in;5;22.01;;completed;Y
H100744;28/11/2023;Bristol Depot;South West;WP-02;Water Pump 2in;3;22.3;ACC0164;completed;Y
H100745;15/04/2024;Leeds Depot;North;GEN-60;60kVA Generator;3;93.7;ACC0107;completed;Y
H100746;07/11/2024;Cardiff Depot;Wales;GEN-60;60kVA Generator;1;98.96;ACC0016;completed;Y
H100747;17/02/2024;Cardiff Depot;Wales;CM-350;Concrete Mixer 350L;5;31.48;ACC0108;completed;Y
H100748;10/11/2023;Bristol Depot;South West;GEN-60;60kVA Generator;5;95.13;ACC0071;completed;Y
H100749;28/10/2023;Cardiff Depot;Wales;GEN-60;60kVA Generator;3;94.44;ACC0102;open;N
H100750;29/01/2024;Leeds Depot;North;GEN-60;60kVA Generator;3;99.86;ACC0147;completed;N
H100751;08/07/2023;Norwich Depot;East;GEN-60;60kVA Generator;-2;92.67;ACC0233;cancelled;Y
H100752;26/10/2024;Bristol Depot;South West;GEN-60;60kVA Generator;1;92.36;ACC0102;completed;Y
H100753;11/02/2024;Norwich Depot;East;GEN-60;60kVA Generator;14;98.12;ACC0109;completed;Y
H100754;02/09/2024;Glasgow Depot;Scotland;SC-22;Scissor Lift 22ft;1;78.83;ACC0256;completed;Y
H100755;14/05/2023;Norwich Depot;East;GEN-60;60kVA Generator;5;102.33;ACC0244;completed;Y
H100756;21/12/2023;Bristol Depot;South West;WP-02;Water Pump 2in;1;23.22;ACC0127;completed;Y
H100757;30/09/2024;Cardiff Depot;Wales;WP-02;Water Pump 2in;2;22.96;ACC0030;completed;Y
H100758;31/07/2024;Glasgow Depot;Scotland;SC-22;Scissor Lift 22ft;1;78.66;ACC0061;completed;Y
H100759;08/07/2023;Leeds Depot;North;CM-350;Concrete Mixer 350L;7;33.1;ACC0112;completed;N
H100760;03/08/2024;Cardiff Depot;Wales;GEN-60;60kVA Generator;1;102.01;ACC0011;open;Y
H100761;10/10/2024;Bristol Depot;South West;CM-350;Concrete Mixer 350L;5;31.82;ACC0115;completed;Y
H100762;14/07/2023;Norwich Depot;East;SC-22;Scissor Lift 22ft;5;81.65;ACC0041;completed;N
H100763;31/12/2024;Cardiff Depot;Wales;TL-01;Telehandler 4m;2;197.95;ACC0155;completed;Y
H100764;29/09/2023;Glasgow Depot;Scotland;DM-09;Diesel Dumper 9T;3;135.31;ACC0033;open;Y
H100765;15/05/2023;Bristol Depot;South West;WP-02;Water Pump 2in;3;20.81;ACC0130;completed;Y
H100766;03/01/2024;Glasgow Depot;Scotland;CM-350;Concrete Mixer 350L;1;31.43;ACC0108;completed;Y
H100767;18/11/2024;Cardiff Depot;Wales;GEN-60;60kVA Generator;2;99.03;ACC0002;completed;Y
H100768;16/07/2023;Norwich Depot;East;CM-350;Concrete Mixer 350L;7;32.02;ACC0022;completed;Y
H100769;27/09/2023;Norwich Depot;East;SC-22;Scissor Lift 22ft;2;77.49;ACC0258;completed;Y
H100770;01/12/2023;Glasgow Depot;Scotland;DM-09;Diesel Dumper 9T;3;138.39;ACC0094;open;N
H100771;02/03/2024;Leeds Depot;North;SC-22;Scissor Lift 22ft;1;78.22;ACC0018;completed;Y
H100772;03/11/2023;Glasgow Depot;Scotland;PB-15;Powered Barrow;5;41.63;ACC0074;completed;Y
H100773;19/09/2023;Norwich Depot;East;EX-140;13T Excavator;7;307.07;ACC0061;completed;N
H100774;08/03/2024;Norwich Depot;East;WP-02;Water Pump 2in;3;22.82;ACC0025;completed;Y
H100775;05/06/2024;Leeds Depot;North;CM-350;Concrete Mixer 350L;2;34.33;ACC0035;completed;Y
H100776;05/05/2024;Glasgow Depot;Scotland;SC-22;Scissor Lift 22ft;2;76.28;ACC0047;completed;N
H100777;20/08/2024;Norwich Depot;East;CM-350;Concrete Mixer 350L;1;32.1;;completed;N
H100778;18/01/2024;Glasgow Depot;Scotland;HD-BRK;Hydraulic Breaker;14;61.35;ACC0121;completed;Y
H100779;24/07/2024;Bristol Depot;South West;CM-350;Concrete Mixer 350L;1;34.51;ACC0188;completed;Y
H100780;14/07/2024;Bristol Depot;South West;SF-TOW;Site Tower Light;2;51.78;ACC0228;completed;Y
H100781;22/12/2024;Norwich Depot;East;DM-09;Diesel Dumper 9T;-1;150.34;ACC0258;cancelled;N
H100782;21/11/2023;Leeds Depot;North;CM-350;Concrete Mixer 350L;3;35.88;ACC0226;completed;Y
H100783;12/09/2024;Bristol Depot;South West;GEN-60;60kVA Generator;2;102.7;ACC0057;completed;N
H100784;25/08/2024;Bristol Depot;South West;GEN-60;60kVA Generator;2;93.02;ACC0106;completed;Y
H100785;09/09/2024;Norwich Depot;East;GEN-60;60kVA Generator;5;99.09;ACC0080;completed;Y
H100786;13/12/2024;Leeds Depot;North;SC-22;Scissor Lift 22ft;2;82.5;ACC0171;completed;Y
H100787;30/07/2024;Leeds Depot;North;SF-TOW;Site Tower Light;5;53.2;ACC0218;completed;N
H100788;19/09/2024;Leeds Depot;North;GEN-60;60kVA Generator;2;102.35;ACC0070;completed;Y
H100789;15/07/2024;Norwich Depot;East;CM-350;Concrete Mixer 350L;1;35.47;ACC0173;open;Y
H100790;17/06/2024;Glasgow Depot;Scotland;SC-22;Scissor Lift 22ft;1;78.49;;completed;Y
H100791;24/01/2024;Glasgow Depot;Scotland;HD-BRK;Hydraulic Breaker;3;67.94;ACC0028;completed;Y
H100792;26/07/2023;Bristol Depot;South West;CM-350;Concrete Mixer 350L;1;34.47;ACC0041;completed;Y
H100793;04/12/2023;Norwich Depot;East;CM-350;Concrete Mixer 350L;5;32.94;ACC0024;completed;Y
H100794;30/07/2023;Glasgow Depot;Scotland;TL-01;Telehandler 4m;5;201.6;ACC0052;completed;Y
H100795;10/12/2024;Glasgow Depot;Scotland;WP-02;Water Pump 2in;1;23.5;ACC0045;completed;N
H100796;26/04/2024;Leeds Depot;North;GEN-60;60kVA Generator;3;90.85;ACC0138;completed;Y
H100797;10/09/2024;Leeds Depot;North;CM-350;Concrete Mixer 350L;3;33.28;ACC0090;completed;Y
H100798;18/08/2023;Cardiff Depot;Wales;CM-350;Concrete Mixer 350L;14;31.75;ACC0022;completed;Y
H100799;25/08/2023;Bristol Depot;South West;EX-140;13T Excavator;5;328.21;ACC0151;completed;Y
H100800;31/08/2024;Cardiff Depot;Wales;WP-02;Water Pump 2in;3;21.18;ACC0152;completed;N
H100801;17/05/2024;Glasgow Depot;Scotland;SC-22;Scissor Lift 22ft;2;82.27;ACC0123;completed;N
H100802;03/03/2024;Cardiff Depot;Wales;WP-02;Water Pump 2in;7;22.89;ACC0061;completed;N
H100803;02/03/2024;Cardiff Depot;Wales;GEN-60;60kVA Generator;1;102.71;;completed;Y
H100804;23/12/2023;Leeds Depot;North;GEN-60;60kVA Generator;5;93.59;ACC0064;completed;N
H100805;11/07/2024;Bristol Depot;South West;CM-350;Concrete Mixer 350L;2;36.08;ACC0052;completed;Y
H100806;25/09/2024;Glasgow Depot;Scotland;TL-01;Telehandler 4m;5;177.11;ACC0186;completed;N
H100807;07/02/2024;Leeds Depot;North;WP-02;Water Pump 2in;3;22.6;ACC0021;completed;Y
H100808;04/10/2024;Norwich Depot;East;SC-22;Scissor Lift 22ft;3;73.96;ACC0128;completed;Y
H100809;29/12/2024;Bristol Depot;South West;PB-15;Powered Barrow;14;39.27;;completed;Y
H100810;04/09/2023;Leeds Depot;North;TL-01;Telehandler 4m;1;197.29;ACC0204;open;N
H100811;24/11/2023;Glasgow Depot;Scotland;WP-02;Water Pump 2in;3;23.87;ACC0018;completed;Y
H100812;05/07/2024;Norwich Depot;East;DM-09;Diesel Dumper 9T;7;155.91;ACC0004;completed;Y
H100813;17/10/2024;Leeds Depot;North;HD-BRK;Hydraulic Breaker;1;69.06;ACC0204;completed;Y
H100814;17/05/2023;Cardiff Depot;Wales;SF-TOW;Site Tower Light;1;53.29;ACC0165;completed;Y
H100815;29/06/2024;Norwich Depot;East;SF-TOW;Site Tower Light;14;54.9;ACC0178;completed;Y
H100816;09/11/2023;Bristol Depot;South West;HD-BRK;Hydraulic Breaker;2;68.3;ACC0065;completed;Y
H100817;31/10/2023;Leeds Depot;North;SF-TOW;Site Tower Light;1;48.31;ACC0206;completed;Y
H100818;02/02/2024;Norwich Depot;East;SF-TOW;Site Tower Light;2;51.7;ACC0087;completed;Y
H100819;12/05/2023;Norwich Depot;East;DM-09;Diesel Dumper 9T;2;153.2;ACC0260;completed;Y
H100820;13/08/2024;Leeds Depot;North;HD-BRK;Hydraulic Breaker;1;64.84;ACC0057;completed;Y
H100821;01/05/2024;Bristol Depot;South West;WP-02;Water Pump 2in;-14;21.89;ACC0170;cancelled;Y
H100822;28/09/2023;Bristol Depot;South West;PB-15;Powered Barrow;3;44.17;ACC0033;completed;Y
H100823;12/11/2023;Bristol Depot;South West;SF-TOW;Site Tower Light;1;55.8;ACC0210;completed;Y
H100824;27/04/2023;Norwich Depot;East;DM-09;Diesel Dumper 9T;1;146.29;ACC0185;completed;Y
H100825;26/04/2024;Glasgow Depot;Scotland;HD-BRK;Hydraulic Breaker;14;68.55;ACC0178;completed;Y
H100826;11/04/2024;Bristol Depot;South West;EX-140;13T Excavator;1;330.84;ACC0235;completed;N
H100827;17/12/2023;Leeds Depot;North;GEN-60;60kVA Generator;14;91.95;ACC0235;completed;N
H100828;27/09/2024;Norwich Depot;East;PB-15;Powered Barrow;2;43.25;ACC0243;completed;Y
H100829;24/10/2024;Leeds Depot;North;CM-350;Concrete Mixer 350L;1;36.3;ACC0030;completed;Y
H100830;07/10/2023;Norwich Depot;East;TL-01;Telehandler 4m;1;189.35;ACC0048;completed;N
H100831;27/06/2024;Leeds Depot;North;PB-15;Powered Barrow;5;40.11;ACC0014;completed;N
H100832;15/06/2024;Leeds Depot;North;GEN-60;60kVA Generator;-3;98.14;ACC0108;cancelled;Y
H100833;22/11/2023;Cardiff Depot;Wales;SC-22;Scissor Lift 22ft;3;78.19;ACC0223;completed;N
H100834;16/05/2024;Leeds Depot;North;CM-350;Concrete Mixer 350L;2;34.98;ACC0095;completed;N
H100835;26/10/2024;Bristol Depot;South West;SF-TOW;Site Tower Light;1;48.54;ACC0190;completed;Y
H100836;27/05/2024;Cardiff Depot;Wales;CM-350;Concrete Mixer 350L;2;36.34;ACC0217;completed;Y
H100837;07/07/2023;Norwich Depot;East;SF-TOW;Site Tower Light;1;53.58;ACC0122;completed;Y
H100838;05/05/2024;Cardiff Depot;Wales;CM-350;Concrete Mixer 350L;2;33.16;ACC0074;completed;Y
H100839;06/06/2023;Bristol Depot;South West;DM-09;Diesel Dumper 9T;2;135.05;ACC0240;completed;N
H100840;16/06/2024;Norwich Depot;East;SC-22;Scissor Lift 22ft;14;84.28;ACC0177;completed;Y
H100841;25/12/2024;Glasgow Depot;Scotland;SC-22;Scissor Lift 22ft;1;81.57;ACC0128;open;Y
H100842;30/05/2023;Glasgow Depot;Scotland;EX-140;13T Excavator;1;332.89;ACC0056;completed;Y
H100843;05/06/2024;Glasgow Depot;Scotland;PB-15;Powered Barrow;28;37.95;ACC0232;completed;Y
H100844;19/07/2024;Glasgow Depot;Scotland;GEN-60;60kVA Generator;5;93.55;ACC0240;completed;Y
H100845;09/06/2023;Bristol Depot;South West;PB-15;Powered Barrow;14;43.34;ACC0003;completed;Y
H100846;04/08/2024;Bristol Depot;South West;PB-15;Powered Barrow;5;43.48;ACC0007;completed;Y
H100847;10/09/2024;Cardiff Depot;Wales;SF-TOW;Site Tower Light;7;53.57;ACC0167;completed;Y
H100848;02/11/2024;Norwich Depot;East;WP-02;Water Pump 2in;5;23.4;ACC0005;completed;Y
H100849;27/02/2024;Cardiff Depot;Wales;SF-TOW;Site Tower Light;28;48.91;;completed;Y
H100850;21/08/2024;Glasgow Depot;Scotland;SC-22;Scissor Lift 22ft;3;74.81;ACC0173;open;Y
H100851;24/11/2023;Glasgow Depot;Scotland;GEN-60;60kVA Generator;-5;94.23;ACC0209;cancelled;N
H100852;18/07/2023;Bristol Depot;South West;GEN-60;60kVA Generator;2;97.78;ACC0045;completed;Y
H100853;07/08/2023;Norwich Depot;East;HD-BRK;Hydraulic Breaker;3;61.63;ACC0216;completed;N
H100854;13/03/2024;Leeds Depot;North;WP-02;Water Pump 2in;2;21.79;ACC0239;completed;Y
H100855;06/08/2024;Norwich Depot;East;GEN-60;60kVA Generator;3;99.59;ACC0188;completed;Y
H100856;08/08/2023;Leeds Depot;North;DM-09;Diesel Dumper 9T;5;137.12;ACC0011;completed;Y
H100857;09/04/2024;Leeds Depot;North;TL-01;Telehandler 4m;2;177.02;ACC0125;completed;Y
H100858;29/02/2024;Bristol Depot;South West;GEN-60;60kVA Generator;2;98.31;ACC0253;completed;N
H100859;27/07/2024;Leeds Depot;North;CM-350;Concrete Mixer 350L;7;34.01;ACC0070;completed;Y
H100860;30/07/2023;Leeds Depot;North;EX-140;13T Excavator;3;317.83;ACC0194;completed;Y
H100861;08/11/2024;Glasgow Depot;Scotland;HD-BRK;Hydraulic Breaker;1;60.07;ACC0088;completed;Y
H100862;25/04/2024;Leeds Depot;North;GEN-60;60kVA Generator;1;94.18;ACC0214;completed;N
H100863;24/09/2024;Leeds Depot;North;SC-22;Scissor Lift 22ft;7;82.94;ACC0073;completed;Y
H100864;01/11/2023;Leeds Depot;North;CM-350;Concrete Mixer 350L;1;33.19;ACC0201;completed;Y
H100865;29/06/2023;Bristol Depot;South West;SF-TOW;Site Tower Light;3;52.62;ACC0014;completed;Y
H100866;22/06/2023;Glasgow Depot;Scotland;DM-09;Diesel Dumper 9T;1;150.35;ACC0175;completed;Y
H100867;25/10/2024;Leeds Depot;North;CM-350;Concrete Mixer 350L;5;35.41;ACC0023;open;Y
H100868;03/11/2024;Leeds Depot;North;TL-01;Telehandler 4m;2;185.8;ACC0037;completed;Y
H100869;03/02/2024;Cardiff Depot;Wales;SF-TOW;Site Tower Light;5;48.2;ACC0254;completed;Y
H100870;25/08/2024;Cardiff Depot;Wales;EX-140;13T Excavator;1;309.21;ACC0153;completed;N
H100871;23/09/2023;Glasgow Depot;Scotland;CM-350;Concrete Mixer 350L;2;32.01;ACC0174;completed;N
H100872;24/10/2024;Glasgow Depot;Scotland;DM-09;Diesel Dumper 9T;1;142.96;ACC0164;completed;Y
H100873;06/04/2023;Leeds Depot;North;SC-22;Scissor Lift 22ft;14;84.35;ACC0170;completed;Y
H100874;10/11/2024;Bristol Depot;South West;CM-350;Concrete Mixer 350L;3;31.48;ACC0121;completed;Y
H100875;29/09/2024;Norwich Depot;East;SF-TOW;Site Tower Light;1;51.92;ACC0192;completed;Y
H100876;29/08/2024;Glasgow Depot;Scotland;TL-01;Telehandler 4m;2;187.61;ACC0249;completed;Y
H100877;28/07/2023;Cardiff Depot;Wales;SF-TOW;Site Tower Light;5;54.36;;completed;Y
H100878;12/06/2023;Bristol Depot;South West;DM-09;Diesel Dumper 9T;2;153.74;ACC0242;completed;Y
H100879;02/09/2023;Leeds Depot;North;SF-TOW;Site Tower Light;1;55.02;ACC0104;completed;N
H100880;04/08/2024;Bristol Depot;South West;GEN-60;60kVA Generator;1;97.68;ACC0121;completed;Y
H100881;24/01/2024;Bristol Depot;South West;WP-02;Water Pump 2in;1;22.92;ACC0123;completed;Y
H100882;15/07/2024;Bristol Depot;South West;DM-09;Diesel Dumper 9T;1;152.74;ACC0177;completed;Y
H100883;20/02/2024;Bristol Depot;South West;SF-TOW;Site Tower Light;1;54.03;ACC0080;completed;Y
H100884;20/08/2023;Leeds Depot;North;SC-22;Scissor Lift 22ft;7;76.29;ACC0054;completed;Y
H100885;03/10/2023;Glasgow Depot;Scotland;SC-22;Scissor Lift 22ft;14;81.65;ACC0248;completed;Y
H100886;12/09/2023;Bristol Depot;South West;SC-22;Scissor Lift 22ft;1;73.18;;completed;Y
H100887;15/09/2024;Bristol Depot;South West;GEN-60;60kVA Generator;7;99.78;ACC0051;completed;Y
H100888;05/07/2023;Bristol Depot;South West;HD-BRK;Hydraulic Breaker;1;61.58;;completed;Y
H100889;19/05/2023;Glasgow Depot;Scotland;SF-TOW;Site Tower Light;1;49.86;ACC0243;open;Y
H100890;06/11/2023;Leeds Depot;North;SC-22;Scissor Lift 22ft;1;73.19;ACC0006;open;N
H100891;08/11/2024;Bristol Depot;South West;GEN-60;60kVA Generator;1;97.67;ACC0123;completed;N
H100892;12/12/2024;Cardiff Depot;Wales;SC-22;Scissor Lift 22ft;5;74.46;ACC0059;completed;N
H100893;19/07/2023;Cardiff Depot;Wales;GEN-60;60kVA Generator;3;91.99;ACC0017;completed;Y
H100894;30/05/2023;Cardiff Depot;Wales;TL-01;Telehandler 4m;2;190.47;ACC0217;completed;Y
H100895;28/07/2024;Leeds Depot;North;EX-140;13T Excavator;1;309.92;ACC0161;completed;Y
H100896;04/07/2023;Glasgow Depot;Scotland;GEN-60;60kVA Generator;1;94.24;;completed;Y
H100897;02/12/2023;Glasgow Depot;Scotland;GEN-60;60kVA Generator;1;89.41;ACC0191;completed;Y
H100898;26/04/2023;Glasgow Depot;Scotland;EX-140;13T Excavator;2;303.3;ACC0153;completed;Y
H100899;15/07/2024;Bristol Depot;South West;WP-02;Water Pump 2in;1;23.03;ACC0017;completed;Y
H100900;09/08/2024;Cardiff Depot;Wales;CM-350;Concrete Mixer 350L;2;31.57;ACC0145;completed;Y
H100901;07/05/2024;Glasgow Depot;Scotland;EX-140;13T Excavator;28;312.35;;completed;Y
H100902;12/12/2023;Bristol Depot;South West;PB-15;Powered Barrow;2;42.0;ACC0196;completed;Y
H100903;07/05/2023;Norwich Depot;East;TL-01;Telehandler 4m;7;193.37;ACC0023;completed;N
H100904;16/09/2023;Bristol Depot;South West;SC-22;Scissor Lift 22ft;1;74.03;ACC0211;completed;Y
H100905;02/04/2024;Bristol Depot;South West;EX-140;13T Excavator;14;290.42;ACC0226;completed;Y
H100906;04/10/2023;Leeds Depot;North;PB-15;Powered Barrow;-14;42.76;ACC0111;cancelled;N
H100907;16/11/2024;Glasgow Depot;Scotland;CM-350;Concrete Mixer 350L;2;32.22;;completed;Y
H100908;04/10/2024;Leeds Depot;North;WP-02;Water Pump 2in;2;22.36;ACC0154;completed;Y
H100909;04/06/2024;Norwich Depot;East;GEN-60;60kVA Generator;1;94.14;ACC0248;completed;Y
H100910;02/08/2024;Glasgow Depot;Scotland;SF-TOW;Site Tower Light;7;51.89;ACC0055;completed;Y
H100911;23/02/2024;Norwich Depot;East;EX-140;13T Excavator;2;294.28;ACC0107;completed;Y
H100912;10/08/2023;Glasgow Depot;Scotland;WP-02;Water Pump 2in;7;22.08;ACC0239;completed;Y
H100913;23/04/2023;Cardiff Depot;Wales;WP-02;Water Pump 2in;1;21.27;ACC0037;completed;Y
H100914;15/01/2024;Bristol Depot;South West;CM-350;Concrete Mixer 350L;3;35.7;ACC0137;completed;Y
H100915;15/11/2023;Cardiff Depot;Wales;SC-22;Scissor Lift 22ft;2;79.07;ACC0137;completed;Y
H100916;11/06/2023;Bristol Depot;South West;DM-09;Diesel Dumper 9T;5;152.91;ACC0255;completed;Y
H100917;02/06/2023;Norwich Depot;East;GEN-60;60kVA Generator;14;91.43;ACC0142;completed;N
H100918;23/01/2024;Norwich Depot;East;DM-09;Diesel Dumper 9T;1;139.81;ACC0125;completed;Y
H100919;24/05/2023;Norwich Depot;East;WP-02;Water Pump 2in;7;23.03;;open;Y
H100920;09/06/2024;Glasgow Depot;Scotland;GEN-60;60kVA Generator;3;100.41;ACC0168;completed;Y
H100921;16/11/2024;Bristol Depot;South West;DM-09;Diesel Dumper 9T;1;155.98;ACC0257;completed;Y
H100922;30/10/2023;Norwich Depot;East;DM-09;Diesel Dumper 9T;2;155.87;ACC0067;completed;Y
H100923;17/08/2023;Leeds Depot;North;SF-TOW;Site Tower Light;3;48.41;ACC0092;completed;Y
H100924;22/10/2023;Norwich Depot;East;GEN-60;60kVA Generator;1;89.51;;completed;Y
H100925;02/04/2024;Glasgow Depot;Scotland;SF-TOW;Site Tower Light;7;54.65;ACC0226;completed;Y
H100926;20/09/2024;Leeds Depot;North;WP-02;Water Pump 2in;1;22.26;ACC0044;completed;N
H100927;19/08/2023;Bristol Depot;South West;HD-BRK;Hydraulic Breaker;28;59.99;ACC0134;completed;Y
H100928;02/06/2024;Norwich Depot;East;GEN-60;60kVA Generator;7;99.13;;completed;Y
H100929;25/03/2024;Glasgow Depot;Scotland;SC-22;Scissor Lift 22ft;1;84.0;ACC0187;completed;Y
H100930;06/11/2023;Norwich Depot;East;GEN-60;60kVA Generator;1;99.2;ACC0252;completed;Y
H100931;11/07/2024;Glasgow Depot;Scotland;WP-02;Water Pump 2in;5;21.76;ACC0220;completed;Y
H100932;23/03/2024;Leeds Depot;North;SC-22;Scissor Lift 22ft;-7;75.16;ACC0120;cancelled;Y
H100933;05/10/2023;Norwich Depot;East;CM-350;Concrete Mixer 350L;5;33.96;;completed;Y
H100934;08/10/2024;Bristol Depot;South West;CM-350;Concrete Mixer 350L;7;31.68;ACC0192;completed;Y
H100935;04/06/2023;Glasgow Depot;Scotland;HD-BRK;Hydraulic Breaker;2;67.72;ACC0130;completed;N
H100936;03/09/2024;Glasgow Depot;Scotland;SC-22;Scissor Lift 22ft;28;72.53;ACC0086;completed;N
H100937;18/04/2024;Norwich Depot;East;HD-BRK;Hydraulic Breaker;1;60.37;ACC0071;completed;Y
H100938;07/01/2024;Glasgow Depot;Scotland;SC-22;Scissor Lift 22ft;7;80.41;ACC0151;completed;N
H100939;16/06/2023;Leeds Depot;North;SC-22;Scissor Lift 22ft;3;83.95;ACC0041;completed;Y
H100940;26/10/2023;Norwich Depot;East;TL-01;Telehandler 4m;2;177.12;ACC0119;completed;Y
H100941;07/10/2024;Bristol Depot;South West;CM-350;Concrete Mixer 350L;2;31.48;ACC0201;completed;Y
H100942;16/10/2024;Norwich Depot;East;EX-140;13T Excavator;-7;323.53;;cancelled;Y
H100943;22/04/2024;Bristol Depot;South West;SF-TOW;Site Tower Light;3;54.97;ACC0018;completed;Y
H100944;30/08/2024;Bristol Depot;South West;EX-140;13T Excavator;7;317.94;ACC0058;open;Y
H100945;14/04/2023;Cardiff Depot;Wales;TL-01;Telehandler 4m;7;187.28;ACC0110;completed;Y
H100946;20/05/2024;Norwich Depot;East;PB-15;Powered Barrow;3;42.25;ACC0234;completed;Y
H100947;11/06/2024;Glasgow Depot;Scotland;SF-TOW;Site Tower Light;2;52.0;;completed;Y
H100948;20/10/2024;Glasgow Depot;Scotland;WP-02;Water Pump 2in;2;21.23;;completed;Y
H100949;16/04/2023;Norwich Depot;East;WP-02;Water Pump 2in;7;22.26;ACC0203;completed;Y
H100950;27/12/2024;Bristol Depot;South West;HD-BRK;Hydraulic Breaker;28;60.19;ACC0050;completed;N
H100951;25/11/2024;Leeds Depot;North;SC-22;Scissor Lift 22ft;2;72.54;ACC0211;completed;Y
H100952;01/09/2024;Cardiff Depot;Wales;DM-09;Diesel Dumper 9T;2;143.67;ACC0058;completed;Y
H100953;05/07/2023;Glasgow Depot;Scotland;CM-350;Concrete Mixer 350L;2;33.82;ACC0094;completed;Y
H100954;27/08/2023;Leeds Depot;North;HD-BRK;Hydraulic Breaker;1;61.97;ACC0124;completed;Y
H100955;06/05/2024;Cardiff Depot;Wales;EX-140;13T Excavator;1;318.04;ACC0241;completed;Y
H100956;13/04/2023;Glasgow Depot;Scotland;SC-22;Scissor Lift 22ft;1;73.02;ACC0085;completed;Y
H100957;04/09/2023;Bristol Depot;South West;SF-TOW;Site Tower Light;2;52.09;;completed;N
H100958;08/02/2024;Cardiff Depot;Wales;SC-22;Scissor Lift 22ft;3;78.75;ACC0057;completed;Y
H100959;30/06/2023;Cardiff Depot;Wales;PB-15;Powered Barrow;-2;41.7;ACC0093;cancelled;Y
H100960;07/10/2023;Leeds Depot;North;DM-09;Diesel Dumper 9T;1;151.13;ACC0145;open;Y
H100961;22/04/2023;Glasgow Depot;Scotland;PB-15;Powered Barrow;1;41.2;ACC0136;completed;Y
H100962;20/09/2023;Leeds Depot;North;CM-350;Concrete Mixer 350L;-1;34.33;ACC0188;cancelled;Y
H100963;11/08/2023;Bristol Depot;South West;SC-22;Scissor Lift 22ft;5;75.53;;completed;Y
H100964;04/11/2023;Bristol Depot;South West;GEN-60;60kVA Generator;2;95.89;ACC0228;completed;Y
H100965;14/06/2023;Bristol Depot;South West;SC-22;Scissor Lift 22ft;14;76.25;ACC0081;completed;Y
H100966;18/10/2023;Bristol Depot;South West;GEN-60;60kVA Generator;2;101.33;ACC0186;completed;Y
H100967;01/12/2023;Cardiff Depot;Wales;SF-TOW;Site Tower Light;3;50.34;ACC0135;completed;Y
H100968;17/04/2023;Norwich Depot;East;SC-22;Scissor Lift 22ft;1;78.68;;completed;Y
H100969;14/06/2023;Leeds Depot;North;SF-TOW;Site Tower Light;1;49.18;ACC0133;completed;Y
H100970;24/12/2024;Bristol Depot;South West;GEN-60;60kVA Generator;5;99.54;ACC0005;open;Y
H100971;13/09/2024;Cardiff Depot;Wales;SF-TOW;Site Tower Light;3;54.65;ACC0229;completed;Y
H100972;06/02/2024;Bristol Depot;South West;GEN-60;60kVA Generator;7;92.25;ACC0037;completed;N
H100973;04/10/2024;Cardiff Depot;Wales;WP-02;Water Pump 2in;2;23.35;ACC0166;completed;Y
H100974;14/05/2024;Norwich Depot;East;WP-02;Water Pump 2in;2;21.27;ACC0134;completed;Y
H100975;08/01/2024;Norwich Depot;East;WP-02;Water Pump 2in;-3;21.77;ACC0004;cancelled;Y
H100976;24/03/2024;Bristol Depot;South West;CM-350;Concrete Mixer 350L;1;35.63;ACC0077;completed;Y
H100977;09/08/2023;Cardiff Depot;Wales;SC-22;Scissor Lift 22ft;2;73.61;ACC0178;completed;N
H100978;27/12/2023;Bristol Depot;South West;TL-01;Telehandler 4m;7;194.36;ACC0099;completed;Y
H100979;17/06/2023;Bristol Depot;South West;WP-02;Water Pump 2in;5;23.81;ACC0175;completed;Y
H100980;23/06/2024;Leeds Depot;North;CM-350;Concrete Mixer 350L;1;31.52;ACC0041;completed;Y
H100981;16/08/2023;Leeds Depot;North;GEN-60;60kVA Generator;2;97.16;ACC0162;completed;N
H100982;30/09/2024;Norwich Depot;East;TL-01;Telehandler 4m;1;198.62;ACC0159;completed;Y
H100983;01/08/2023;Norwich Depot;East;SC-22;Scissor Lift 22ft;2;76.86;ACC0055;completed;Y
H100984;30/03/2024;Bristol Depot;South West;WP-02;Water Pump 2in;1;21.17;ACC0204;completed;Y
H100985;29/06/2024;Glasgow Depot;Scotland;GEN-60;60kVA Generator;-14;90.25;ACC0015;cancelled;Y
H100986;30/09/2024;Glasgow Depot;Scotland;SF-TOW;Site Tower Light;2;52.02;;completed;N
H100987;16/12/2023;Norwich Depot;East;HD-BRK;Hydraulic Breaker;5;68.33;ACC0064;completed;N
H100988;15/07/2023;Norwich Depot;East;HD-BRK;Hydraulic Breaker;1;61.95;ACC0122;completed;Y
H100989;23/06/2023;Bristol Depot;South West;CM-350;Concrete Mixer 350L;14;33.59;ACC0024;completed;Y
H100990;28/01/2024;Leeds Depot;North;WP-02;Water Pump 2in;2;22.97;ACC0198;completed;Y
H100991;27/12/2024;Glasgow Depot;Scotland;SC-22;Scissor Lift 22ft;7;78.4;ACC0107;completed;Y
H100992;27/09/2024;Leeds Depot;North;GEN-60;60kVA Generator;2;98.52;ACC0003;completed;Y
H100993;01/09/2023;Norwich Depot;East;SC-22;Scissor Lift 22ft;5;78.62;ACC0032;completed;Y
H100994;08/04/2023;Bristol Depot;South West;CM-350;Concrete Mixer 350L;5;32.84;ACC0133;completed;Y
H100995;27/01/2024;Leeds Depot;North;CM-350;Concrete Mixer 350L;-5;32.15;ACC0257;cancelled;Y
H100996;19/04/2024;Bristol Depot;South West;CM-350;Concrete Mixer 350L;7;34.55;ACC0074;completed;Y
H100997;05/04/2024;Cardiff Depot;Wales;CM-350;Concrete Mixer 350L;14;33.29;ACC0185;completed;N
H100998;23/10/2023;Leeds Depot;North;GEN-60;60kVA Generator;3;93.21;ACC0211;completed;N
H100999;09/01/2024;Leeds Depot;North;EX-140;13T Excavator;-5;297.59;ACC0151;cancelled;Y
H101000;02/04/2023;Bristol Depot;South West;SF-TOW;Site Tower Light;3;51.36;;completed;Y
H101001;27/08/2023;Bristol Depot;South West;WP-02;Water Pump 2in;5;21.57;ACC0081;completed;N
H101002;16/10/2024;Leeds Depot;North;WP-02;Water Pump 2in;1;24.2;ACC0045;completed;N
H101003;22/08/2023;Norwich Depot;East;DM-09;Diesel Dumper 9T;7;146.02;;completed;Y
H101004;10/03/2024;Bristol Depot;South West;PB-15;Powered Barrow;1;44.08;ACC0260;completed;Y
H101005;03/11/2023;Bristol Depot;South West;PB-15;Powered Barrow;1;42.51;ACC0020;completed;N
H101006;03/10/2024;Bristol Depot;South West;WP-02;Water Pump 2in;1;23.2;;completed;N
H101007;30/10/2024;Norwich Depot;East;GEN-60;60kVA Generator;1;95.84;ACC0235;completed;N
H101008;12/10/2024;Leeds Depot;North;CM-350;Concrete Mixer 350L;2;35.62;ACC0114;completed;Y
H101009;11/07/2024;Norwich Depot;East;SC-22;Scissor Lift 22ft;1;77.08;ACC0051;completed;N
H101010;14/12/2024;Bristol Depot;South West;CM-350;Concrete Mixer 350L;2;36.12;ACC0094;completed;Y
H101011;17/10/2024;Norwich Depot;East;CM-350;Concrete Mixer 350L;1;31.78;ACC0068;completed;Y
H101012;04/12/2024;Cardiff Depot;Wales;SC-22;Scissor Lift 22ft;-28;73.34;ACC0206;cancelled;Y
H101013;14/04/2023;Glasgow Depot;Scotland;SF-TOW;Site Tower Light;3;53.4;;completed;Y
H101014;18/06/2023;Norwich Depot;East;SF-TOW;Site Tower Light;5;54.54;ACC0176;completed;N
H101015;02/06/2024;Glasgow Depot;Scotland;SC-22;Scissor Lift 22ft;14;80.48;ACC0196;completed;N
H101016;02/06/2024;Bristol Depot;South West;DM-09;Diesel Dumper 9T;1;146.72;ACC0059;open;Y
H101017;02/12/2023;Bristol Depot;South West;EX-140;13T Excavator;1;308.94;ACC0021;completed;Y
H101018;20/05/2023;Bristol Depot;South West;WP-02;Water Pump 2in;1;21.1;ACC0014;completed;Y
H101019;01/04/2024;Glasgow Depot;Scotland;SF-TOW;Site Tower Light;5;50.33;ACC0132;completed;Y
H101020;28/05/2023;Bristol Depot;South West;CM-350;Concrete Mixer 350L;7;34.03;ACC0055;completed;Y
H101021;11/05/2024;Cardiff Depot;Wales;WP-02;Water Pump 2in;1;20.76;ACC0125;completed;Y
H101022;27/09/2023;Bristol Depot;South West;GEN-60;60kVA Generator;1;93.7;ACC0047;completed;Y
H101023;08/06/2023;Cardiff Depot;Wales;SF-TOW;Site Tower Light;7;53.25;;completed;Y
H101024;22/02/2024;Bristol Depot;South West;SC-22;Scissor Lift 22ft;1;79.35;ACC0215;completed;Y
H101025;16/12/2023;Glasgow Depot;Scotland;SC-22;Scissor Lift 22ft;-28;84.15;ACC0226;cancelled;Y
H101026;26/11/2023;Glasgow Depot;Scotland;DM-09;Diesel Dumper 9T;5;153.71;ACC0245;completed;Y
H101027;03/07/2024;Bristol Depot;South West;CM-350;Concrete Mixer 350L;3;36.46;ACC0022;completed;Y
H101028;07/10/2024;Norwich Depot;East;SC-22;Scissor Lift 22ft;2;79.3;ACC0075;completed;Y
H101029;10/08/2024;Cardiff Depot;Wales;GEN-60;60kVA Generator;3;95.37;ACC0109;completed;N
H101030;02/10/2023;Cardiff Depot;Wales;SF-TOW;Site Tower Light;5;52.89;ACC0186;completed;Y
H101031;09/11/2023;Glasgow Depot;Scotland;SC-22;Scissor Lift 22ft;14;79.53;;completed;Y
H101032;05/06/2024;Glasgow Depot;Scotland;GEN-60;60kVA Generator;2;93.54;ACC0099;open;Y
H101033;21/11/2023;Cardiff Depot;Wales;PB-15;Powered Barrow;2;43.11;ACC0061;completed;Y
H101034;28/07/2023;Norwich Depot;East;CM-350;Concrete Mixer 350L;14;35.07;ACC0254;completed;Y
H101035;14/12/2024;Bristol Depot;South West;SC-22;Scissor Lift 22ft;2;73.96;ACC0188;open;Y
H101036;18/02/2024;Glasgow Depot;Scotland;GEN-60;60kVA Generator;1;93.33;ACC0159;completed;Y
H101037;06/11/2024;Leeds Depot;North;HD-BRK;Hydraulic Breaker;7;61.11;;completed;N
H101038;05/12/2023;Norwich Depot;East;TL-01;Telehandler 4m;3;194.68;;completed;Y
H101039;27/07/2024;Leeds Depot;North;EX-140;13T Excavator;28;300.24;ACC0131;open;Y
H101040;12/09/2024;Leeds Depot;North;HD-BRK;Hydraulic Breaker;3;63.86;ACC0003;completed;N
H101041;29/09/2023;Bristol Depot;South West;TL-01;Telehandler 4m;3;197.12;ACC0253;open;Y
H101042;15/07/2023;Glasgow Depot;Scotland;GEN-60;60kVA Generator;1;102.89;ACC0031;completed;Y
H101043;01/06/2023;Leeds Depot;North;WP-02;Water Pump 2in;1;21.15;ACC0149;completed;Y
H101044;28/12/2023;Glasgow Depot;Scotland;CM-350;Concrete Mixer 350L;7;35.15;ACC0224;completed;Y
H101045;10/03/2024;Cardiff Depot;Wales;PB-15;Powered Barrow;1;38.86;ACC0111;completed;Y
H101046;06/09/2023;Bristol Depot;South West;GEN-60;60kVA Generator;5;90.32;ACC0072;completed;Y
H101047;21/04/2024;Leeds Depot;North;WP-02;Water Pump 2in;3;22.71;ACC0031;completed;Y
H101048;05/07/2023;Cardiff Depot;Wales;TL-01;Telehandler 4m;1;181.11;ACC0010;completed;N
H101049;20/09/2024;Cardiff Depot;Wales;CM-350;Concrete Mixer 350L;1;34.29;ACC0036;completed;Y
H101050;23/11/2023;Leeds Depot;North;HD-BRK;Hydraulic Breaker;5;60.09;ACC0060;completed;Y
H101051;30/05/2024;Cardiff Depot;Wales;PB-15;Powered Barrow;1;42.49;ACC0030;completed;N
H101052;16/03/2024;Glasgow Depot;Scotland;CM-350;Concrete Mixer 350L;2;34.14;ACC0008;completed;Y
H101053;02/01/2024;Cardiff Depot;Wales;PB-15;Powered Barrow;2;39.23;ACC0080;completed;N
H101054;03/09/2023;Bristol Depot;South West;TL-01;Telehandler 4m;1;179.14;ACC0047;completed;Y
H101055;19/02/2024;Leeds Depot;North;EX-140;13T Excavator;5;309.26;ACC0076;completed;Y
H101056;30/10/2024;Glasgow Depot;Scotland;GEN-60;60kVA Generator;2;99.18;ACC0043;completed;Y
H101057;12/02/2024;Glasgow Depot;Scotland;SF-TOW;Site Tower Light;3;52.95;;completed;Y
H101058;16/09/2023;Cardiff Depot;Wales;CM-350;Concrete Mixer 350L;5;35.05;ACC0057;completed;Y
H101059;26/05/2023;Cardiff Depot;Wales;GEN-60;60kVA Generator;14;89.02;ACC0151;completed;Y
H101060;09/09/2023;Leeds Depot;North;SF-TOW;Site Tower Light;2;50.2;ACC0258;completed;Y
H101061;13/06/2023;Bristol Depot;South West;WP-02;Water Pump 2in;1;21.53;ACC0069;completed;Y
H101062;12/06/2023;Leeds Depot;North;TL-01;Telehandler 4m;-2;177.18;ACC0011;cancelled;N
H101063;13/05/2023;Bristol Depot;South West;PB-15;Powered Barrow;5;42.93;ACC0056;completed;Y
H101064;03/04/2023;Bristol Depot;South West;GEN-60;60kVA Generator;28;91.74;ACC0188;completed;Y
H101065;07/05/2024;Leeds Depot;North;GEN-60;60kVA Generator;1;100.72;ACC0227;completed;N
H101066;24/07/2024;Bristol Depot;South West;SC-22;Scissor Lift 22ft;2;81.07;ACC0185;completed;Y
H101067;26/09/2024;Leeds Depot;North;SF-TOW;Site Tower Light;1;49.13;ACC0182;completed;N
H101068;12/07/2024;Bristol Depot;South West;SF-TOW;Site Tower Light;5;53.44;ACC0005;completed;Y
H101069;03/07/2023;Norwich Depot;East;SC-22;Scissor Lift 22ft;5;78.43;ACC0083;completed;Y
H101070;09/08/2024;Cardiff Depot;Wales;WP-02;Water Pump 2in;2;23.67;ACC0193;completed;N
H101071;19/07/2023;Glasgow Depot;Scotland;TL-01;Telehandler 4m;7;181.5;ACC0018;completed;Y
H101072;06/11/2024;Glasgow Depot;Scotland;SC-22;Scissor Lift 22ft;5;73.7;ACC0230;completed;Y
H101073;07/09/2023;Leeds Depot;North;WP-02;Water Pump 2in;3;23.6;ACC0187;completed;Y
H101074;11/08/2024;Leeds Depot;North;WP-02;Water Pump 2in;1;23.45;;completed;Y
H101075;29/02/2024;Leeds Depot;North;GEN-60;60kVA Generator;2;99.75;ACC0253;completed;N
H101076;22/11/2023;Bristol Depot;South West;EX-140;13T Excavator;3;304.55;ACC0198;completed;Y
H101077;07/12/2023;Cardiff Depot;Wales;GEN-60;60kVA Generator;1;101.34;ACC0079;completed;N
H101078;21/06/2023;Norwich Depot;East;PB-15;Powered Barrow;2;40.23;ACC0070;completed;Y
H101079;11/11/2023;Bristol Depot;South West;PB-15;Powered Barrow;7;42.03;ACC0229;completed;Y
H101080;31/03/2024;Glasgow Depot;Scotland;WP-02;Water Pump 2in;1;22.87;ACC0167;completed;Y
H101081;12/10/2023;Cardiff Depot;Wales;PB-15;Powered Barrow;1;41.53;ACC0040;completed;Y
H101082;13/10/2024;Cardiff Depot;Wales;WP-02;Water Pump 2in;1;21.55;ACC0209;completed;Y
H101083;27/09/2023;Norwich Depot;East;EX-140;13T Excavator;1;295.81;ACC0068;completed;Y
H101084;19/07/2023;Bristol Depot;South West;EX-140;13T Excavator;2;288.36;ACC0089;completed;N
H101085;19/02/2024;Norwich Depot;East;GEN-60;60kVA Generator;1;99.44;;completed;N
H101086;20/05/2023;Glasgow Depot;Scotland;GEN-60;60kVA Generator;1;94.61;ACC0051;completed;N
H101087;29/06/2023;Bristol Depot;South West;HD-BRK;Hydraulic Breaker;14;64.11;ACC0233;completed;Y
H101088;21/08/2024;Glasgow Depot;Scotland;SF-TOW;Site Tower Light;14;51.44;ACC0177;completed;Y
H101089;02/11/2023;Leeds Depot;North;DM-09;Diesel Dumper 9T;3;151.34;ACC0057;completed;N
H101090;11/08/2024;Leeds Depot;North;WP-02;Water Pump 2in;3;22.72;ACC0114;completed;Y
H101091;12/01/2024;Cardiff Depot;Wales;TL-01;Telehandler 4m;5;184.82;ACC0251;completed;Y
H101092;03/02/2024;Norwich Depot;East;CM-350;Concrete Mixer 350L;1;35.2;ACC0204;completed;Y
H101093;26/12/2023;Glasgow Depot;Scotland;CM-350;Concrete Mixer 350L;-3;35.2;;cancelled;Y
H101094;05/04/2024;Norwich Depot;East;SF-TOW;Site Tower Light;7;55.84;;completed;Y
H101095;11/07/2024;Bristol Depot;South West;TL-01;Telehandler 4m;7;197.56;ACC0046;completed;Y
H101096;15/12/2023;Bristol Depot;South West;CM-350;Concrete Mixer 350L;3;32.31;ACC0009;completed;Y
H101097;02/07/2023;Norwich Depot;East;HD-BRK;Hydraulic Breaker;3;68.24;ACC0110;completed;N
H101098;07/03/2024;Cardiff Depot;Wales;SF-TOW;Site Tower Light;1;49.29;;completed;Y
H101099;10/07/2024;Norwich Depot;East;GEN-60;60kVA Generator;1;100.94;ACC0130;completed;N
H101100;15/05/2024;Cardiff Depot;Wales;SF-TOW;Site Tower Light;7;55.53;ACC0166;completed;Y
H101101;22/08/2023;Cardiff Depot;Wales;WP-02;Water Pump 2in;-28;23.76;ACC0060;cancelled;Y
H101102;06/09/2024;Leeds Depot;North;CM-350;Concrete Mixer 350L;2;34.07;ACC0017;completed;Y
H101103;21/09/2023;Glasgow Depot;Scotland;GEN-60;60kVA Generator;3;89.94;ACC0044;completed;Y
H101104;23/01/2024;Leeds Depot;North;PB-15;Powered Barrow;2;41.85;ACC0139;completed;Y
H101105;15/08/2023;Glasgow Depot;Scotland;WP-02;Water Pump 2in;2;22.71;ACC0061;open;Y
H101106;20/04/2024;Bristol Depot;South West;CM-350;Concrete Mixer 350L;5;33.44;ACC0012;completed;N
H101107;07/07/2023;Glasgow Depot;Scotland;TL-01;Telehandler 4m;3;185.45;;completed;Y
H101108;12/06/2024;Cardiff Depot;Wales;EX-140;13T Excavator;-14;301.3;ACC0178;cancelled;N
H101109;02/02/2024;Leeds Depot;North;WP-02;Water Pump 2in;3;23.23;ACC0065;completed;Y
H101110;17/02/2024;Bristol Depot;South West;SC-22;Scissor Lift 22ft;2;79.69;ACC0143;completed;Y
H101111;26/05/2023;Cardiff Depot;Wales;GEN-60;60kVA Generator;3;96.7;ACC0104;completed;N
H101112;12/11/2023;Cardiff Depot;Wales;EX-140;13T Excavator;1;285.84;ACC0178;completed;Y
H101113;19/06/2023;Norwich Depot;East;CM-350;Concrete Mixer 350L;1;35.42;ACC0041;completed;Y
H101114;04/04/2024;Cardiff Depot;Wales;SC-22;Scissor Lift 22ft;5;82.58;ACC0148;completed;Y
H101115;25/06/2023;Cardiff Depot;Wales;CM-350;Concrete Mixer 350L;5;36.46;ACC0086;completed;Y
H101116;09/10/2024;Bristol Depot;South West;DM-09;Diesel Dumper 9T;1;145.64;ACC0055;completed;Y
H101117;13/09/2024;Norwich Depot;East;CM-350;Concrete Mixer 350L;5;34.64;ACC0203;completed;Y
H101118;08/03/2024;Bristol Depot;South West;TL-01;Telehandler 4m;3;200.94;ACC0221;open;Y
H101119;09/07/2024;Cardiff Depot;Wales;WP-02;Water Pump 2in;2;23.68;;completed;Y
H101120;19/10/2023;Leeds Depot;North;PB-15;Powered Barrow;1;39.83;ACC0260;completed;Y
H101121;15/05/2023;Cardiff Depot;Wales;WP-02;Water Pump 2in;1;23.43;ACC0028;completed;Y
H101122;09/10/2023;Norwich Depot;East;CM-350;Concrete Mixer 350L;2;33.55;;completed;Y
H101123;06/03/2024;Leeds Depot;North;WP-02;Water Pump 2in;14;21.96;ACC0132;completed;Y
H101124;26/04/2023;Norwich Depot;East;GEN-60;60kVA Generator;2;94.86;ACC0050;completed;Y
H101125;13/11/2024;Cardiff Depot;Wales;WP-02;Water Pump 2in;7;24.12;ACC0082;completed;Y
H101126;01/09/2023;Glasgow Depot;Scotland;PB-15;Powered Barrow;5;43.52;ACC0045;open;Y
H101127;14/04/2024;Glasgow Depot;Scotland;SC-22;Scissor Lift 22ft;3;74.51;ACC0214;completed;Y
H101128;27/08/2023;Leeds Depot;North;SF-TOW;Site Tower Light;1;53.0;;completed;Y
H101129;10/10/2024;Bristol Depot;South West;WP-02;Water Pump 2in;2;21.99;ACC0082;completed;N
H101130;30/08/2023;Cardiff Depot;Wales;TL-01;Telehandler 4m;7;202.68;ACC0103;completed;Y
H101131;10/01/2024;Norwich Depot;East;PB-15;Powered Barrow;-3;42.12;ACC0130;cancelled;Y
H101132;21/05/2024;Norwich Depot;East;WP-02;Water Pump 2in;2;23.68;ACC0227;completed;Y
H101133;20/04/2023;Glasgow Depot;Scotland;GEN-60;60kVA Generator;1;100.88;ACC0208;completed;Y
H101134;07/11/2023;Bristol Depot;South West;WP-02;Water Pump 2in;-1;23.4;ACC0110;cancelled;Y
H101135;18/05/2024;Norwich Depot;East;SC-22;Scissor Lift 22ft;5;81.16;ACC0182;completed;Y
H101136;26/12/2023;Norwich Depot;East;PB-15;Powered Barrow;1;40.26;ACC0025;completed;Y
H101137;08/04/2024;Leeds Depot;North;DM-09;Diesel Dumper 9T;1;155.58;ACC0049;completed;Y
H101138;31/12/2024;Glasgow Depot;Scotland;SC-22;Scissor Lift 22ft;7;79.74;ACC0038;completed;Y
H101139;03/05/2024;Norwich Depot;East;CM-350;Concrete Mixer 350L;5;33.15;ACC0156;completed;Y
H101140;21/07/2024;Cardiff Depot;Wales;CM-350;Concrete Mixer 350L;1;31.66;ACC0169;completed;Y
H101141;04/06/2024;Cardiff Depot;Wales;GEN-60;60kVA Generator;5;93.59;ACC0212;completed;N
H101142;22/06/2024;Cardiff Depot;Wales;CM-350;Concrete Mixer 350L;7;33.78;ACC0013;completed;Y
H101143;28/09/2024;Norwich Depot;East;CM-350;Concrete Mixer 350L;1;36.02;ACC0225;completed;N
H101144;15/11/2024;Norwich Depot;East;HD-BRK;Hydraulic Breaker;2;63.4;ACC0149;completed;Y
H101145;22/06/2023;Cardiff Depot;Wales;EX-140;13T Excavator;1;322.03;ACC0145;completed;Y
H101146;18/03/2024;Norwich Depot;East;DM-09;Diesel Dumper 9T;1;142.12;ACC0182;completed;Y
H101147;11/07/2023;Bristol Depot;South West;CM-350;Concrete Mixer 350L;1;33.41;ACC0145;completed;Y
H101148;12/05/2023;Leeds Depot;North;HD-BRK;Hydraulic Breaker;5;62.21;ACC0214;completed;N
H101149;19/03/2024;Norwich Depot;East;GEN-60;60kVA Generator;-2;98.96;ACC0121;cancelled;Y
H101150;08/03/2024;Norwich Depot;East;SC-22;Scissor Lift 22ft;2;80.48;ACC0189;completed;Y
H101151;30/06/2024;Glasgow Depot;Scotland;GEN-60;60kVA Generator;2;96.78;ACC0194;completed;Y
H101152;15/11/2023;Norwich Depot;East;PB-15;Powered Barrow;2;41.92;ACC0047;completed;Y
H101153;06/02/2024;Leeds Depot;North;TL-01;Telehandler 4m;3;193.38;ACC0259;completed;Y
H101154;20/05/2023;Bristol Depot;South West;TL-01;Telehandler 4m;14;181.94;ACC0223;completed;Y
H101155;29/10/2023;Norwich Depot;East;HD-BRK;Hydraulic Breaker;3;62.98;ACC0069;completed;Y
H101156;13/12/2024;Glasgow Depot;Scotland;WP-02;Water Pump 2in;3;21.16;ACC0211;completed;Y
H101157;01/08/2024;Cardiff Depot;Wales;CM-350;Concrete Mixer 350L;1;35.4;ACC0001;completed;Y
H101158;28/07/2024;Norwich Depot;East;DM-09;Diesel Dumper 9T;1;135.57;ACC0122;open;Y
H101159;15/07/2023;Leeds Depot;North;TL-01;Telehandler 4m;1;181.24;;completed;Y
H101160;19/09/2023;Bristol Depot;South West;PB-15;Powered Barrow;3;43.87;;completed;Y
H101161;19/07/2023;Norwich Depot;East;PB-15;Powered Barrow;1;43.66;ACC0242;completed;N
H101162;22/07/2024;Bristol Depot;South West;WP-02;Water Pump 2in;1;22.52;ACC0237;completed;Y
H101163;29/09/2024;Leeds Depot;North;TL-01;Telehandler 4m;-1;174.24;ACC0086;cancelled;Y
H101164;24/07/2023;Bristol Depot;South West;CM-350;Concrete Mixer 350L;5;34.23;ACC0095;completed;N
H101165;06/07/2023;Cardiff Depot;Wales;WP-02;Water Pump 2in;7;23.27;ACC0060;completed;N
H101166;05/04/2024;Leeds Depot;North;GEN-60;60kVA Generator;1;95.08;ACC0225;completed;Y
H101167;09/06/2023;Bristol Depot;South West;DM-09;Diesel Dumper 9T;1;146.09;ACC0072;completed;Y
H101168;29/04/2024;Norwich Depot;East;WP-02;Water Pump 2in;1;23.1;ACC0233;completed;Y
H101169;06/09/2024;Glasgow Depot;Scotland;DM-09;Diesel Dumper 9T;14;156.11;ACC0072;completed;Y
H101170;03/02/2024;Cardiff Depot;Wales;SF-TOW;Site Tower Light;2;51.06;ACC0089;completed;Y
H101171;13/12/2023;Leeds Depot;North;TL-01;Telehandler 4m;1;200.9;ACC0120;completed;Y
H101172;01/04/2024;Leeds Depot;North;CM-350;Concrete Mixer 350L;-2;32.15;ACC0191;cancelled;N
H101173;24/06/2024;Norwich Depot;East;CM-350;Concrete Mixer 350L;7;32.7;ACC0126;completed;Y
H101174;06/06/2023;Cardiff Depot;Wales;SF-TOW;Site Tower Light;5;51.74;ACC0095;open;Y
H101175;22/07/2023;Glasgow Depot;Scotland;WP-02;Water Pump 2in;1;23.44;ACC0215;completed;N
H101176;03/07/2024;Bristol Depot;South West;SF-TOW;Site Tower Light;2;50.81;ACC0172;completed;Y
H101177;22/10/2024;Norwich Depot;East;TL-01;Telehandler 4m;3;183.9;ACC0099;completed;Y
H101178;15/04/2023;Cardiff Depot;Wales;CM-350;Concrete Mixer 350L;3;31.96;ACC0011;completed;Y
H101179;12/05/2023;Cardiff Depot;Wales;WP-02;Water Pump 2in;2;21.94;ACC0097;completed;Y
H101180;09/11/2023;Norwich Depot;East;CM-350;Concrete Mixer 350L;28;33.97;ACC0183;completed;Y
H101181;04/06/2024;Norwich Depot;East;CM-350;Concrete Mixer 350L;3;32.55;ACC0125;completed;Y
H101182;14/01/2024;Norwich Depot;East;GEN-60;60kVA Generator;5;96.36;;completed;Y
H101183;09/02/2024;Leeds Depot;North;PB-15;Powered Barrow;5;43.23;ACC0036;completed;Y
H101184;30/06/2023;Glasgow Depot;Scotland;PB-15;Powered Barrow;5;41.97;ACC0219;completed;Y
H101185;02/12/2023;Norwich Depot;East;DM-09;Diesel Dumper 9T;3;150.39;ACC0247;completed;Y
H101186;22/04/2024;Norwich Depot;East;DM-09;Diesel Dumper 9T;3;154.9;ACC0166;completed;Y
H101187;18/03/2024;Norwich Depot;East;CM-350;Concrete Mixer 350L;1;31.43;ACC0074;completed;Y
H101188;15/06/2024;Cardiff Depot;Wales;WP-02;Water Pump 2in;28;21.47;ACC0205;completed;N
H101189;26/02/2024;Glasgow Depot;Scotland;GEN-60;60kVA Generator;28;90.48;ACC0205;completed;Y
H101190;07/01/2024;Leeds Depot;North;PB-15;Powered Barrow;1;41.3;ACC0205;completed;Y
H101191;28/04/2023;Norwich Depot;East;SC-22;Scissor Lift 22ft;2;74.36;;completed;Y
H101192;22/09/2023;Cardiff Depot;Wales;PB-15;Powered Barrow;14;39.82;;completed;Y
H101193;01/05/2023;Glasgow Depot;Scotland;CM-350;Concrete Mixer 350L;7;33.64;ACC0062;completed;N
H101194;05/09/2023;Leeds Depot;North;GEN-60;60kVA Generator;1;102.53;ACC0065;completed;Y
H101195;20/06/2024;Cardiff Depot;Wales;TL-01;Telehandler 4m;2;200.06;ACC0111;completed;Y
H101196;22/08/2023;Leeds Depot;North;HD-BRK;Hydraulic Breaker;7;64.15;ACC0126;completed;Y
H101197;16/07/2023;Glasgow Depot;Scotland;SC-22;Scissor Lift 22ft;5;83.18;ACC0029;completed;Y
H101198;12/08/2023;Glasgow Depot;Scotland;CM-350;Concrete Mixer 350L;5;33.43;;completed;Y
H101199;30/05/2024;Glasgow Depot;Scotland;SF-TOW;Site Tower Light;3;48.17;ACC0239;open;Y
H101200;06/07/2023;Bristol Depot;South West;CM-350;Concrete Mixer 350L;28;33.98;ACC0076;completed;Y
H101201;24/01/2024;Norwich Depot;East;HD-BRK;Hydraulic Breaker;5;68.4;ACC0061;completed;Y
H101202;25/12/2023;Cardiff Depot;Wales;CM-350;Concrete Mixer 350L;5;35.6;ACC0057;completed;Y
H101203;12/09/2024;Glasgow Depot;Scotland;SF-TOW;Site Tower Light;2;52.34;;completed;Y
H101204;26/11/2023;Cardiff Depot;Wales;CM-350;Concrete Mixer 350L;5;32.02;ACC0094;completed;Y
H101205;16/11/2023;Cardiff Depot;Wales;HD-BRK;Hydraulic Breaker;1;68.34;ACC0195;completed;Y
H101206;18/05/2023;Glasgow Depot;Scotland;GEN-60;60kVA Generator;3;98.95;ACC0184;completed;Y
H101207;17/01/2024;Cardiff Depot;Wales;SF-TOW;Site Tower Light;1;55.41;ACC0099;completed;N
H101208;30/07/2023;Norwich Depot;East;DM-09;Diesel Dumper 9T;2;141.19;ACC0001;completed;Y
H101209;29/08/2024;Leeds Depot;North;DM-09;Diesel Dumper 9T;3;155.59;ACC0036;completed;N
H101210;07/04/2023;Norwich Depot;East;DM-09;Diesel Dumper 9T;3;155.56;ACC0192;completed;Y
H101211;06/01/2024;Norwich Depot;East;DM-09;Diesel Dumper 9T;14;151.75;ACC0201;completed;Y
H101212;17/06/2024;Glasgow Depot;Scotland;GEN-60;60kVA Generator;1;102.09;ACC0142;completed;Y
H101213;04/11/2024;Glasgow Depot;Scotland;TL-01;Telehandler 4m;1;201.91;ACC0231;open;Y
H101214;24/06/2024;Glasgow Depot;Scotland;CM-350;Concrete Mixer 350L;7;33.12;ACC0147;completed;N
H101215;14/10/2023;Cardiff Depot;Wales;SF-TOW;Site Tower Light;2;54.53;ACC0189;completed;Y
H101216;01/05/2023;Cardiff Depot;Wales;SC-22;Scissor Lift 22ft;1;74.94;ACC0008;completed;Y
H101217;15/09/2023;Cardiff Depot;Wales;PB-15;Powered Barrow;2;38.27;ACC0212;completed;Y
H101218;20/02/2024;Norwich Depot;East;CM-350;Concrete Mixer 350L;1;33.39;ACC0171;completed;Y
H101219;08/07/2023;Leeds Depot;North;PB-15;Powered Barrow;3;40.2;ACC0168;completed;N
H101220;30/10/2024;Glasgow Depot;Scotland;TL-01;Telehandler 4m;5;194.5;ACC0098;completed;Y
H101221;25/11/2023;Bristol Depot;South West;CM-350;Concrete Mixer 350L;3;31.63;ACC0145;completed;Y
H101222;24/08/2024;Norwich Depot;East;CM-350;Concrete Mixer 350L;3;34.87;;completed;Y
H101223;11/12/2024;Leeds Depot;North;GEN-60;60kVA Generator;5;88.94;ACC0036;completed;Y
H101224;07/11/2024;Leeds Depot;North;SF-TOW;Site Tower Light;5;54.45;ACC0012;completed;Y
H101225;02/08/2023;Glasgow Depot;Scotland;HD-BRK;Hydraulic Breaker;1;65.68;ACC0115;completed;Y
H101226;14/12/2023;Cardiff Depot;Wales;WP-02;Water Pump 2in;1;23.2;ACC0222;completed;Y
H101227;07/08/2024;Bristol Depot;South West;GEN-60;60kVA Generator;1;90.55;ACC0138;completed;N
H101228;11/12/2023;Norwich Depot;East;GEN-60;60kVA Generator;2;91.66;ACC0085;completed;Y
H101229;30/05/2023;Norwich Depot;East;PB-15;Powered Barrow;7;40.43;;completed;Y
H101230;10/08/2024;Glasgow Depot;Scotland;TL-01;Telehandler 4m;1;192.99;ACC0037;completed;Y
H101231;17/08/2024;Norwich Depot;East;HD-BRK;Hydraulic Breaker;1;68.86;ACC0184;completed;Y
H101232;19/10/2024;Glasgow Depot;Scotland;SF-TOW;Site Tower Light;1;48.9;ACC0219;completed;Y
H101233;27/10/2024;Bristol Depot;South West;CM-350;Concrete Mixer 350L;28;31.59;ACC0100;completed;N
H101234;09/05/2023;Cardiff Depot;Wales;WP-02;Water Pump 2in;-1;21.2;;cancelled;Y
H101235;30/10/2024;Norwich Depot;East;SF-TOW;Site Tower Light;2;53.59;ACC0068;completed;Y
H101236;08/03/2024;Glasgow Depot;Scotland;DM-09;Diesel Dumper 9T;1;153.98;ACC0003;completed;Y
H101237;25/04/2023;Cardiff Depot;Wales;DM-09;Diesel Dumper 9T;14;152.33;ACC0045;completed;Y
H101238;17/03/2024;Leeds Depot;North;EX-140;13T Excavator;3;317.44;ACC0017;completed;Y
H101239;01/10/2024;Bristol Depot;South West;HD-BRK;Hydraulic Breaker;1;62.51;ACC0214;completed;N
H101240;08/03/2024;Glasgow Depot;Scotland;WP-02;Water Pump 2in;1;21.14;ACC0074;completed;Y
H101241;25/07/2023;Cardiff Depot;Wales;SF-TOW;Site Tower Light;7;55.77;ACC0199;completed;Y
H101242;04/09/2024;Cardiff Depot;Wales;SF-TOW;Site Tower Light;2;50.15;ACC0221;completed;Y
H101243;04/09/2024;Leeds Depot;North;GEN-60;60kVA Generator;1;102.27;ACC0036;completed;Y
H101244;22/02/2024;Cardiff Depot;Wales;CM-350;Concrete Mixer 350L;2;33.15;ACC0187;completed;Y
H101245;13/02/2024;Leeds Depot;North;SC-22;Scissor Lift 22ft;-2;82.0;ACC0037;cancelled;Y
H101246;12/08/2024;Bristol Depot;South West;HD-BRK;Hydraulic Breaker;7;68.03;ACC0248;completed;Y
H101247;18/05/2024;Norwich Depot;East;PB-15;Powered Barrow;2;37.97;ACC0178;completed;Y
H101248;03/02/2024;Leeds Depot;North;TL-01;Telehandler 4m;7;174.16;ACC0117;open;Y
H101249;07/07/2024;Norwich Depot;East;SF-TOW;Site Tower Light;5;48.58;;completed;Y
H101250;12/03/2024;Cardiff Depot;Wales;SC-22;Scissor Lift 22ft;1;81.53;ACC0184;completed;Y
H101251;27/09/2024;Glasgow Depot;Scotland;WP-02;Water Pump 2in;3;24.25;ACC0238;completed;Y
H101252;19/08/2023;Norwich Depot;East;GEN-60;60kVA Generator;7;100.36;ACC0259;completed;Y
H101253;22/11/2023;Glasgow Depot;Scotland;SF-TOW;Site Tower Light;-2;50.6;ACC0024;cancelled;N
H101254;05/09/2023;Cardiff Depot;Wales;DM-09;Diesel Dumper 9T;14;140.66;;completed;Y
H101255;19/04/2024;Leeds Depot;North;WP-02;Water Pump 2in;1;23.96;ACC0240;completed;Y
H101256;15/03/2024;Cardiff Depot;Wales;DM-09;Diesel Dumper 9T;1;156.57;ACC0238;completed;Y
H101257;29/11/2023;Cardiff Depot;Wales;PB-15;Powered Barrow;3;40.77;ACC0197;completed;Y
H101258;01/10/2023;Bristol Depot;South West;GEN-60;60kVA Generator;3;94.24;ACC0130;open;Y
H101259;19/06/2024;Cardiff Depot;Wales;WP-02;Water Pump 2in;7;21.49;ACC0079;completed;Y
H101260;31/07/2024;Norwich Depot;East;DM-09;Diesel Dumper 9T;3;142.79;ACC0045;completed;Y
H101261;20/06/2023;Norwich Depot;East;CM-350;Concrete Mixer 350L;-2;33.27;ACC0209;cancelled;Y
H101262;08/10/2024;Glasgow Depot;Scotland;GEN-60;60kVA Generator;14;95.18;ACC0224;completed;N
H101263;10/05/2024;Leeds Depot;North;GEN-60;60kVA Generator;1;97.78;ACC0256;completed;Y
H101264;06/11/2023;Norwich Depot;East;SC-22;Scissor Lift 22ft;28;76.53;ACC0185;completed;Y
H101265;15/03/2024;Glasgow Depot;Scotland;HD-BRK;Hydraulic Breaker;2;66.39;ACC0005;completed;Y
H101266;23/02/2024;Glasgow Depot;Scotland;SF-TOW;Site Tower Light;2;53.56;ACC0045;completed;N
H101267;30/01/2024;Bristol Depot;South West;DM-09;Diesel Dumper 9T;1;155.95;ACC0108;completed;Y
H101268;18/11/2023;Bristol Depot;South West;DM-09;Diesel Dumper 9T;2;141.95;ACC0161;completed;Y
H101269;11/10/2023;Glasgow Depot;Scotland;GEN-60;60kVA Generator;2;96.32;ACC0081;open;Y
H101270;28/06/2024;Leeds Depot;North;GEN-60;60kVA Generator;3;99.04;;completed;Y
H101271;01/06/2023;Glasgow Depot;Scotland;HD-BRK;Hydraulic Breaker;2;60.4;ACC0002;completed;N
H101272;25/06/2024;Cardiff Depot;Wales;WP-02;Water Pump 2in;5;24.18;ACC0126;completed;Y
H101273;09/02/2024;Glasgow Depot;Scotland;SC-22;Scissor Lift 22ft;1;80.59;ACC0231;completed;N
H101274;06/06/2023;Cardiff Depot;Wales;HD-BRK;Hydraulic Breaker;1;60.78;;completed;N
H101275;27/06/2023;Glasgow Depot;Scotland;SC-22;Scissor Lift 22ft;3;78.69;ACC0149;completed;Y
H101276;14/11/2024;Norwich Depot;East;TL-01;Telehandler 4m;14;180.81;ACC0108;completed;Y
H101277;06/04/2023;Leeds Depot;North;GEN-60;60kVA Generator;5;96.76;ACC0063;completed;Y
H101278;21/01/2024;Cardiff Depot;Wales;HD-BRK;Hydraulic Breaker;28;62.19;;completed;Y
H101279;28/12/2023;Bristol Depot;South West;WP-02;Water Pump 2in;2;23.77;ACC0230;completed;N
H101280;28/11/2023;Cardiff Depot;Wales;DM-09;Diesel Dumper 9T;14;150.12;;completed;Y
H101281;18/06/2024;Cardiff Depot;Wales;WP-02;Water Pump 2in;3;23.4;;completed;Y
H101282;23/11/2024;Leeds Depot;North;WP-02;Water Pump 2in;1;21.01;ACC0021;completed;Y
H101283;09/07/2023;Leeds Depot;North;GEN-60;60kVA Generator;3;89.29;ACC0141;completed;Y
H101284;11/11/2023;Norwich Depot;East;TL-01;Telehandler 4m;2;177.85;ACC0120;completed;Y
H101285;13/06/2024;Bristol Depot;South West;PB-15;Powered Barrow;5;43.01;ACC0116;completed;N
H101286;22/08/2023;Bristol Depot;South West;HD-BRK;Hydraulic Breaker;1;67.08;ACC0157;completed;Y
H101287;09/12/2023;Cardiff Depot;Wales;SC-22;Scissor Lift 22ft;1;74.4;ACC0125;completed;Y
H101288;06/11/2023;Norwich Depot;East;SC-22;Scissor Lift 22ft;5;74.55;ACC0129;completed;Y
H101289;09/04/2023;Bristol Depot;South West;DM-09;Diesel Dumper 9T;1;146.75;ACC0070;completed;Y
H101290;12/04/2023;Bristol Depot;South West;GEN-60;60kVA Generator;14;101.94;;completed;Y
H101291;07/09/2024;Leeds Depot;North;WP-02;Water Pump 2in;1;23.96;ACC0249;completed;N
H101292;20/07/2024;Bristol Depot;South West;WP-02;Water Pump 2in;2;22.65;ACC0131;completed;Y
H101293;29/11/2023;Bristol Depot;South West;CM-350;Concrete Mixer 350L;1;33.38;ACC0251;completed;N
H101294;09/12/2023;Leeds Depot;North;PB-15;Powered Barrow;5;41.78;ACC0001;open;Y
H101295;22/06/2024;Norwich Depot;East;GEN-60;60kVA Generator;2;90.98;ACC0112;completed;N
H101296;19/09/2024;Cardiff Depot;Wales;SC-22;Scissor Lift 22ft;2;78.57;;completed;N
H101297;26/08/2024;Cardiff Depot;Wales;TL-01;Telehandler 4m;3;177.23;ACC0255;completed;N
H101298;25/09/2024;Glasgow Depot;Scotland;TL-01;Telehandler 4m;1;193.25;ACC0099;completed;Y
H101299;04/07/2024;Bristol Depot;South West;SC-22;Scissor Lift 22ft;2;80.55;ACC0040;completed;Y
H101300;24/02/2024;Cardiff Depot;Wales;SC-22;Scissor Lift 22ft;3;72.96;ACC0167;completed;Y
H101301;12/01/2024;Norwich Depot;East;CM-350;Concrete Mixer 350L;2;35.3;ACC0097;open;Y
H101302;24/08/2023;Norwich Depot;East;SC-22;Scissor Lift 22ft;-2;72.23;ACC0170;cancelled;Y
H101303;05/10/2024;Glasgow Depot;Scotland;CM-350;Concrete Mixer 350L;5;31.61;ACC0065;completed;Y
H101304;19/04/2023;Norwich Depot;East;SF-TOW;Site Tower Light;14;53.12;ACC0018;completed;N
H101305;25/04/2023;Norwich Depot;East;DM-09;Diesel Dumper 9T;7;138.78;ACC0108;open;Y
H101306;28/12/2023;Leeds Depot;North;DM-09;Diesel Dumper 9T;3;154.02;ACC0231;completed;Y
H101307;15/10/2023;Cardiff Depot;Wales;WP-02;Water Pump 2in;1;21.12;ACC0012;completed;Y
H101308;14/11/2023;Glasgow Depot;Scotland;CM-350;Concrete Mixer 350L;2;35.23;ACC0114;completed;Y
H101309;05/09/2024;Bristol Depot;South West;HD-BRK;Hydraulic Breaker;3;60.98;ACC0093;completed;Y
H101310;16/10/2023;Glasgow Depot;Scotland;HD-BRK;Hydraulic Breaker;2;61.36;ACC0176;open;Y
H101311;10/10/2024;Glasgow Depot;Scotland;SF-TOW;Site Tower Light;-1;53.65;ACC0168;cancelled;Y
H101312;17/10/2024;Norwich Depot;East;PB-15;Powered Barrow;2;39.71;ACC0181;completed;Y
H101313;04/10/2023;Cardiff Depot;Wales;CM-350;Concrete Mixer 350L;1;34.44;ACC0173;completed;Y
H101314;14/06/2024;Glasgow Depot;Scotland;DM-09;Diesel Dumper 9T;14;146.5;ACC0015;completed;Y
H101315;01/06/2023;Cardiff Depot;Wales;CM-350;Concrete Mixer 350L;2;31.67;ACC0003;completed;Y
H101316;31/05/2023;Glasgow Depot;Scotland;HD-BRK;Hydraulic Breaker;1;61.46;ACC0137;completed;Y
H101317;15/09/2023;Norwich Depot;East;WP-02;Water Pump 2in;2;21.52;ACC0096;completed;Y
H101318;11/05/2023;Glasgow Depot;Scotland;GEN-60;60kVA Generator;14;88.78;ACC0175;completed;Y
H101319;15/06/2024;Bristol Depot;South West;SC-22;Scissor Lift 22ft;3;80.99;;open;Y
H101320;02/12/2024;Bristol Depot;South West;SF-TOW;Site Tower Light;1;49.45;ACC0253;completed;N
H101321;17/11/2024;Norwich Depot;East;HD-BRK;Hydraulic Breaker;5;62.61;ACC0082;completed;Y
H101322;06/03/2024;Bristol Depot;South West;HD-BRK;Hydraulic Breaker;2;60.28;ACC0132;completed;Y
H101323;10/12/2024;Leeds Depot;North;WP-02;Water Pump 2in;5;22.49;ACC0048;completed;N
H101324;26/03/2024;Glasgow Depot;Scotland;CM-350;Concrete Mixer 350L;3;35.0;ACC0226;completed;Y
H101325;15/11/2024;Bristol Depot;South West;TL-01;Telehandler 4m;5;193.41;ACC0061;completed;Y
H101326;14/01/2024;Norwich Depot;East;HD-BRK;Hydraulic Breaker;7;59.76;ACC0167;completed;N
H101327;06/05/2024;Norwich Depot;East;CM-350;Concrete Mixer 350L;2;34.49;ACC0144;completed;Y
H101328;06/06/2023;Leeds Depot;North;GEN-60;60kVA Generator;3;101.58;ACC0184;completed;N
H101329;25/04/2023;Leeds Depot;North;EX-140;13T Excavator;2;301.54;ACC0110;completed;N
H101330;27/07/2023;Leeds Depot;North;SF-TOW;Site Tower Light;14;52.21;;completed;Y
H101331;13/08/2024;Cardiff Depot;Wales;GEN-60;60kVA Generator;1;103.39;ACC0215;completed;Y
H101332;28/09/2024;Norwich Depot;East;PB-15;Powered Barrow;5;41.05;;completed;Y
H101333;08/08/2024;Norwich Depot;East;CM-350;Concrete Mixer 350L;-7;33.2;ACC0115;cancelled;N
H101334;28/09/2023;Bristol Depot;South West;SF-TOW;Site Tower Light;5;51.62;ACC0156;completed;Y
H101335;17/11/2023;Bristol Depot;South West;WP-02;Water Pump 2in;2;22.23;ACC0015;completed;Y
H101336;09/06/2024;Glasgow Depot;Scotland;PB-15;Powered Barrow;2;41.62;ACC0132;completed;Y
H101337;05/02/2024;Leeds Depot;North;DM-09;Diesel Dumper 9T;5;133.73;ACC0090;completed;Y
H101338;26/11/2024;Leeds Depot;North;WP-02;Water Pump 2in;2;21.29;ACC0010;completed;Y
H101339;15/12/2023;Bristol Depot;South West;HD-BRK;Hydraulic Breaker;1;59.85;ACC0063;completed;N
H101340;09/11/2024;Leeds Depot;North;DM-09;Diesel Dumper 9T;1;155.04;ACC0126;completed;Y
H101341;05/01/2024;Norwich Depot;East;DM-09;Diesel Dumper 9T;1;138.64;ACC0133;completed;N
H101342;09/09/2024;Cardiff Depot;Wales;SF-TOW;Site Tower Light;-14;48.09;ACC0063;cancelled;Y
H101343;27/10/2024;Leeds Depot;North;CM-350;Concrete Mixer 350L;1;32.19;ACC0235;completed;Y
H101344;23/10/2024;Bristol Depot;South West;TL-01;Telehandler 4m;1;186.95;ACC0140;completed;N
H101345;04/05/2024;Leeds Depot;North;TL-01;Telehandler 4m;1;177.01;ACC0203;completed;Y
H101346;10/11/2024;Norwich Depot;East;WP-02;Water Pump 2in;1;24.19;ACC0126;completed;Y
H101347;31/01/2024;Glasgow Depot;Scotland;CM-350;Concrete Mixer 350L;7;35.42;ACC0223;completed;Y
H101348;25/08/2023;Leeds Depot;North;SC-22;Scissor Lift 22ft;1;84.11;ACC0197;completed;Y
H101349;20/02/2024;Bristol Depot;South West;CM-350;Concrete Mixer 350L;2;36.43;ACC0225;completed;Y
H101350;18/08/2024;Bristol Depot;South West;WP-02;Water Pump 2in;5;22.33;ACC0170;completed;Y
H101351;14/12/2023;Leeds Depot;North;CM-350;Concrete Mixer 350L;-3;31.69;ACC0029;cancelled;Y
H101352;24/02/2024;Glasgow Depot;Scotland;HD-BRK;Hydraulic Breaker;7;63.73;ACC0233;completed;N
H101353;17/04/2023;Norwich Depot;East;CM-350;Concrete Mixer 350L;2;36.32;ACC0001;completed;Y
H101354;23/02/2024;Norwich Depot;East;SF-TOW;Site Tower Light;1;48.81;ACC0199;completed;Y
H101355;24/09/2024;Glasgow Depot;Scotland;WP-02;Water Pump 2in;-1;21.59;ACC0185;cancelled;Y
H101356;28/09/2024;Leeds Depot;North;SC-22;Scissor Lift 22ft;5;79.06;ACC0105;open;Y
H101357;02/12/2023;Cardiff Depot;Wales;SC-22;Scissor Lift 22ft;1;75.57;ACC0080;completed;Y
H101358;21/09/2023;Glasgow Depot;Scotland;GEN-60;60kVA Generator;1;89.08;;completed;Y
H101359;20/12/2024;Cardiff Depot;Wales;PB-15;Powered Barrow;3;38.91;ACC0028;completed;Y
H101360;28/05/2024;Bristol Depot;South West;GEN-60;60kVA Generator;28;98.97;ACC0047;completed;Y
H101361;19/11/2024;Cardiff Depot;Wales;PB-15;Powered Barrow;2;40.13;ACC0082;completed;Y
H101362;25/06/2023;Norwich Depot;East;SC-22;Scissor Lift 22ft;14;75.34;ACC0022;completed;Y
H101363;29/11/2023;Cardiff Depot;Wales;EX-140;13T Excavator;1;331.38;;completed;Y
H101364;13/01/2024;Bristol Depot;South West;SC-22;Scissor Lift 22ft;2;75.2;ACC0072;open;Y
H101365;06/01/2024;Norwich Depot;East;PB-15;Powered Barrow;1;40.61;ACC0181;completed;Y
H101366;08/08/2024;Glasgow Depot;Scotland;SF-TOW;Site Tower Light;5;55.09;ACC0091;completed;Y
H101367;01/09/2024;Leeds Depot;North;SC-22;Scissor Lift 22ft;3;80.88;ACC0155;completed;Y
H101368;24/06/2024;Norwich Depot;East;CM-350;Concrete Mixer 350L;7;34.96;ACC0129;completed;Y
H101369;03/12/2023;Cardiff Depot;Wales;TL-01;Telehandler 4m;1;196.09;ACC0004;completed;Y
H101370;22/12/2023;Glasgow Depot;Scotland;PB-15;Powered Barrow;1;40.54;ACC0207;completed;Y
H101371;21/03/2024;Cardiff Depot;Wales;GEN-60;60kVA Generator;2;103.5;ACC0118;completed;N
H101372;07/07/2024;Leeds Depot;North;SF-TOW;Site Tower Light;5;51.06;ACC0075;completed;Y
H101373;13/08/2024;Leeds Depot;North;WP-02;Water Pump 2in;28;23.53;ACC0144;completed;Y
H101374;08/01/2024;Norwich Depot;East;WP-02;Water Pump 2in;2;20.75;ACC0053;completed;Y
H101375;14/11/2023;Bristol Depot;South West;EX-140;13T Excavator;-5;314.51;;cancelled;Y
H101376;11/01/2024;Cardiff Depot;Wales;GEN-60;60kVA Generator;14;96.62;ACC0203;completed;Y
H101377;26/09/2023;Glasgow Depot;Scotland;PB-15;Powered Barrow;1;39.13;ACC0061;completed;Y
H101378;25/04/2023;Leeds Depot;North;GEN-60;60kVA Generator;28;102.49;ACC0181;completed;Y
H101379;07/02/2024;Glasgow Depot;Scotland;DM-09;Diesel Dumper 9T;-2;146.92;ACC0229;cancelled;Y
H101380;18/09/2023;Bristol Depot;South West;GEN-60;60kVA Generator;1;97.56;;completed;Y
H101381;26/06/2024;Leeds Depot;North;SC-22;Scissor Lift 22ft;1;75.34;ACC0044;completed;Y
H101382;22/05/2023;Leeds Depot;North;GEN-60;60kVA Generator;1;100.46;;open;N
H101383;09/10/2023;Cardiff Depot;Wales;WP-02;Water Pump 2in;1;21.3;ACC0077;completed;Y
H101384;28/01/2024;Bristol Depot;South West;HD-BRK;Hydraulic Breaker;1;60.57;ACC0236;completed;Y
H101385;11/12/2024;Glasgow Depot;Scotland;CM-350;Concrete Mixer 350L;28;33.15;;completed;Y
H101386;25/03/2024;Leeds Depot;North;HD-BRK;Hydraulic Breaker;3;62.15;;completed;N
H101387;27/04/2023;Leeds Depot;North;CM-350;Concrete Mixer 350L;1;32.35;ACC0241;completed;Y
H101388;07/03/2024;Norwich Depot;East;SC-22;Scissor Lift 22ft;14;73.49;ACC0076;completed;Y
H101389;24/07/2023;Glasgow Depot;Scotland;DM-09;Diesel Dumper 9T;-2;143.37;ACC0100;cancelled;Y
H101390;25/05/2024;Glasgow Depot;Scotland;HD-BRK;Hydraulic Breaker;1;65.91;ACC0149;completed;Y
H101391;25/05/2024;Leeds Depot;North;PB-15;Powered Barrow;3;38.94;ACC0207;completed;Y
H101392;01/06/2024;Norwich Depot;East;EX-140;13T Excavator;14;303.69;ACC0148;completed;Y
H101393;18/08/2023;Norwich Depot;East;CM-350;Concrete Mixer 350L;1;32.43;ACC0236;completed;N
H101394;29/07/2024;Bristol Depot;South West;WP-02;Water Pump 2in;1;21.16;ACC0179;completed;N
H101395;16/10/2023;Bristol Depot;South West;CM-350;Concrete Mixer 350L;1;35.84;ACC0206;completed;Y
H101396;16/11/2023;Cardiff Depot;Wales;WP-02;Water Pump 2in;5;21.47;ACC0025;completed;Y
H101397;24/10/2024;Cardiff Depot;Wales;SC-22;Scissor Lift 22ft;1;74.98;ACC0047;open;Y
H101398;02/08/2023;Norwich Depot;East;HD-BRK;Hydraulic Breaker;5;61.41;ACC0256;completed;Y
H101399;03/05/2024;Norwich Depot;East;CM-350;Concrete Mixer 350L;3;32.47;ACC0010;completed;Y
H101400;18/05/2023;Leeds Depot;North;HD-BRK;Hydraulic Breaker;2;65.2;ACC0126;completed;Y
H101401;18/02/2024;Cardiff Depot;Wales;PB-15;Powered Barrow;2;41.97;ACC0081;completed;Y
H101402;01/05/2024;Norwich Depot;East;CM-350;Concrete Mixer 350L;1;33.23;ACC0009;completed;N
H101403;12/07/2023;Leeds Depot;North;TL-01;Telehandler 4m;3;191.55;ACC0133;completed;Y
H101404;05/09/2023;Glasgow Depot;Scotland;TL-01;Telehandler 4m;1;201.88;ACC0254;completed;Y
H101405;20/06/2023;Norwich Depot;East;SC-22;Scissor Lift 22ft;3;73.79;ACC0130;completed;Y
H101406;23/04/2024;Cardiff Depot;Wales;TL-01;Telehandler 4m;1;174.12;ACC0146;completed;Y
H101407;18/02/2024;Bristol Depot;South West;HD-BRK;Hydraulic Breaker;-2;66.17;ACC0239;cancelled;Y
H101408;12/11/2023;Leeds Depot;North;SF-TOW;Site Tower Light;3;54.46;ACC0169;open;Y
H101409;26/01/2024;Glasgow Depot;Scotland;PB-15;Powered Barrow;2;43.32;;completed;Y
H101410;29/12/2023;Norwich Depot;East;SC-22;Scissor Lift 22ft;3;73.12;ACC0088;completed;Y
H101411;18/11/2024;Cardiff Depot;Wales;SC-22;Scissor Lift 22ft;1;78.84;ACC0070;completed;Y
H101412;07/08/2024;Bristol Depot;South West;CM-350;Concrete Mixer 350L;28;33.86;ACC0059;completed;Y
H101413;25/03/2024;Norwich Depot;East;CM-350;Concrete Mixer 350L;3;34.14;;completed;Y
H101414;22/10/2024;Norwich Depot;East;TL-01;Telehandler 4m;2;185.39;ACC0204;completed;Y
H101415;19/08/2024;Bristol Depot;South West;CM-350;Concrete Mixer 350L;14;32.42;;completed;Y
H101416;19/12/2023;Glasgow Depot;Scotland;CM-350;Concrete Mixer 350L;1;33.37;;completed;Y
H101417;03/09/2023;Cardiff Depot;Wales;WP-02;Water Pump 2in;1;23.89;ACC0162;completed;Y
H101418;24/12/2023;Cardiff Depot;Wales;GEN-60;60kVA Generator;5;102.28;ACC0077;completed;Y
H101419;10/10/2024;Leeds Depot;North;SF-TOW;Site Tower Light;3;56.09;ACC0160;completed;Y
H101420;04/10/2024;Leeds Depot;North;SF-TOW;Site Tower Light;2;52.64;ACC0154;completed;Y
H101421;03/12/2024;Bristol Depot;South West;WP-02;Water Pump 2in;1;21.17;;completed;Y
H101422;05/08/2023;Cardiff Depot;Wales;WP-02;Water Pump 2in;1;24.08;ACC0133;completed;Y
H101423;11/05/2023;Bristol Depot;South West;EX-140;13T Excavator;3;306.63;ACC0047;completed;Y
H101424;26/12/2024;Cardiff Depot;Wales;PB-15;Powered Barrow;14;39.56;ACC0190;completed;N
H101425;18/06/2023;Norwich Depot;East;TL-01;Telehandler 4m;1;182.04;ACC0084;completed;Y
H101426;02/09/2023;Norwich Depot;East;WP-02;Water Pump 2in;1;24.3;ACC0109;completed;Y
H101427;24/10/2023;Glasgow Depot;Scotland;GEN-60;60kVA Generator;1;90.45;ACC0014;completed;N
H101428;22/03/2024;Cardiff Depot;Wales;SF-TOW;Site Tower Light;5;52.37;ACC0084;completed;Y
H101429;17/06/2023;Norwich Depot;East;EX-140;13T Excavator;2;316.85;ACC0118;completed;Y
H101430;01/04/2024;Leeds Depot;North;WP-02;Water Pump 2in;1;23.78;ACC0028;completed;N
H101431;24/07/2023;Leeds Depot;North;HD-BRK;Hydraulic Breaker;1;68.23;ACC0122;completed;Y
H101432;18/09/2024;Cardiff Depot;Wales;SC-22;Scissor Lift 22ft;3;83.63;ACC0241;completed;Y
H101433;14/10/2024;Bristol Depot;South West;CM-350;Concrete Mixer 350L;2;32.61;ACC0015;completed;Y
H101434;24/06/2024;Glasgow Depot;Scotland;GEN-60;60kVA Generator;1;97.35;ACC0258;completed;Y
H101435;25/05/2023;Norwich Depot;East;GEN-60;60kVA Generator;1;97.74;ACC0149;completed;Y
H101436;12/10/2023;Cardiff Depot;Wales;CM-350;Concrete Mixer 350L;14;33.75;ACC0215;completed;Y
H101437;16/04/2024;Norwich Depot;East;SC-22;Scissor Lift 22ft;14;72.86;ACC0180;completed;Y
H101438;22/04/2024;Leeds Depot;North;GEN-60;60kVA Generator;7;98.11;ACC0189;completed;Y
H101439;14/05/2024;Glasgow Depot;Scotland;WP-02;Water Pump 2in;-3;23.07;ACC0103;cancelled;Y
H101440;24/03/2024;Norwich Depot;East;EX-140;13T Excavator;1;309.71;ACC0251;completed;Y
H101441;02/09/2024;Bristol Depot;South West;SF-TOW;Site Tower Light;5;49.73;ACC0174;completed;Y
H101442;23/09/2024;Cardiff Depot;Wales;SC-22;Scissor Lift 22ft;2;77.67;ACC0130;completed;N
H101443;03/04/2024;Norwich Depot;East;SC-22;Scissor Lift 22ft;28;81.19;ACC0049;completed;Y
H101444;31/12/2023;Cardiff Depot;Wales;CM-350;Concrete Mixer 350L;2;35.96;ACC0123;completed;Y
H101445;07/03/2024;Norwich Depot;East;DM-09;Diesel Dumper 9T;5;139.5;ACC0080;completed;Y
H101446;15/07/2023;Bristol Depot;South West;EX-140;13T Excavator;2;323.93;ACC0004;completed;Y
H101447;28/02/2024;Leeds Depot;North;WP-02;Water Pump 2in;2;21.42;;completed;Y
H101448;15/09/2023;Leeds Depot;North;SC-22;Scissor Lift 22ft;3;78.85;ACC0192;completed;N
H101449;25/07/2024;Glasgow Depot;Scotland;DM-09;Diesel Dumper 9T;2;142.65;ACC0230;open;Y
H101450;16/07/2024;Norwich Depot;East;WP-02;Water Pump 2in;2;20.75;ACC0129;completed;Y
H101451;30/12/2023;Bristol Depot;South West;WP-02;Water Pump 2in;28;21.85;ACC0099;open;Y
H101452;09/09/2023;Bristol Depot;South West;EX-140;13T Excavator;1;289.92;;completed;Y
H101453;18/01/2024;Glasgow Depot;Scotland;WP-02;Water Pump 2in;2;21.87;ACC0020;completed;Y
H101454;03/07/2023;Bristol Depot;South West;SC-22;Scissor Lift 22ft;-1;83.57;ACC0079;cancelled;Y
H101455;05/09/2024;Glasgow Depot;Scotland;CM-350;Concrete Mixer 350L;-3;36.52;;cancelled;Y
H101456;07/02/2024;Glasgow Depot;Scotland;TL-01;Telehandler 4m;1;200.48;ACC0045;completed;Y
H101457;31/01/2024;Cardiff Depot;Wales;CM-350;Concrete Mixer 350L;-2;34.21;ACC0219;cancelled;Y
H101458;29/12/2024;Cardiff Depot;Wales;CM-350;Concrete Mixer 350L;2;32.09;ACC0017;open;Y
H101459;15/10/2024;Leeds Depot;North;PB-15;Powered Barrow;1;38.72;ACC0090;completed;Y
H101460;17/10/2024;Bristol Depot;South West;GEN-60;60kVA Generator;2;102.59;ACC0137;completed;Y
H101461;27/12/2023;Cardiff Depot;Wales;CM-350;Concrete Mixer 350L;7;36.68;ACC0254;completed;N
H101462;18/05/2023;Norwich Depot;East;WP-02;Water Pump 2in;1;22.36;ACC0080;completed;Y
H101463;01/10/2023;Glasgow Depot;Scotland;CM-350;Concrete Mixer 350L;1;33.45;ACC0165;completed;Y
H101464;26/08/2023;Bristol Depot;South West;PB-15;Powered Barrow;14;43.43;ACC0179;completed;N
H101465;16/06/2024;Norwich Depot;East;SC-22;Scissor Lift 22ft;2;81.21;ACC0223;completed;Y
H101466;19/09/2023;Norwich Depot;East;TL-01;Telehandler 4m;14;189.27;;completed;Y
H101467;30/07/2024;Bristol Depot;South West;TL-01;Telehandler 4m;5;178.01;ACC0077;completed;Y
H101468;08/09/2023;Cardiff Depot;Wales;TL-01;Telehandler 4m;1;197.49;ACC0027;completed;Y
H101469;19/11/2023;Norwich Depot;East;CM-350;Concrete Mixer 350L;1;35.2;ACC0028;open;Y
H101470;09/11/2023;Cardiff Depot;Wales;GEN-60;60kVA Generator;3;99.41;ACC0090;completed;N
H101471;03/11/2023;Bristol Depot;South West;WP-02;Water Pump 2in;3;21.93;;completed;Y
H101472;26/03/2024;Glasgow Depot;Scotland;WP-02;Water Pump 2in;1;22.29;ACC0248;completed;Y
H101473;28/08/2023;Norwich Depot;East;HD-BRK;Hydraulic Breaker;2;67.21;ACC0162;completed;N
H101474;29/02/2024;Bristol Depot;South West;PB-15;Powered Barrow;7;41.77;ACC0202;completed;Y
H101475;10/06/2024;Glasgow Depot;Scotland;WP-02;Water Pump 2in;2;21.45;ACC0195;completed;N
H101476;17/04/2024;Bristol Depot;South West;WP-02;Water Pump 2in;7;23.76;ACC0155;completed;Y
H101477;10/05/2023;Norwich Depot;East;CM-350;Concrete Mixer 350L;1;32.75;ACC0151;completed;Y
H101478;20/12/2024;Norwich Depot;East;SC-22;Scissor Lift 22ft;-1;73.6;ACC0110;cancelled;Y
H101479;01/11/2023;Norwich Depot;East;HD-BRK;Hydraulic Breaker;-1;68.78;ACC0161;cancelled;Y
H101480;24/10/2023;Norwich Depot;East;DM-09;Diesel Dumper 9T;2;135.3;ACC0025;completed;Y
H101481;10/08/2023;Glasgow Depot;Scotland;SF-TOW;Site Tower Light;7;51.18;ACC0240;completed;Y
H101482;20/11/2024;Bristol Depot;South West;CM-350;Concrete Mixer 350L;2;33.34;ACC0017;completed;Y
H101483;22/08/2023;Glasgow Depot;Scotland;EX-140;13T Excavator;2;332.38;ACC0258;completed;N
H101484;08/07/2024;Glasgow Depot;Scotland;PB-15;Powered Barrow;2;41.3;ACC0131;completed;Y
H101485;08/08/2024;Bristol Depot;South West;SF-TOW;Site Tower Light;7;56.06;ACC0126;completed;Y
H101486;12/06/2024;Norwich Depot;East;CM-350;Concrete Mixer 350L;1;35.61;ACC0040;completed;Y
H101487;29/06/2023;Cardiff Depot;Wales;GEN-60;60kVA Generator;28;99.64;ACC0251;completed;N
H101488;14/09/2024;Bristol Depot;South West;WP-02;Water Pump 2in;5;21.86;ACC0238;completed;Y
H101489;29/05/2023;Norwich Depot;East;DM-09;Diesel Dumper 9T;3;143.42;ACC0204;completed;Y
H101490;10/04/2024;Glasgow Depot;Scotland;SC-22;Scissor Lift 22ft;1;79.88;ACC0113;completed;Y
H101491;15/06/2023;Bristol Depot;South West;SC-22;Scissor Lift 22ft;1;73.57;ACC0036;completed;Y
H101492;18/04/2023;Norwich Depot;East;WP-02;Water Pump 2in;5;20.98;ACC0007;completed;Y
H101493;24/05/2023;Leeds Depot;North;GEN-60;60kVA Generator;1;90.53;ACC0021;completed;Y
H101494;11/08/2023;Norwich Depot;East;PB-15;Powered Barrow;1;41.32;ACC0011;open;N
H101495;16/06/2024;Cardiff Depot;Wales;WP-02;Water Pump 2in;2;22.66;ACC0153;completed;Y
H101496;02/12/2023;Norwich Depot;East;EX-140;13T Excavator;3;307.91;ACC0033;completed;Y
H101497;04/09/2023;Bristol Depot;South West;WP-02;Water Pump 2in;1;22.83;ACC0145;completed;Y
H101498;02/06/2023;Leeds Depot;North;PB-15;Powered Barrow;2;43.56;ACC0258;completed;Y
H101499;30/12/2023;Leeds Depot;North;SF-TOW;Site Tower Light;1;52.64;;completed;Y
H101500;19/07/2024;Leeds Depot;North;SF-TOW;Site Tower Light;14;55.1;;completed;Y
H101501;30/08/2024;Bristol Depot;South West;CM-350;Concrete Mixer 350L;1;32.31;ACC0104;completed;Y
H101502;10/09/2023;Leeds Depot;North;SF-TOW;Site Tower Light;2;53.14;ACC0037;open;Y
H101503;18/07/2023;Norwich Depot;East;HD-BRK;Hydraulic Breaker;1;60.31;ACC0023;completed;Y
H101504;30/05/2023;Leeds Depot;North;GEN-60;60kVA Generator;3;102.23;ACC0239;completed;N
H101505;14/09/2023;Cardiff Depot;Wales;EX-140;13T Excavator;2;316.11;ACC0222;completed;Y
H101506;20/07/2024;Glasgow Depot;Scotland;CM-350;Concrete Mixer 350L;7;33.2;ACC0086;completed;Y
H101507;06/04/2024;Cardiff Depot;Wales;CM-350;Concrete Mixer 350L;2;32.56;ACC0067;completed;Y
H101508;03/07/2024;Cardiff Depot;Wales;CM-350;Concrete Mixer 350L;3;32.03;ACC0104;completed;Y
H101509;13/06/2024;Bristol Depot;South West;CM-350;Concrete Mixer 350L;7;36.36;ACC0056;completed;N
H101510;24/07/2024;Norwich Depot;East;TL-01;Telehandler 4m;1;192.96;ACC0220;completed;Y
H101511;09/05/2023;Cardiff Depot;Wales;GEN-60;60kVA Generator;2;92.87;ACC0068;completed;Y
H101512;04/07/2023;Cardiff Depot;Wales;SF-TOW;Site Tower Light;1;51.03;ACC0082;completed;Y
H101513;12/05/2023;Glasgow Depot;Scotland;WP-02;Water Pump 2in;1;22.56;ACC0001;completed;Y
H101514;08/05/2024;Glasgow Depot;Scotland;EX-140;13T Excavator;2;329.77;ACC0004;completed;Y
H101515;15/05/2024;Cardiff Depot;Wales;SC-22;Scissor Lift 22ft;2;72.8;;completed;Y
H101516;02/09/2024;Leeds Depot;North;SF-TOW;Site Tower Light;14;48.82;ACC0231;completed;Y
H101517;06/05/2023;Glasgow Depot;Scotland;CM-350;Concrete Mixer 350L;1;32.28;ACC0253;completed;Y
H101518;08/07/2023;Bristol Depot;South West;DM-09;Diesel Dumper 9T;3;154.26;ACC0089;completed;Y
H101519;08/04/2024;Bristol Depot;South West;DM-09;Diesel Dumper 9T;-5;140.37;ACC0205;cancelled;N
H101520;21/10/2023;Bristol Depot;South West;HD-BRK;Hydraulic Breaker;14;62.77;ACC0217;completed;Y
H101521;14/04/2023;Leeds Depot;North;GEN-60;60kVA Generator;2;88.71;ACC0232;completed;Y
H101522;09/04/2023;Glasgow Depot;Scotland;PB-15;Powered Barrow;2;38.68;ACC0026;completed;Y
H101523;16/11/2024;Norwich Depot;East;SC-22;Scissor Lift 22ft;2;80.12;ACC0172;completed;Y
H101524;14/11/2024;Leeds Depot;North;CM-350;Concrete Mixer 350L;14;33.17;;completed;Y
H101525;19/01/2024;Cardiff Depot;Wales;DM-09;Diesel Dumper 9T;5;143.64;ACC0217;completed;Y
H101526;08/08/2024;Leeds Depot;North;GEN-60;60kVA Generator;3;90.81;ACC0236;completed;Y
H101527;02/07/2023;Cardiff Depot;Wales;SF-TOW;Site Tower Light;2;52.45;;completed;Y
H101528;09/11/2023;Norwich Depot;East;SF-TOW;Site Tower Light;1;52.6;ACC0114;completed;Y
H101529;03/05/2024;Norwich Depot;East;SC-22;Scissor Lift 22ft;28;76.24;ACC0021;completed;Y
H101530;08/04/2023;Leeds Depot;North;WP-02;Water Pump 2in;14;24.1;ACC0192;completed;Y
H101531;18/06/2023;Cardiff Depot;Wales;HD-BRK;Hydraulic Breaker;14;63.52;ACC0072;completed;N
H101532;22/05/2023;Cardiff Depot;Wales;PB-15;Powered Barrow;1;42.38;ACC0008;completed;Y
H101533;11/08/2024;Bristol Depot;South West;HD-BRK;Hydraulic Breaker;1;61.05;ACC0240;completed;N
H101534;03/10/2023;Cardiff Depot;Wales;PB-15;Powered Barrow;3;40.35;ACC0177;completed;Y
H101535;26/12/2024;Norwich Depot;East;WP-02;Water Pump 2in;3;21.28;ACC0244;completed;Y
H101536;31/05/2023;Cardiff Depot;Wales;GEN-60;60kVA Generator;5;92.19;ACC0016;completed;Y
H101537;25/04/2023;Norwich Depot;East;TL-01;Telehandler 4m;5;175.75;ACC0086;open;Y
H101538;04/05/2023;Norwich Depot;East;TL-01;Telehandler 4m;3;191.28;ACC0009;completed;Y
H101539;27/07/2024;Leeds Depot;North;WP-02;Water Pump 2in;1;21.03;ACC0192;completed;Y
H101540;11/09/2024;Norwich Depot;East;PB-15;Powered Barrow;5;42.14;ACC0059;completed;Y
H101541;17/09/2024;Glasgow Depot;Scotland;WP-02;Water Pump 2in;7;21.41;ACC0257;completed;Y
H101542;28/07/2024;Leeds Depot;North;EX-140;13T Excavator;1;310.8;ACC0163;completed;Y
H101543;06/04/2023;Cardiff Depot;Wales;SF-TOW;Site Tower Light;1;55.66;ACC0099;completed;Y
H101544;14/07/2023;Glasgow Depot;Scotland;WP-02;Water Pump 2in;7;22.06;ACC0220;completed;Y
H101545;30/10/2023;Norwich Depot;East;WP-02;Water Pump 2in;1;24.25;ACC0054;completed;Y
H101546;16/04/2023;Bristol Depot;South West;DM-09;Diesel Dumper 9T;1;140.26;ACC0119;completed;Y
H101547;20/09/2023;Cardiff Depot;Wales;SC-22;Scissor Lift 22ft;2;76.25;;completed;Y
H101548;05/12/2024;Cardiff Depot;Wales;SC-22;Scissor Lift 22ft;2;78.94;ACC0014;completed;Y
H101549;19/12/2024;Glasgow Depot;Scotland;SF-TOW;Site Tower Light;1;49.46;ACC0116;completed;Y
H101550;09/09/2024;Glasgow Depot;Scotland;GEN-60;60kVA Generator;3;97.17;ACC0032;completed;Y
H101551;04/09/2023;Leeds Depot;North;SC-22;Scissor Lift 22ft;3;79.55;;completed;Y
H101552;17/03/2024;Bristol Depot;South West;SF-TOW;Site Tower Light;7;51.01;ACC0090;open;Y
H101553;29/12/2023;Glasgow Depot;Scotland;PB-15;Powered Barrow;5;42.29;ACC0166;completed;Y
H101554;28/06/2024;Leeds Depot;North;SC-22;Scissor Lift 22ft;14;76.75;ACC0017;completed;Y
H101555;30/11/2024;Norwich Depot;East;GEN-60;60kVA Generator;1;89.85;ACC0118;completed;Y
H101556;11/11/2024;Cardiff Depot;Wales;SF-TOW;Site Tower Light;1;48.07;ACC0113;completed;N
H101557;09/08/2024;Leeds Depot;North;SF-TOW;Site Tower Light;2;55.11;ACC0138;completed;Y
H101558;09/02/2024;Bristol Depot;South West;GEN-60;60kVA Generator;5;88.4;ACC0244;completed;Y
H101559;03/07/2023;Norwich Depot;East;GEN-60;60kVA Generator;2;101.9;ACC0147;completed;Y
H101560;27/10/2023;Cardiff Depot;Wales;WP-02;Water Pump 2in;2;22.11;ACC0223;completed;Y
H101561;31/01/2024;Leeds Depot;North;GEN-60;60kVA Generator;14;97.13;ACC0108;completed;Y
H101562;18/09/2023;Bristol Depot;South West;GEN-60;60kVA Generator;2;99.34;ACC0149;completed;Y
H101563;30/10/2024;Bristol Depot;South West;EX-140;13T Excavator;1;292.16;ACC0171;completed;Y
H101564;06/10/2024;Leeds Depot;North;SF-TOW;Site Tower Light;2;52.79;ACC0078;completed;Y
H101565;12/04/2023;Norwich Depot;East;DM-09;Diesel Dumper 9T;1;149.04;ACC0129;completed;N
H101566;14/07/2024;Glasgow Depot;Scotland;GEN-60;60kVA Generator;3;94.0;ACC0067;completed;Y
H101567;22/08/2023;Glasgow Depot;Scotland;WP-02;Water Pump 2in;2;23.77;;completed;Y
H101568;02/06/2023;Bristol Depot;South West;WP-02;Water Pump 2in;1;21.79;ACC0163;completed;N
H101569;17/06/2023;Leeds Depot;North;SC-22;Scissor Lift 22ft;1;76.61;ACC0039;completed;Y
H101570;23/02/2024;Leeds Depot;North;CM-350;Concrete Mixer 350L;14;35.0;ACC0102;completed;N
H101571;12/07/2024;Bristol Depot;South West;CM-350;Concrete Mixer 350L;1;33.13;ACC0219;completed;Y
H101572;18/08/2024;Cardiff Depot;Wales;CM-350;Concrete Mixer 350L;3;36.24;ACC0192;completed;Y
H101573;09/11/2024;Leeds Depot;North;SC-22;Scissor Lift 22ft;1;84.21;ACC0026;completed;Y
H101574;08/06/2023;Cardiff Depot;Wales;EX-140;13T Excavator;14;312.12;ACC0207;completed;Y
H101575;14/11/2023;Cardiff Depot;Wales;PB-15;Powered Barrow;1;42.72;ACC0202;completed;Y
H101576;04/07/2024;Cardiff Depot;Wales;HD-BRK;Hydraulic Breaker;1;59.51;ACC0179;open;N
H101577;19/08/2024;Norwich Depot;East;CM-350;Concrete Mixer 350L;3;33.42;ACC0134;completed;Y
H101578;04/02/2024;Cardiff Depot;Wales;WP-02;Water Pump 2in;2;20.86;ACC0073;completed;Y
H101579;31/01/2024;Leeds Depot;North;PB-15;Powered Barrow;-1;41.37;ACC0116;cancelled;Y
H101580;29/05/2023;Cardiff Depot;Wales;GEN-60;60kVA Generator;3;89.82;ACC0198;completed;Y
H101581;22/10/2024;Leeds Depot;North;HD-BRK;Hydraulic Breaker;7;62.24;ACC0199;completed;Y
H101582;27/09/2024;Norwich Depot;East;GEN-60;60kVA Generator;3;92.2;ACC0062;completed;Y
H101583;03/06/2023;Glasgow Depot;Scotland;TL-01;Telehandler 4m;2;195.02;ACC0214;completed;Y
H101584;02/02/2024;Norwich Depot;East;DM-09;Diesel Dumper 9T;1;143.01;ACC0126;completed;Y
H101585;07/04/2024;Norwich Depot;East;EX-140;13T Excavator;3;295.67;ACC0133;completed;Y
H101586;13/02/2024;Norwich Depot;East;TL-01;Telehandler 4m;3;202.49;ACC0160;completed;Y
H101587;04/03/2024;Bristol Depot;South West;SC-22;Scissor Lift 22ft;1;76.92;ACC0218;completed;Y
H101588;21/12/2023;Bristol Depot;South West;SC-22;Scissor Lift 22ft;14;76.02;ACC0222;completed;N
H101589;16/11/2024;Bristol Depot;South West;HD-BRK;Hydraulic Breaker;5;64.28;ACC0113;completed;Y
H101590;13/03/2024;Cardiff Depot;Wales;SF-TOW;Site Tower Light;2;51.19;;completed;Y
H101591;17/09/2024;Leeds Depot;North;SF-TOW;Site Tower Light;14;53.76;ACC0011;completed;N
H101592;14/11/2023;Leeds Depot;North;TL-01;Telehandler 4m;1;193.91;;completed;N
H101593;27/04/2024;Bristol Depot;South West;CM-350;Concrete Mixer 350L;2;32.97;ACC0172;completed;Y
H101594;09/09/2024;Bristol Depot;South West;PB-15;Powered Barrow;5;38.82;ACC0072;completed;Y
H101595;21/02/2024;Cardiff Depot;Wales;SC-22;Scissor Lift 22ft;-1;80.02;ACC0005;cancelled;Y
H101596;18/12/2023;Bristol Depot;South West;TL-01;Telehandler 4m;2;200.82;ACC0233;completed;N
H101597;09/11/2024;Bristol Depot;South West;DM-09;Diesel Dumper 9T;1;142.93;ACC0228;completed;Y
H101598;06/05/2024;Bristol Depot;South West;EX-140;13T Excavator;7;301.59;ACC0088;completed;Y
H101599;21/08/2023;Bristol Depot;South West;TL-01;Telehandler 4m;14;192.59;ACC0229;completed;N
H101600;06/09/2023;Leeds Depot;North;SF-TOW;Site Tower Light;-1;54.99;ACC0075;cancelled;Y
H101601;27/06/2024;Cardiff Depot;Wales;DM-09;Diesel Dumper 9T;3;146.15;ACC0242;completed;Y
H101602;30/10/2023;Leeds Depot;North;TL-01;Telehandler 4m;7;178.69;ACC0230;completed;Y
H101603;27/12/2024;Norwich Depot;East;CM-350;Concrete Mixer 350L;7;35.24;ACC0178;completed;Y
H101604;29/04/2024;Leeds Depot;North;WP-02;Water Pump 2in;7;23.79;ACC0057;completed;Y
H101605;18/11/2024;Bristol Depot;South West;PB-15;Powered Barrow;1;40.11;ACC0215;completed;Y
H101606;13/12/2023;Bristol Depot;South West;WP-02;Water Pump 2in;14;20.79;ACC0182;open;Y
H101607;20/09/2024;Cardiff Depot;Wales;CM-350;Concrete Mixer 350L;3;31.67;;completed;Y
H101608;12/11/2023;Bristol Depot;South West;EX-140;13T Excavator;1;328.35;ACC0038;completed;Y
H101609;20/11/2023;Cardiff Depot;Wales;PB-15;Powered Barrow;-2;42.65;ACC0229;cancelled;Y
H101610;18/11/2023;Cardiff Depot;Wales;GEN-60;60kVA Generator;-2;89.57;ACC0066;cancelled;Y
H101611;24/04/2024;Leeds Depot;North;WP-02;Water Pump 2in;2;22.06;ACC0147;completed;Y
H101612;08/11/2024;Glasgow Depot;Scotland;SF-TOW;Site Tower Light;7;54.96;ACC0032;completed;N
H101613;13/01/2024;Bristol Depot;South West;TL-01;Telehandler 4m;7;183.49;ACC0230;completed;Y
H101614;17/09/2024;Glasgow Depot;Scotland;HD-BRK;Hydraulic Breaker;5;68.4;ACC0200;completed;Y
H101615;21/08/2024;Glasgow Depot;Scotland;SC-22;Scissor Lift 22ft;1;78.76;ACC0126;completed;Y
H101616;15/11/2023;Leeds Depot;North;DM-09;Diesel Dumper 9T;1;139.18;ACC0165;completed;Y
H101617;06/12/2024;Norwich Depot;East;SF-TOW;Site Tower Light;3;52.51;ACC0122;completed;Y
H101618;24/11/2023;Norwich Depot;East;GEN-60;60kVA Generator;3;98.04;ACC0099;completed;Y
H101619;25/07/2024;Leeds Depot;North;EX-140;13T Excavator;5;298.78;ACC0009;open;Y
H101620;28/01/2024;Bristol Depot;South West;SC-22;Scissor Lift 22ft;7;74.38;ACC0045;completed;Y
H101621;14/04/2023;Norwich Depot;East;SC-22;Scissor Lift 22ft;7;78.95;ACC0204;completed;N
H101622;05/04/2024;Glasgow Depot;Scotland;WP-02;Water Pump 2in;1;22.21;ACC0053;completed;N
H101623;14/02/2024;Cardiff Depot;Wales;CM-350;Concrete Mixer 350L;2;32.89;ACC0177;completed;N
H101624;29/06/2023;Norwich Depot;East;TL-01;Telehandler 4m;2;179.28;ACC0047;completed;N
H101625;22/06/2024;Leeds Depot;North;TL-01;Telehandler 4m;1;179.95;ACC0079;completed;N
H101626;10/10/2023;Glasgow Depot;Scotland;GEN-60;60kVA Generator;1;102.25;ACC0166;completed;Y
H101627;28/06/2023;Glasgow Depot;Scotland;GEN-60;60kVA Generator;5;99.27;ACC0177;completed;Y
H101628;10/07/2024;Bristol Depot;South West;SC-22;Scissor Lift 22ft;2;80.85;ACC0095;completed;Y
H101629;25/07/2023;Bristol Depot;South West;CM-350;Concrete Mixer 350L;2;33.9;ACC0093;completed;Y
H101630;18/10/2023;Norwich Depot;East;DM-09;Diesel Dumper 9T;14;136.38;ACC0156;completed;Y
H101631;27/06/2024;Leeds Depot;North;CM-350;Concrete Mixer 350L;1;36.54;ACC0216;completed;Y
H101632;06/09/2024;Glasgow Depot;Scotland;DM-09;Diesel Dumper 9T;3;138.94;ACC0109;completed;Y
H101633;30/10/2023;Glasgow Depot;Scotland;CM-350;Concrete Mixer 350L;1;35.54;ACC0244;completed;Y
H101634;03/07/2023;Cardiff Depot;Wales;PB-15;Powered Barrow;2;43.15;ACC0055;completed;Y
H101635;30/04/2023;Leeds Depot;North;DM-09;Diesel Dumper 9T;2;144.93;ACC0037;completed;Y
H101636;19/10/2023;Cardiff Depot;Wales;WP-02;Water Pump 2in;2;23.5;ACC0012;completed;Y
H101637;27/09/2024;Glasgow Depot;Scotland;DM-09;Diesel Dumper 9T;1;134.57;ACC0026;completed;N
H101638;21/01/2024;Cardiff Depot;Wales;GEN-60;60kVA Generator;2;103.59;ACC0258;completed;Y
H101639;29/12/2023;Norwich Depot;East;WP-02;Water Pump 2in;2;23.32;ACC0253;completed;Y
H101640;24/09/2024;Cardiff Depot;Wales;HD-BRK;Hydraulic Breaker;2;64.96;ACC0048;completed;Y
H101641;31/01/2024;Leeds Depot;North;EX-140;13T Excavator;1;312.04;ACC0059;open;Y
H101642;11/04/2024;Glasgow Depot;Scotland;DM-09;Diesel Dumper 9T;1;138.59;ACC0154;completed;Y
H101643;13/03/2024;Leeds Depot;North;WP-02;Water Pump 2in;3;22.83;ACC0024;completed;Y
H101644;28/12/2023;Leeds Depot;North;SF-TOW;Site Tower Light;5;50.96;;completed;Y
H101645;13/06/2023;Leeds Depot;North;CM-350;Concrete Mixer 350L;3;32.78;ACC0131;completed;N
H101646;18/06/2024;Cardiff Depot;Wales;HD-BRK;Hydraulic Breaker;-1;62.27;ACC0065;cancelled;Y
H101647;30/05/2024;Cardiff Depot;Wales;PB-15;Powered Barrow;1;43.79;ACC0134;completed;Y
H101648;19/03/2024;Cardiff Depot;Wales;SF-TOW;Site Tower Light;5;54.02;ACC0048;completed;N
H101649;24/05/2023;Leeds Depot;North;WP-02;Water Pump 2in;3;22.18;ACC0130;completed;Y
H101650;13/07/2023;Cardiff Depot;Wales;EX-140;13T Excavator;-2;332.11;ACC0129;cancelled;N
H101651;03/10/2024;Cardiff Depot;Wales;TL-01;Telehandler 4m;3;173.69;ACC0198;completed;Y
H101652;28/07/2023;Bristol Depot;South West;CM-350;Concrete Mixer 350L;1;35.81;ACC0176;completed;Y
H101653;07/08/2024;Cardiff Depot;Wales;GEN-60;60kVA Generator;7;94.87;ACC0021;completed;Y
H101654;21/03/2024;Bristol Depot;South West;PB-15;Powered Barrow;3;42.29;ACC0251;completed;Y
H101655;12/08/2024;Norwich Depot;East;GEN-60;60kVA Generator;1;92.79;ACC0133;completed;Y
H101656;17/09/2023;Bristol Depot;South West;WP-02;Water Pump 2in;5;22.62;ACC0025;completed;Y
H101657;16/05/2024;Cardiff Depot;Wales;SF-TOW;Site Tower Light;5;54.13;ACC0179;completed;Y
H101658;19/09/2024;Bristol Depot;South West;WP-02;Water Pump 2in;2;21.35;ACC0125;completed;N
H101659;11/10/2024;Leeds Depot;North;TL-01;Telehandler 4m;5;198.53;ACC0059;completed;Y
H101660;10/10/2024;Cardiff Depot;Wales;HD-BRK;Hydraulic Breaker;1;63.03;ACC0142;completed;Y
H101661;16/05/2024;Cardiff Depot;Wales;CM-350;Concrete Mixer 350L;2;34.54;ACC0028;completed;Y
H101662;01/09/2024;Bristol Depot;South West;PB-15;Powered Barrow;5;38.32;ACC0244;completed;Y
H101663;18/12/2023;Norwich Depot;East;TL-01;Telehandler 4m;1;192.48;ACC0030;completed;Y
H101664;25/12/2023;Leeds Depot;North;WP-02;Water Pump 2in;5;23.32;ACC0102;completed;Y
H101665;05/01/2024;Bristol Depot;South West;TL-01;Telehandler 4m;5;190.13;ACC0197;completed;Y
H101666;13/03/2024;Norwich Depot;East;HD-BRK;Hydraulic Breaker;2;59.25;ACC0110;completed;Y
H101667;06/12/2023;Norwich Depot;East;TL-01;Telehandler 4m;3;192.63;;completed;Y
H101668;15/01/2024;Cardiff Depot;Wales;WP-02;Water Pump 2in;1;22.3;ACC0046;completed;N
H101669;14/07/2023;Cardiff Depot;Wales;SC-22;Scissor Lift 22ft;1;80.38;ACC0067;completed;Y
H101670;14/06/2024;Bristol Depot;South West;PB-15;Powered Barrow;2;44.11;ACC0160;completed;Y
H101671;03/06/2023;Cardiff Depot;Wales;SF-TOW;Site Tower Light;3;51.06;ACC0096;completed;Y
H101672;12/08/2023;Bristol Depot;South West;TL-01;Telehandler 4m;2;195.19;ACC0075;completed;Y
H101673;04/10/2023;Bristol Depot;South West;HD-BRK;Hydraulic Breaker;1;59.63;ACC0128;completed;Y
H101674;17/06/2024;Norwich Depot;East;GEN-60;60kVA Generator;7;96.05;ACC0197;completed;Y
H101675;10/04/2023;Norwich Depot;East;GEN-60;60kVA Generator;7;92.33;ACC0182;completed;Y
H101676;05/12/2024;Leeds Depot;North;SC-22;Scissor Lift 22ft;1;83.08;ACC0188;completed;Y
H101677;15/12/2024;Glasgow Depot;Scotland;SC-22;Scissor Lift 22ft;3;81.43;ACC0006;open;Y
H101678;15/11/2023;Bristol Depot;South West;HD-BRK;Hydraulic Breaker;1;68.46;ACC0076;completed;Y
H101679;15/05/2023;Glasgow Depot;Scotland;SF-TOW;Site Tower Light;1;54.57;ACC0165;completed;Y
H101680;18/03/2024;Norwich Depot;East;CM-350;Concrete Mixer 350L;3;34.39;ACC0183;completed;Y
H101681;02/11/2023;Norwich Depot;East;GEN-60;60kVA Generator;3;101.6;ACC0173;completed;Y
H101682;22/05/2023;Bristol Depot;South West;WP-02;Water Pump 2in;-1;24.11;ACC0204;cancelled;Y
H101683;24/06/2023;Bristol Depot;South West;DM-09;Diesel Dumper 9T;1;134.62;ACC0254;completed;Y
H101684;04/07/2023;Norwich Depot;East;GEN-60;60kVA Generator;5;100.9;ACC0158;completed;Y
H101685;08/12/2023;Cardiff Depot;Wales;PB-15;Powered Barrow;28;39.67;ACC0165;completed;Y
H101686;06/07/2024;Leeds Depot;North;DM-09;Diesel Dumper 9T;2;137.21;ACC0257;completed;Y
H101687;06/05/2023;Norwich Depot;East;SC-22;Scissor Lift 22ft;7;79.1;ACC0121;completed;Y
H101688;11/10/2023;Leeds Depot;North;PB-15;Powered Barrow;7;42.68;ACC0008;completed;Y
H101689;27/12/2024;Cardiff Depot;Wales;SF-TOW;Site Tower Light;1;49.02;ACC0115;completed;Y
H101690;15/03/2024;Glasgow Depot;Scotland;HD-BRK;Hydraulic Breaker;28;63.16;ACC0019;completed;Y
H101691;28/10/2023;Leeds Depot;North;DM-09;Diesel Dumper 9T;28;153.26;;completed;N
H101692;26/05/2024;Leeds Depot;North;SF-TOW;Site Tower Light;14;51.06;ACC0130;completed;Y
H101693;31/12/2023;Norwich Depot;East;WP-02;Water Pump 2in;3;22.77;ACC0103;completed;Y
H101694;03/08/2023;Leeds Depot;North;WP-02;Water Pump 2in;2;23.25;ACC0122;open;Y
H101695;14/04/2024;Leeds Depot;North;GEN-60;60kVA Generator;3;102.71;ACC0229;completed;Y
H101696;17/07/2023;Bristol Depot;South West;DM-09;Diesel Dumper 9T;5;139.31;ACC0018;open;Y
H101697;08/11/2024;Bristol Depot;South West;HD-BRK;Hydraulic Breaker;-1;62.16;ACC0226;cancelled;Y
H101698;17/04/2024;Cardiff Depot;Wales;CM-350;Concrete Mixer 350L;5;36.36;ACC0163;completed;N
H101699;06/06/2023;Bristol Depot;South West;GEN-60;60kVA Generator;1;90.47;ACC0228;completed;Y
H101700;02/05/2024;Cardiff Depot;Wales;GEN-60;60kVA Generator;3;91.24;ACC0087;completed;Y
H101701;02/01/2024;Leeds Depot;North;GEN-60;60kVA Generator;1;91.0;ACC0011;completed;N
H101702;09/02/2024;Norwich Depot;East;WP-02;Water Pump 2in;7;23.22;ACC0252;completed;Y
H101703;02/10/2023;Bristol Depot;South West;CM-350;Concrete Mixer 350L;1;31.67;ACC0222;completed;Y
H101704;06/09/2023;Glasgow Depot;Scotland;TL-01;Telehandler 4m;28;196.13;ACC0038;completed;Y
H101705;11/11/2023;Glasgow Depot;Scotland;EX-140;13T Excavator;3;312.15;;completed;Y
H101706;31/08/2024;Cardiff Depot;Wales;EX-140;13T Excavator;5;327.0;ACC0076;completed;Y
H101707;01/09/2024;Bristol Depot;South West;SC-22;Scissor Lift 22ft;1;74.92;ACC0123;completed;Y
H101708;24/03/2024;Norwich Depot;East;GEN-60;60kVA Generator;1;99.83;ACC0170;completed;Y
H101709;18/06/2024;Cardiff Depot;Wales;SC-22;Scissor Lift 22ft;1;75.33;ACC0031;completed;Y
H101710;23/10/2023;Cardiff Depot;Wales;SF-TOW;Site Tower Light;1;51.1;ACC0106;completed;Y
H101711;23/11/2024;Glasgow Depot;Scotland;CM-350;Concrete Mixer 350L;1;36.17;;completed;N
H101712;06/06/2024;Norwich Depot;East;SC-22;Scissor Lift 22ft;1;82.14;ACC0181;completed;Y
H101713;23/12/2024;Glasgow Depot;Scotland;WP-02;Water Pump 2in;2;23.35;ACC0125;completed;Y
H101714;26/07/2023;Cardiff Depot;Wales;WP-02;Water Pump 2in;1;23.04;ACC0166;completed;Y
H101715;01/10/2023;Leeds Depot;North;DM-09;Diesel Dumper 9T;2;136.67;ACC0111;completed;N
H101716;12/06/2024;Bristol Depot;South West;HD-BRK;Hydraulic Breaker;1;67.12;ACC0077;completed;N
H101717;02/06/2024;Bristol Depot;South West;DM-09;Diesel Dumper 9T;3;134.98;ACC0193;completed;Y
H101718;21/11/2024;Norwich Depot;East;CM-350;Concrete Mixer 350L;1;35.71;ACC0132;completed;Y
H101719;28/11/2023;Cardiff Depot;Wales;SC-22;Scissor Lift 22ft;2;74.51;ACC0092;completed;Y
H101720;24/05/2024;Glasgow Depot;Scotland;TL-01;Telehandler 4m;2;198.08;ACC0088;completed;N
H101721;10/12/2023;Leeds Depot;North;TL-01;Telehandler 4m;-2;191.36;ACC0184;cancelled;Y
H101722;04/09/2024;Glasgow Depot;Scotland;SC-22;Scissor Lift 22ft;2;72.43;ACC0160;open;Y
H101723;24/04/2024;Bristol Depot;South West;EX-140;13T Excavator;7;314.15;ACC0114;completed;Y
H101724;13/07/2023;Cardiff Depot;Wales;CM-350;Concrete Mixer 350L;1;34.56;ACC0070;completed;Y
H101725;26/04/2024;Glasgow Depot;Scotland;TL-01;Telehandler 4m;7;194.75;;completed;N
H101726;27/10/2023;Bristol Depot;South West;SF-TOW;Site Tower Light;-2;50.04;ACC0134;cancelled;N
H101727;23/12/2023;Leeds Depot;North;SF-TOW;Site Tower Light;3;56.13;;completed;Y
H101728;26/06/2024;Leeds Depot;North;TL-01;Telehandler 4m;1;193.08;ACC0053;completed;Y
H101729;02/04/2024;Norwich Depot;East;SC-22;Scissor Lift 22ft;2;83.92;ACC0166;completed;Y
H101730;12/09/2023;Leeds Depot;North;GEN-60;60kVA Generator;14;96.15;ACC0022;completed;Y
H101731;03/03/2024;Norwich Depot;East;SF-TOW;Site Tower Light;2;51.52;ACC0096;completed;Y
H101732;05/04/2024;Glasgow Depot;Scotland;PB-15;Powered Barrow;3;43.13;ACC0001;completed;Y
H101733;06/04/2024;Glasgow Depot;Scotland;PB-15;Powered Barrow;2;38.93;ACC0047;completed;Y
H101734;03/11/2024;Glasgow Depot;Scotland;SF-TOW;Site Tower Light;-3;54.57;ACC0243;cancelled;Y
H101735;08/05/2023;Glasgow Depot;Scotland;SC-22;Scissor Lift 22ft;1;79.33;ACC0250;completed;Y
H101736;14/03/2024;Leeds Depot;North;SC-22;Scissor Lift 22ft;2;81.37;ACC0202;completed;Y
H101737;07/06/2024;Glasgow Depot;Scotland;TL-01;Telehandler 4m;3;179.61;ACC0090;completed;Y
H101738;18/10/2024;Cardiff Depot;Wales;WP-02;Water Pump 2in;3;21.83;ACC0188;completed;Y
H101739;31/12/2024;Bristol Depot;South West;SC-22;Scissor Lift 22ft;5;82.39;ACC0245;completed;Y
H101740;02/09/2024;Norwich Depot;East;HD-BRK;Hydraulic Breaker;2;68.84;ACC0163;completed;N
H101741;14/07/2024;Norwich Depot;East;PB-15;Powered Barrow;28;40.86;;completed;Y
H101742;09/02/2024;Norwich Depot;East;EX-140;13T Excavator;2;317.25;ACC0213;completed;Y
H101743;16/12/2023;Bristol Depot;South West;DM-09;Diesel Dumper 9T;28;139.88;ACC0057;completed;Y
H101744;27/02/2024;Leeds Depot;North;CM-350;Concrete Mixer 350L;1;35.81;ACC0185;completed;Y
H101745;22/10/2024;Norwich Depot;East;SC-22;Scissor Lift 22ft;2;75.65;ACC0090;completed;Y
H101746;03/08/2023;Glasgow Depot;Scotland;SF-TOW;Site Tower Light;1;50.07;ACC0155;completed;Y
H101747;12/02/2024;Norwich Depot;East;CM-350;Concrete Mixer 350L;3;32.76;ACC0110;completed;Y
H101748;01/06/2023;Leeds Depot;North;SF-TOW;Site Tower Light;1;54.41;ACC0080;completed;Y
H101749;22/03/2024;Norwich Depot;East;CM-350;Concrete Mixer 350L;1;33.7;ACC0073;completed;Y
H101750;16/06/2024;Norwich Depot;East;PB-15;Powered Barrow;2;38.03;ACC0140;completed;Y
H101751;04/11/2023;Cardiff Depot;Wales;CM-350;Concrete Mixer 350L;3;32.81;;open;Y
H101752;01/08/2023;Glasgow Depot;Scotland;PB-15;Powered Barrow;3;42.52;ACC0065;completed;N
H101753;17/10/2023;Norwich Depot;East;PB-15;Powered Barrow;1;39.42;ACC0227;completed;N
H101754;29/07/2023;Cardiff Depot;Wales;GEN-60;60kVA Generator;5;93.9;ACC0196;completed;Y
H101755;16/06/2023;Bristol Depot;South West;SF-TOW;Site Tower Light;3;49.57;ACC0201;completed;Y
H101756;03/10/2024;Bristol Depot;South West;WP-02;Water Pump 2in;14;23.21;;completed;Y
H101757;28/04/2023;Bristol Depot;South West;SC-22;Scissor Lift 22ft;1;75.01;ACC0213;completed;Y
H101758;18/08/2024;Bristol Depot;South West;SC-22;Scissor Lift 22ft;2;73.55;ACC0194;completed;Y
H101759;12/09/2024;Cardiff Depot;Wales;HD-BRK;Hydraulic Breaker;3;68.33;ACC0229;completed;Y
H101760;09/06/2023;Bristol Depot;South West;SF-TOW;Site Tower Light;1;51.86;ACC0044;completed;Y
H101761;01/07/2023;Bristol Depot;South West;CM-350;Concrete Mixer 350L;2;31.29;ACC0127;completed;Y
H101762;23/11/2024;Norwich Depot;East;WP-02;Water Pump 2in;2;21.94;ACC0009;completed;Y
H101763;28/02/2024;Glasgow Depot;Scotland;EX-140;13T Excavator;5;330.46;ACC0196;completed;N
H101764;22/11/2023;Leeds Depot;North;CM-350;Concrete Mixer 350L;2;32.81;;completed;Y
H101765;02/12/2023;Cardiff Depot;Wales;CM-350;Concrete Mixer 350L;3;32.12;ACC0024;completed;Y
H101766;05/09/2023;Leeds Depot;North;SF-TOW;Site Tower Light;28;50.3;;completed;Y
H101767;17/07/2024;Glasgow Depot;Scotland;SF-TOW;Site Tower Light;2;51.74;ACC0071;completed;Y
H101768;07/01/2024;Glasgow Depot;Scotland;SF-TOW;Site Tower Light;3;48.71;ACC0002;completed;Y
H101769;31/12/2024;Glasgow Depot;Scotland;WP-02;Water Pump 2in;1;24.06;ACC0076;completed;Y
H101770;01/09/2023;Glasgow Depot;Scotland;WP-02;Water Pump 2in;3;22.96;ACC0067;completed;Y
H101771;08/12/2023;Leeds Depot;North;SC-22;Scissor Lift 22ft;3;72.31;ACC0049;completed;Y
H101772;29/11/2023;Cardiff Depot;Wales;PB-15;Powered Barrow;2;43.25;ACC0070;open;Y
H101773;23/03/2024;Leeds Depot;North;CM-350;Concrete Mixer 350L;3;35.96;ACC0176;completed;N
H101774;06/08/2024;Glasgow Depot;Scotland;GEN-60;60kVA Generator;1;101.05;ACC0234;completed;Y
H101775;16/11/2023;Glasgow Depot;Scotland;DM-09;Diesel Dumper 9T;2;156.21;ACC0101;completed;Y
H101776;06/05/2023;Cardiff Depot;Wales;SC-22;Scissor Lift 22ft;2;75.31;ACC0158;completed;Y
H101777;23/08/2024;Cardiff Depot;Wales;WP-02;Water Pump 2in;5;23.82;ACC0145;completed;N
H101778;25/06/2023;Bristol Depot;South West;TL-01;Telehandler 4m;5;179.52;ACC0093;completed;Y
H101779;21/11/2023;Cardiff Depot;Wales;TL-01;Telehandler 4m;2;178.08;ACC0241;completed;Y
H101780;02/04/2023;Bristol Depot;South West;PB-15;Powered Barrow;5;38.88;ACC0220;completed;Y
H101781;28/09/2024;Leeds Depot;North;WP-02;Water Pump 2in;14;23.64;ACC0078;completed;N
H101782;27/08/2024;Bristol Depot;South West;GEN-60;60kVA Generator;3;99.36;ACC0246;completed;Y
H101783;15/06/2024;Glasgow Depot;Scotland;SC-22;Scissor Lift 22ft;1;72.63;ACC0060;completed;Y
H101784;26/03/2024;Norwich Depot;East;CM-350;Concrete Mixer 350L;1;33.49;ACC0164;completed;Y
H101785;28/09/2024;Norwich Depot;East;SC-22;Scissor Lift 22ft;2;72.68;ACC0014;completed;Y
H101786;16/08/2023;Bristol Depot;South West;HD-BRK;Hydraulic Breaker;2;61.17;ACC0058;completed;Y
H101787;26/06/2024;Glasgow Depot;Scotland;SF-TOW;Site Tower Light;1;48.14;ACC0259;completed;Y
H101788;13/06/2024;Glasgow Depot;Scotland;SF-TOW;Site Tower Light;1;52.68;ACC0057;completed;Y
H101789;07/02/2024;Glasgow Depot;Scotland;TL-01;Telehandler 4m;5;176.78;ACC0224;completed;Y
H101790;16/09/2023;Norwich Depot;East;CM-350;Concrete Mixer 350L;5;35.59;ACC0179;completed;Y
H101791;10/12/2024;Cardiff Depot;Wales;WP-02;Water Pump 2in;-2;22.06;ACC0007;cancelled;Y
H101792;22/06/2023;Glasgow Depot;Scotland;WP-02;Water Pump 2in;1;21.5;ACC0104;completed;N
H101793;21/08/2024;Leeds Depot;North;SC-22;Scissor Lift 22ft;5;74.77;ACC0011;completed;Y
H101794;19/10/2024;Cardiff Depot;Wales;PB-15;Powered Barrow;7;38.92;;completed;Y
H101795;02/05/2024;Norwich Depot;East;PB-15;Powered Barrow;14;43.26;ACC0076;completed;Y
H101796;13/12/2024;Glasgow Depot;Scotland;HD-BRK;Hydraulic Breaker;1;61.38;ACC0242;completed;Y
H101797;10/02/2024;Leeds Depot;North;GEN-60;60kVA Generator;14;98.24;;open;Y
H101798;27/12/2023;Cardiff Depot;Wales;WP-02;Water Pump 2in;2;21.38;;completed;Y
H101799;03/06/2024;Glasgow Depot;Scotland;PB-15;Powered Barrow;3;43.68;ACC0072;completed;Y
H101800;06/07/2024;Leeds Depot;North;SC-22;Scissor Lift 22ft;5;74.39;;completed;N
H101801;28/10/2024;Leeds Depot;North;PB-15;Powered Barrow;14;38.41;ACC0178;completed;Y
H101802;25/02/2024;Cardiff Depot;Wales;GEN-60;60kVA Generator;-1;91.22;ACC0204;cancelled;Y
H101803;06/01/2024;Bristol Depot;South West;HD-BRK;Hydraulic Breaker;5;59.41;ACC0158;completed;Y
H101804;08/08/2023;Bristol Depot;South West;DM-09;Diesel Dumper 9T;-2;154.84;ACC0166;cancelled;N
H101805;22/07/2023;Norwich Depot;East;CM-350;Concrete Mixer 350L;-28;32.04;ACC0093;cancelled;Y
H101806;22/11/2024;Leeds Depot;North;WP-02;Water Pump 2in;7;21.09;ACC0161;completed;Y
H101807;25/04/2023;Leeds Depot;North;WP-02;Water Pump 2in;1;21.02;ACC0199;completed;N
H101808;12/06/2024;Glasgow Depot;Scotland;GEN-60;60kVA Generator;7;91.06;;completed;Y
H101809;23/04/2024;Bristol Depot;South West;GEN-60;60kVA Generator;14;94.27;ACC0153;completed;Y
H101810;18/02/2024;Norwich Depot;East;CM-350;Concrete Mixer 350L;1;36.17;ACC0145;completed;N
H101811;02/11/2024;Bristol Depot;South West;TL-01;Telehandler 4m;5;202.68;ACC0084;completed;N
H101812;22/11/2023;Norwich Depot;East;SF-TOW;Site Tower Light;14;51.87;ACC0107;completed;Y
H101813;23/06/2023;Bristol Depot;South West;CM-350;Concrete Mixer 350L;1;34.26;ACC0061;completed;Y
H101814;13/09/2023;Cardiff Depot;Wales;EX-140;13T Excavator;1;334.03;ACC0085;completed;Y
H101815;08/09/2024;Glasgow Depot;Scotland;SF-TOW;Site Tower Light;2;55.44;;completed;Y
H101816;19/12/2024;Leeds Depot;North;DM-09;Diesel Dumper 9T;1;143.17;ACC0176;completed;Y
H101817;23/10/2024;Bristol Depot;South West;WP-02;Water Pump 2in;2;23.32;;completed;Y
H101818;15/04/2024;Cardiff Depot;Wales;SF-TOW;Site Tower Light;1;52.96;ACC0196;completed;Y
H101819;13/06/2024;Cardiff Depot;Wales;PB-15;Powered Barrow;3;38.35;ACC0173;completed;Y
H101820;22/11/2024;Bristol Depot;South West;WP-02;Water Pump 2in;1;23.16;ACC0087;completed;Y
H101821;26/12/2024;Glasgow Depot;Scotland;CM-350;Concrete Mixer 350L;3;31.79;ACC0182;completed;Y
H101822;11/05/2024;Bristol Depot;South West;PB-15;Powered Barrow;1;43.92;ACC0019;completed;Y
H101823;22/10/2024;Cardiff Depot;Wales;GEN-60;60kVA Generator;-14;90.64;ACC0159;cancelled;Y
H101824;30/08/2024;Glasgow Depot;Scotland;SF-TOW;Site Tower Light;5;47.94;ACC0129;completed;Y
H101825;17/10/2023;Glasgow Depot;Scotland;PB-15;Powered Barrow;3;41.07;ACC0157;completed;Y
H101826;23/07/2023;Bristol Depot;South West;HD-BRK;Hydraulic Breaker;3;63.96;ACC0151;completed;Y
H101827;06/04/2023;Leeds Depot;North;SF-TOW;Site Tower Light;-3;49.14;ACC0131;cancelled;Y
H101828;04/09/2024;Glasgow Depot;Scotland;CM-350;Concrete Mixer 350L;3;35.25;ACC0017;completed;Y
H101829;10/08/2023;Cardiff Depot;Wales;CM-350;Concrete Mixer 350L;28;35.68;ACC0109;completed;Y
H101830;23/08/2024;Leeds Depot;North;WP-02;Water Pump 2in;2;21.07;ACC0199;completed;Y
H101831;07/08/2024;Glasgow Depot;Scotland;CM-350;Concrete Mixer 350L;1;32.1;ACC0156;completed;N
H101832;15/10/2024;Cardiff Depot;Wales;WP-02;Water Pump 2in;5;22.88;ACC0191;completed;Y
H101833;25/05/2024;Glasgow Depot;Scotland;TL-01;Telehandler 4m;2;195.34;ACC0231;completed;N
H101834;06/02/2024;Leeds Depot;North;CM-350;Concrete Mixer 350L;2;36.26;ACC0061;completed;Y
H101835;12/06/2024;Cardiff Depot;Wales;CM-350;Concrete Mixer 350L;3;31.62;ACC0012;completed;Y
H101836;23/01/2024;Bristol Depot;South West;EX-140;13T Excavator;3;315.17;ACC0002;completed;N
H101837;17/01/2024;Leeds Depot;North;TL-01;Telehandler 4m;1;195.78;ACC0111;completed;Y
H101838;06/05/2023;Bristol Depot;South West;HD-BRK;Hydraulic Breaker;1;60.28;ACC0185;completed;Y
H101839;02/07/2024;Bristol Depot;South West;DM-09;Diesel Dumper 9T;3;151.35;ACC0016;completed;Y
H101840;13/03/2024;Norwich Depot;East;SC-22;Scissor Lift 22ft;28;73.55;ACC0113;completed;Y
H101841;08/11/2024;Bristol Depot;South West;DM-09;Diesel Dumper 9T;2;137.55;ACC0195;completed;N
H101842;12/05/2023;Glasgow Depot;Scotland;GEN-60;60kVA Generator;2;100.57;ACC0177;completed;Y
H101843;07/09/2023;Norwich Depot;East;SC-22;Scissor Lift 22ft;3;77.46;ACC0004;open;N
H101844;24/02/2024;Bristol Depot;South West;GEN-60;60kVA Generator;-7;98.02;ACC0165;cancelled;N
H101845;14/05/2023;Cardiff Depot;Wales;SC-22;Scissor Lift 22ft;3;77.96;ACC0061;completed;Y
H101846;07/11/2024;Glasgow Depot;Scotland;CM-350;Concrete Mixer 350L;-3;33.45;ACC0080;cancelled;Y
H101847;26/02/2024;Glasgow Depot;Scotland;EX-140;13T Excavator;1;321.66;ACC0196;completed;Y
H101848;06/07/2023;Norwich Depot;East;PB-15;Powered Barrow;1;43.05;ACC0210;completed;N
H101849;15/05/2024;Glasgow Depot;Scotland;WP-02;Water Pump 2in;28;21.66;ACC0094;completed;Y
H101850;29/01/2024;Bristol Depot;South West;HD-BRK;Hydraulic Breaker;5;64.59;ACC0221;completed;N
H101851;10/11/2023;Cardiff Depot;Wales;DM-09;Diesel Dumper 9T;1;155.88;ACC0172;completed;Y
H101852;15/08/2023;Bristol Depot;South West;SF-TOW;Site Tower Light;2;56.01;ACC0024;completed;Y
H101853;10/09/2024;Bristol Depot;South West;SC-22;Scissor Lift 22ft;1;81.5;ACC0179;completed;Y
H101854;04/06/2024;Bristol Depot;South West;WP-02;Water Pump 2in;-5;21.93;ACC0125;cancelled;Y
H101855;14/12/2023;Bristol Depot;South West;PB-15;Powered Barrow;28;41.19;ACC0036;completed;N
H101856;01/07/2024;Leeds Depot;North;CM-350;Concrete Mixer 350L;3;33.09;ACC0063;completed;Y
H101857;12/06/2023;Leeds Depot;North;SC-22;Scissor Lift 22ft;2;72.4;ACC0167;completed;Y
H101858;27/04/2024;Leeds Depot;North;DM-09;Diesel Dumper 9T;2;149.45;ACC0030;completed;Y
H101859;08/09/2024;Bristol Depot;South West;PB-15;Powered Barrow;1;40.38;ACC0074;completed;Y
H101860;17/11/2023;Cardiff Depot;Wales;HD-BRK;Hydraulic Breaker;1;59.15;;completed;Y
H101861;21/10/2023;Norwich Depot;East;CM-350;Concrete Mixer 350L;1;34.32;ACC0210;completed;Y
H101862;09/04/2023;Leeds Depot;North;WP-02;Water Pump 2in;1;23.0;ACC0187;completed;Y
H101863;25/11/2023;Leeds Depot;North;GEN-60;60kVA Generator;1;99.02;ACC0026;completed;Y
H101864;12/04/2023;Norwich Depot;East;HD-BRK;Hydraulic Breaker;1;66.73;ACC0181;completed;N
H101865;23/10/2023;Leeds Depot;North;CM-350;Concrete Mixer 350L;5;35.76;ACC0137;completed;Y
H101866;25/10/2024;Norwich Depot;East;GEN-60;60kVA Generator;2;99.36;ACC0078;completed;Y
H101867;16/09/2023;Norwich Depot;East;DM-09;Diesel Dumper 9T;-14;147.58;ACC0169;cancelled;Y
H101868;19/06/2023;Norwich Depot;East;CM-350;Concrete Mixer 350L;1;33.16;ACC0020;completed;N
H101869;19/10/2023;Leeds Depot;North;SC-22;Scissor Lift 22ft;1;78.36;ACC0166;completed;Y
H101870;17/08/2024;Norwich Depot;East;SC-22;Scissor Lift 22ft;1;80.54;ACC0164;completed;Y
H101871;05/05/2023;Glasgow Depot;Scotland;WP-02;Water Pump 2in;3;22.39;ACC0154;open;Y
H101872;27/05/2024;Bristol Depot;South West;CM-350;Concrete Mixer 350L;2;32.7;ACC0086;completed;Y
H101873;02/03/2024;Leeds Depot;North;TL-01;Telehandler 4m;2;187.14;ACC0014;completed;Y
H101874;26/10/2024;Leeds Depot;North;DM-09;Diesel Dumper 9T;1;154.61;;completed;Y
H101875;16/12/2023;Cardiff Depot;Wales;CM-350;Concrete Mixer 350L;3;34.2;ACC0092;completed;Y
H101876;19/04/2023;Leeds Depot;North;WP-02;Water Pump 2in;2;22.39;;completed;Y
H101877;20/09/2024;Cardiff Depot;Wales;TL-01;Telehandler 4m;7;198.11;ACC0120;completed;Y
H101878;15/05/2023;Bristol Depot;South West;DM-09;Diesel Dumper 9T;1;133.61;ACC0227;completed;Y
H101879;08/10/2023;Bristol Depot;South West;WP-02;Water Pump 2in;3;23.81;ACC0085;completed;Y
H101880;19/11/2023;Glasgow Depot;Scotland;SF-TOW;Site Tower Light;2;49.09;ACC0017;completed;N
H101881;23/01/2024;Glasgow Depot;Scotland;SF-TOW;Site Tower Light;3;48.59;ACC0245;completed;Y
H101882;27/07/2023;Leeds Depot;North;HD-BRK;Hydraulic Breaker;1;65.7;ACC0253;completed;Y
H101883;14/07/2023;Leeds Depot;North;EX-140;13T Excavator;1;307.69;ACC0015;completed;N
H101884;18/08/2024;Glasgow Depot;Scotland;WP-02;Water Pump 2in;2;23.23;ACC0247;completed;Y
H101885;21/11/2024;Leeds Depot;North;SF-TOW;Site Tower Light;2;54.01;ACC0137;completed;Y
H101886;17/08/2023;Glasgow Depot;Scotland;HD-BRK;Hydraulic Breaker;-3;68.95;ACC0241;cancelled;Y
H101887;20/12/2024;Cardiff Depot;Wales;GEN-60;60kVA Generator;1;92.43;ACC0199;completed;Y
H101888;26/09/2024;Glasgow Depot;Scotland;WP-02;Water Pump 2in;2;22.21;ACC0071;completed;Y
H101889;23/11/2024;Glasgow Depot;Scotland;GEN-60;60kVA Generator;2;96.51;ACC0070;completed;Y
H101890;22/09/2024;Leeds Depot;North;PB-15;Powered Barrow;1;39.75;ACC0213;completed;Y
H101891;29/02/2024;Cardiff Depot;Wales;SF-TOW;Site Tower Light;3;51.52;ACC0203;open;Y
H101892;25/06/2024;Glasgow Depot;Scotland;HD-BRK;Hydraulic Breaker;3;65.81;ACC0181;completed;Y
H101893;11/04/2024;Cardiff Depot;Wales;PB-15;Powered Barrow;5;41.79;;completed;Y
H101894;28/04/2023;Bristol Depot;South West;GEN-60;60kVA Generator;7;95.6;ACC0025;completed;N
H101895;17/02/2024;Cardiff Depot;Wales;SC-22;Scissor Lift 22ft;1;78.58;;completed;Y
H101896;02/09/2023;Norwich Depot;East;SF-TOW;Site Tower Light;7;50.47;ACC0018;completed;Y
H101897;24/08/2023;Cardiff Depot;Wales;CM-350;Concrete Mixer 350L;1;32.54;;completed;Y
H101898;04/06/2023;Glasgow Depot;Scotland;GEN-60;60kVA Generator;28;98.11;ACC0081;completed;Y
H101899;26/11/2023;Bristol Depot;South West;GEN-60;60kVA Generator;5;102.84;ACC0136;completed;Y
H101900;23/03/2024;Norwich Depot;East;PB-15;Powered Barrow;14;39.77;ACC0131;completed;Y
H101901;09/02/2024;Norwich Depot;East;TL-01;Telehandler 4m;7;182.6;ACC0179;completed;Y
H101902;15/10/2023;Bristol Depot;South West;SF-TOW;Site Tower Light;7;49.76;ACC0155;completed;Y
H101903;05/05/2023;Leeds Depot;North;TL-01;Telehandler 4m;2;181.32;ACC0076;completed;Y
H101904;27/03/2024;Glasgow Depot;Scotland;GEN-60;60kVA Generator;2;99.34;ACC0031;completed;Y
H101905;16/06/2024;Cardiff Depot;Wales;PB-15;Powered Barrow;5;40.33;ACC0245;completed;Y
H101906;08/03/2024;Cardiff Depot;Wales;WP-02;Water Pump 2in;2;23.47;ACC0075;completed;Y
H101907;06/05/2023;Glasgow Depot;Scotland;SF-TOW;Site Tower Light;2;48.3;ACC0183;completed;Y
H101908;25/10/2023;Norwich Depot;East;SF-TOW;Site Tower Light;5;53.5;ACC0153;completed;Y
H101909;24/10/2024;Glasgow Depot;Scotland;SF-TOW;Site Tower Light;2;55.66;ACC0161;completed;Y
H101910;27/11/2024;Norwich Depot;East;TL-01;Telehandler 4m;3;181.22;ACC0133;completed;Y
H101911;15/11/2024;Norwich Depot;East;GEN-60;60kVA Generator;2;103.34;ACC0088;completed;Y
H101912;08/08/2023;Glasgow Depot;Scotland;DM-09;Diesel Dumper 9T;3;154.62;ACC0165;completed;N
H101913;12/08/2023;Norwich Depot;East;SC-22;Scissor Lift 22ft;5;72.71;ACC0139;completed;Y
H101914;25/12/2024;Glasgow Depot;Scotland;EX-140;13T Excavator;2;312.13;ACC0220;completed;Y
H101915;05/12/2023;Leeds Depot;North;WP-02;Water Pump 2in;1;22.35;ACC0173;completed;Y
H101916;10/10/2024;Bristol Depot;South West;DM-09;Diesel Dumper 9T;3;155.92;ACC0208;completed;Y
H101917;14/09/2024;Glasgow Depot;Scotland;TL-01;Telehandler 4m;7;198.99;ACC0011;completed;Y
H101918;10/02/2024;Norwich Depot;East;EX-140;13T Excavator;2;310.76;ACC0019;open;Y
H101919;03/09/2023;Bristol Depot;South West;TL-01;Telehandler 4m;7;185.03;ACC0174;completed;Y
H101920;19/10/2024;Cardiff Depot;Wales;GEN-60;60kVA Generator;1;91.24;ACC0061;completed;Y
H101921;01/10/2023;Norwich Depot;East;SC-22;Scissor Lift 22ft;5;77.9;;completed;Y
H101922;05/10/2023;Leeds Depot;North;CM-350;Concrete Mixer 350L;2;31.5;ACC0041;completed;Y
H101923;08/04/2024;Glasgow Depot;Scotland;GEN-60;60kVA Generator;1;102.44;ACC0091;completed;Y
H101924;21/04/2024;Bristol Depot;South West;SC-22;Scissor Lift 22ft;2;77.8;ACC0178;completed;Y
H101925;26/05/2023;Cardiff Depot;Wales;EX-140;13T Excavator;7;312.53;ACC0040;completed;Y
H101926;31/05/2024;Bristol Depot;South West;PB-15;Powered Barrow;28;43.54;ACC0164;open;Y
H101927;21/10/2024;Cardiff Depot;Wales;WP-02;Water Pump 2in;1;24.02;ACC0006;completed;N
H101928;09/06/2023;Norwich Depot;East;HD-BRK;Hydraulic Breaker;2;66.44;ACC0002;completed;Y
H101929;02/05/2024;Cardiff Depot;Wales;SF-TOW;Site Tower Light;1;51.59;ACC0090;completed;Y
H101930;25/05/2023;Glasgow Depot;Scotland;GEN-60;60kVA Generator;1;94.22;;completed;Y
H101931;13/10/2023;Cardiff Depot;Wales;PB-15;Powered Barrow;1;42.07;ACC0166;completed;Y
H101932;02/06/2024;Cardiff Depot;Wales;WP-02;Water Pump 2in;5;21.63;ACC0131;completed;N
H101933;04/12/2023;Norwich Depot;East;CM-350;Concrete Mixer 350L;7;33.08;;completed;Y
H101934;31/10/2023;Glasgow Depot;Scotland;SF-TOW;Site Tower Light;1;51.75;;completed;Y
H101935;13/03/2024;Bristol Depot;South West;EX-140;13T Excavator;-1;318.48;ACC0247;cancelled;Y
H101936;08/05/2024;Bristol Depot;South West;WP-02;Water Pump 2in;14;22.97;ACC0015;completed;Y
H101937;06/07/2023;Leeds Depot;North;SC-22;Scissor Lift 22ft;7;79.36;ACC0071;completed;Y
H101938;16/08/2024;Glasgow Depot;Scotland;DM-09;Diesel Dumper 9T;-28;135.72;ACC0026;cancelled;N
H101939;16/11/2023;Leeds Depot;North;PB-15;Powered Barrow;1;40.99;ACC0163;completed;Y
H101940;11/08/2023;Leeds Depot;North;SC-22;Scissor Lift 22ft;14;73.82;ACC0203;completed;Y
H101941;08/09/2023;Norwich Depot;East;DM-09;Diesel Dumper 9T;3;154.61;ACC0094;completed;Y
H101942;21/10/2023;Glasgow Depot;Scotland;SF-TOW;Site Tower Light;1;53.44;ACC0018;completed;Y
H101943;01/12/2024;Leeds Depot;North;WP-02;Water Pump 2in;3;23.91;ACC0216;completed;Y
H101944;02/11/2023;Leeds Depot;North;WP-02;Water Pump 2in;2;21.14;;completed;Y
H101945;20/12/2023;Glasgow Depot;Scotland;TL-01;Telehandler 4m;2;197.6;ACC0136;completed;N
H101946;11/04/2024;Glasgow Depot;Scotland;WP-02;Water Pump 2in;1;21.21;ACC0113;completed;Y
H101947;11/02/2024;Norwich Depot;East;SC-22;Scissor Lift 22ft;14;83.48;ACC0059;completed;Y
H101948;20/06/2023;Leeds Depot;North;DM-09;Diesel Dumper 9T;-28;152.68;ACC0162;cancelled;Y
H101949;17/05/2023;Bristol Depot;South West;SC-22;Scissor Lift 22ft;3;77.99;ACC0181;completed;Y
H101950;12/01/2024;Glasgow Depot;Scotland;WP-02;Water Pump 2in;1;24.26;ACC0236;completed;Y
H101951;03/11/2023;Bristol Depot;South West;PB-15;Powered Barrow;1;42.75;ACC0003;completed;Y
H101952;05/08/2024;Cardiff Depot;Wales;EX-140;13T Excavator;2;323.69;ACC0147;completed;Y
H101953;01/02/2024;Norwich Depot;East;PB-15;Powered Barrow;5;43.79;ACC0068;completed;N
H101954;28/09/2023;Bristol Depot;South West;WP-02;Water Pump 2in;3;20.86;ACC0219;completed;Y
H101955;14/06/2024;Glasgow Depot;Scotland;CM-350;Concrete Mixer 350L;1;34.06;ACC0129;completed;N
H101956;29/04/2024;Norwich Depot;East;WP-02;Water Pump 2in;5;23.5;ACC0085;completed;Y
H101957;26/07/2023;Cardiff Depot;Wales;SC-22;Scissor Lift 22ft;14;78.98;ACC0087;completed;Y
H101958;24/09/2023;Glasgow Depot;Scotland;SC-22;Scissor Lift 22ft;7;77.29;ACC0016;completed;Y
H101959;03/11/2024;Glasgow Depot;Scotland;PB-15;Powered Barrow;1;38.98;ACC0009;completed;Y
H101960;19/09/2024;Glasgow Depot;Scotland;TL-01;Telehandler 4m;2;191.2;ACC0161;completed;Y
H101961;20/09/2023;Cardiff Depot;Wales;SC-22;Scissor Lift 22ft;14;82.33;ACC0086;completed;N
H101962;18/11/2023;Bristol Depot;South West;HD-BRK;Hydraulic Breaker;3;64.27;ACC0110;completed;Y
H101963;10/10/2024;Norwich Depot;East;EX-140;13T Excavator;2;324.29;ACC0060;completed;Y
H101964;08/07/2024;Glasgow Depot;Scotland;WP-02;Water Pump 2in;5;22.38;ACC0125;completed;N
H101965;20/03/2024;Bristol Depot;South West;HD-BRK;Hydraulic Breaker;3;61.83;ACC0216;completed;N
H101966;05/11/2023;Norwich Depot;East;TL-01;Telehandler 4m;7;202.75;ACC0040;completed;Y
H101967;03/02/2024;Leeds Depot;North;EX-140;13T Excavator;1;300.87;ACC0222;open;Y
H101968;16/07/2024;Glasgow Depot;Scotland;SF-TOW;Site Tower Light;3;55.28;ACC0096;completed;Y
H101969;13/07/2024;Glasgow Depot;Scotland;CM-350;Concrete Mixer 350L;14;33.45;ACC0091;completed;Y
H101970;17/08/2023;Leeds Depot;North;TL-01;Telehandler 4m;2;201.23;ACC0136;completed;Y
H101971;06/12/2023;Cardiff Depot;Wales;SC-22;Scissor Lift 22ft;7;79.14;ACC0220;completed;Y
H101972;08/10/2024;Bristol Depot;South West;WP-02;Water Pump 2in;-5;21.04;ACC0256;cancelled;Y
H101973;25/03/2024;Cardiff Depot;Wales;SC-22;Scissor Lift 22ft;-2;74.1;ACC0248;cancelled;Y
H101974;15/12/2023;Glasgow Depot;Scotland;GEN-60;60kVA Generator;1;91.91;ACC0144;completed;Y
H101975;19/06/2023;Glasgow Depot;Scotland;WP-02;Water Pump 2in;5;23.9;ACC0157;completed;N
H101976;19/11/2023;Leeds Depot;North;SC-22;Scissor Lift 22ft;1;76.49;ACC0056;completed;Y
H101977;06/10/2024;Norwich Depot;East;CM-350;Concrete Mixer 350L;1;31.78;ACC0058;completed;Y
H101978;21/10/2024;Glasgow Depot;Scotland;SC-22;Scissor Lift 22ft;1;79.29;ACC0240;completed;Y
H101979;24/03/2024;Leeds Depot;North;GEN-60;60kVA Generator;3;98.94;ACC0245;completed;Y
H101980;14/11/2023;Glasgow Depot;Scotland;TL-01;Telehandler 4m;28;194.67;ACC0114;completed;Y
H101981;26/10/2024;Glasgow Depot;Scotland;TL-01;Telehandler 4m;1;184.42;ACC0094;completed;N
H101982;10/12/2024;Glasgow Depot;Scotland;HD-BRK;Hydraulic Breaker;1;68.1;ACC0030;completed;N
H101983;04/06/2023;Bristol Depot;South West;SF-TOW;Site Tower Light;1;54.37;ACC0220;completed;Y
H101984;17/10/2023;Norwich Depot;East;GEN-60;60kVA Generator;2;101.64;ACC0134;completed;Y
H101985;08/05/2024;Cardiff Depot;Wales;SC-22;Scissor Lift 22ft;2;75.54;ACC0227;completed;Y
H101986;07/07/2024;Glasgow Depot;Scotland;TL-01;Telehandler 4m;5;203.01;ACC0060;completed;Y
H101987;11/04/2023;Glasgow Depot;Scotland;SC-22;Scissor Lift 22ft;3;73.96;ACC0086;completed;Y
H101988;10/10/2023;Leeds Depot;North;EX-140;13T Excavator;1;291.85;ACC0086;completed;Y
H101989;06/06/2024;Norwich Depot;East;PB-15;Powered Barrow;14;37.88;ACC0088;completed;Y
H101990;22/03/2024;Bristol Depot;South West;GEN-60;60kVA Generator;7;96.33;ACC0150;completed;Y
H101991;21/10/2024;Cardiff Depot;Wales;EX-140;13T Excavator;1;292.38;ACC0250;completed;Y
H101992;18/06/2023;Leeds Depot;North;SC-22;Scissor Lift 22ft;1;80.49;ACC0099;open;N
H101993;13/02/2024;Glasgow Depot;Scotland;SC-22;Scissor Lift 22ft;2;82.25;ACC0187;completed;Y
H101994;13/05/2024;Glasgow Depot;Scotland;SF-TOW;Site Tower Light;3;50.85;ACC0159;completed;Y
H101995;26/05/2024;Glasgow Depot;Scotland;WP-02;Water Pump 2in;3;22.64;ACC0131;completed;Y
H101996;02/05/2024;Leeds Depot;North;CM-350;Concrete Mixer 350L;1;34.1;ACC0224;completed;Y
H101997;20/07/2023;Leeds Depot;North;HD-BRK;Hydraulic Breaker;7;59.33;ACC0012;completed;Y
H101998;09/05/2023;Norwich Depot;East;WP-02;Water Pump 2in;1;21.61;ACC0137;completed;Y
H101999;02/06/2024;Norwich Depot;East;WP-02;Water Pump 2in;5;20.85;ACC0126;completed;Y
H102000;23/12/2024;Norwich Depot;East;EX-140;13T Excavator;3;297.04;ACC0145;completed;Y
H102001;19/06/2023;Cardiff Depot;Wales;TL-01;Telehandler 4m;3;178.9;ACC0045;open;Y
H102002;16/01/2024;Leeds Depot;North;EX-140;13T Excavator;5;288.31;ACC0176;completed;Y
H102003;16/05/2024;Cardiff Depot;Wales;GEN-60;60kVA Generator;-1;102.56;ACC0179;cancelled;Y
H102004;30/09/2023;Bristol Depot;South West;PB-15;Powered Barrow;1;40.95;;completed;N
H102005;10/09/2024;Glasgow Depot;Scotland;SC-22;Scissor Lift 22ft;2;79.53;ACC0020;completed;Y
H102006;10/12/2023;Norwich Depot;East;WP-02;Water Pump 2in;7;21.38;ACC0183;completed;Y
H102007;09/11/2024;Bristol Depot;South West;GEN-60;60kVA Generator;2;95.44;ACC0012;completed;Y
H102008;18/03/2024;Cardiff Depot;Wales;CM-350;Concrete Mixer 350L;1;35.54;ACC0097;completed;Y
H102009;10/02/2024;Leeds Depot;North;SC-22;Scissor Lift 22ft;1;82.98;ACC0012;completed;N
H102010;17/11/2023;Cardiff Depot;Wales;SF-TOW;Site Tower Light;1;51.5;ACC0112;completed;Y
H102011;10/03/2024;Glasgow Depot;Scotland;SF-TOW;Site Tower Light;-2;55.79;ACC0156;cancelled;Y
H102012;25/05/2024;Bristol Depot;South West;TL-01;Telehandler 4m;1;200.57;ACC0163;completed;Y
H102013;24/06/2023;Glasgow Depot;Scotland;TL-01;Telehandler 4m;28;185.34;ACC0010;completed;Y
H102014;04/12/2023;Norwich Depot;East;SF-TOW;Site Tower Light;14;53.2;ACC0256;completed;Y
H102015;17/06/2023;Bristol Depot;South West;SF-TOW;Site Tower Light;1;51.21;;completed;Y
H102016;04/12/2023;Cardiff Depot;Wales;SC-22;Scissor Lift 22ft;5;81.16;ACC0173;completed;N
H102017;23/09/2023;Bristol Depot;South West;GEN-60;60kVA Generator;3;92.86;ACC0075;completed;Y
H102018;21/11/2023;Glasgow Depot;Scotland;SF-TOW;Site Tower Light;2;54.56;ACC0250;completed;Y
H102019;26/02/2024;Cardiff Depot;Wales;CM-350;Concrete Mixer 350L;1;34.51;ACC0090;completed;Y
H102020;04/10/2023;Cardiff Depot;Wales;SF-TOW;Site Tower Light;14;52.35;ACC0189;completed;Y
H102021;02/12/2023;Cardiff Depot;Wales;SF-TOW;Site Tower Light;1;49.74;ACC0234;completed;Y
H102022;27/12/2023;Norwich Depot;East;WP-02;Water Pump 2in;2;20.72;;completed;Y
H102023;01/10/2023;Norwich Depot;East;HD-BRK;Hydraulic Breaker;-2;62.71;ACC0241;cancelled;Y
H102024;03/10/2024;Glasgow Depot;Scotland;CM-350;Concrete Mixer 350L;1;34.86;ACC0231;completed;Y
H102025;17/08/2024;Norwich Depot;East;HD-BRK;Hydraulic Breaker;3;64.13;;completed;Y
H102026;09/09/2023;Cardiff Depot;Wales;WP-02;Water Pump 2in;1;21.37;ACC0167;open;N
H102027;17/07/2024;Norwich Depot;East;EX-140;13T Excavator;3;286.61;;completed;Y
H102028;03/05/2024;Glasgow Depot;Scotland;PB-15;Powered Barrow;7;38.52;ACC0248;completed;Y
H102029;24/11/2024;Bristol Depot;South West;SF-TOW;Site Tower Light;1;52.81;ACC0121;completed;N
H102030;24/07/2023;Glasgow Depot;Scotland;SF-TOW;Site Tower Light;5;49.16;ACC0144;completed;Y
H102031;29/09/2024;Glasgow Depot;Scotland;SF-TOW;Site Tower Light;1;48.16;ACC0245;completed;Y
H102032;30/09/2024;Norwich Depot;East;HD-BRK;Hydraulic Breaker;1;63.84;ACC0061;completed;Y
H102033;21/04/2023;Bristol Depot;South West;WP-02;Water Pump 2in;3;23.68;;completed;Y
H102034;16/12/2023;Leeds Depot;North;GEN-60;60kVA Generator;1;89.01;ACC0106;completed;Y
H102035;10/09/2024;Norwich Depot;East;TL-01;Telehandler 4m;1;176.56;ACC0008;completed;Y
H102036;10/07/2024;Bristol Depot;South West;PB-15;Powered Barrow;5;41.92;ACC0260;completed;Y
H102037;08/04/2024;Leeds Depot;North;WP-02;Water Pump 2in;-5;22.43;;cancelled;Y
H102038;24/08/2023;Leeds Depot;North;TL-01;Telehandler 4m;-2;187.15;ACC0048;cancelled;Y
H102039;16/10/2023;Cardiff Depot;Wales;EX-140;13T Excavator;1;303.04;ACC0017;completed;Y
H102040;02/09/2024;Leeds Depot;North;WP-02;Water Pump 2in;1;22.92;ACC0172;completed;Y
H102041;04/11/2023;Cardiff Depot;Wales;SC-22;Scissor Lift 22ft;1;76.52;ACC0038;completed;Y
H102042;22/04/2024;Norwich Depot;East;WP-02;Water Pump 2in;5;22.87;ACC0226;completed;Y
H102043;13/09/2023;Bristol Depot;South West;GEN-60;60kVA Generator;7;93.35;ACC0258;completed;N
H102044;03/05/2023;Bristol Depot;South West;GEN-60;60kVA Generator;2;93.88;ACC0258;completed;Y
H102045;29/02/2024;Bristol Depot;South West;TL-01;Telehandler 4m;5;186.24;ACC0056;completed;Y
H102046;03/09/2024;Norwich Depot;East;DM-09;Diesel Dumper 9T;7;138.75;ACC0125;completed;Y
H102047;25/03/2024;Leeds Depot;North;EX-140;13T Excavator;2;285.43;ACC0185;completed;Y
H102048;24/04/2024;Glasgow Depot;Scotland;CM-350;Concrete Mixer 350L;28;34.7;ACC0002;completed;Y
H102049;10/02/2024;Leeds Depot;North;SF-TOW;Site Tower Light;3;51.05;ACC0129;open;Y
H102050;25/08/2023;Leeds Depot;North;SF-TOW;Site Tower Light;2;55.95;ACC0084;completed;Y
H102051;31/10/2023;Norwich Depot;East;SF-TOW;Site Tower Light;1;51.43;ACC0256;completed;Y
H102052;06/03/2024;Norwich Depot;East;SF-TOW;Site Tower Light;5;54.37;ACC0250;completed;Y
H102053;23/10/2024;Norwich Depot;East;SF-TOW;Site Tower Light;7;53.51;ACC0036;open;Y
H102054;17/04/2024;Glasgow Depot;Scotland;WP-02;Water Pump 2in;5;23.45;ACC0229;completed;Y
H102055;15/07/2023;Leeds Depot;North;WP-02;Water Pump 2in;5;23.2;ACC0141;completed;Y
H102056;05/01/2024;Cardiff Depot;Wales;WP-02;Water Pump 2in;14;21.11;ACC0108;completed;Y
H102057;24/12/2023;Bristol Depot;South West;HD-BRK;Hydraulic Breaker;5;68.91;ACC0259;completed;Y
H102058;27/12/2024;Norwich Depot;East;WP-02;Water Pump 2in;2;20.8;ACC0158;completed;Y
H102059;09/11/2023;Cardiff Depot;Wales;TL-01;Telehandler 4m;7;197.54;ACC0160;completed;Y
H102060;25/05/2023;Glasgow Depot;Scotland;WP-02;Water Pump 2in;1;23.36;ACC0238;completed;Y
H102061;18/03/2024;Norwich Depot;East;WP-02;Water Pump 2in;5;22.21;;completed;Y
H102062;23/11/2024;Norwich Depot;East;GEN-60;60kVA Generator;5;94.23;ACC0210;completed;N
H102063;30/05/2023;Cardiff Depot;Wales;SC-22;Scissor Lift 22ft;-7;81.61;ACC0216;cancelled;Y
H102064;06/07/2023;Norwich Depot;East;CM-350;Concrete Mixer 350L;2;35.69;ACC0241;completed;N
H102065;10/06/2023;Leeds Depot;North;TL-01;Telehandler 4m;14;198.75;ACC0128;completed;Y
H102066;17/01/2024;Glasgow Depot;Scotland;PB-15;Powered Barrow;2;38.68;ACC0062;completed;Y
H102067;08/09/2023;Glasgow Depot;Scotland;TL-01;Telehandler 4m;5;183.67;;completed;Y
H102068;07/11/2024;Cardiff Depot;Wales;SF-TOW;Site Tower Light;7;55.05;;completed;Y
H102069;27/11/2024;Leeds Depot;North;GEN-60;60kVA Generator;14;91.47;ACC0088;completed;Y
H102070;26/10/2024;Bristol Depot;South West;WP-02;Water Pump 2in;2;23.04;ACC0190;completed;Y
H102071;29/06/2024;Norwich Depot;East;CM-350;Concrete Mixer 350L;1;36.2;ACC0145;completed;Y
H102072;21/08/2024;Glasgow Depot;Scotland;HD-BRK;Hydraulic Breaker;1;65.33;ACC0033;completed;N
H102073;29/03/2024;Leeds Depot;North;DM-09;Diesel Dumper 9T;5;156.0;ACC0138;completed;Y
H102074;13/11/2023;Cardiff Depot;Wales;SF-TOW;Site Tower Light;2;54.56;ACC0035;open;Y
H102075;26/11/2023;Norwich Depot;East;EX-140;13T Excavator;2;304.58;ACC0158;completed;Y
H102076;09/07/2024;Leeds Depot;North;WP-02;Water Pump 2in;1;23.54;ACC0056;completed;N
H102077;10/09/2024;Cardiff Depot;Wales;SC-22;Scissor Lift 22ft;2;74.8;ACC0238;open;Y
H102078;20/12/2024;Leeds Depot;North;SC-22;Scissor Lift 22ft;1;76.09;ACC0096;completed;Y
H102079;03/06/2024;Glasgow Depot;Scotland;CM-350;Concrete Mixer 350L;2;33.91;ACC0234;completed;Y
H102080;10/01/2024;Cardiff Depot;Wales;WP-02;Water Pump 2in;2;23.76;ACC0239;completed;Y
H102081;24/09/2024;Bristol Depot;South West;TL-01;Telehandler 4m;1;191.56;ACC0092;completed;Y
H102082;17/06/2023;Cardiff Depot;Wales;WP-02;Water Pump 2in;1;22.17;ACC0044;completed;Y
H102083;21/01/2024;Cardiff Depot;Wales;DM-09;Diesel Dumper 9T;-5;147.76;ACC0080;cancelled;Y
H102084;27/01/2024;Glasgow Depot;Scotland;SC-22;Scissor Lift 22ft;7;82.47;ACC0083;completed;Y
H102085;14/08/2023;Leeds Depot;North;WP-02;Water Pump 2in;-14;24.08;;cancelled;Y
H102086;19/05/2024;Leeds Depot;North;SF-TOW;Site Tower Light;2;53.74;ACC0257;completed;Y
H102087;08/07/2024;Cardiff Depot;Wales;DM-09;Diesel Dumper 9T;1;145.43;ACC0248;completed;Y
H102088;25/07/2023;Cardiff Depot;Wales;DM-09;Diesel Dumper 9T;1;150.35;ACC0220;completed;Y
H102089;10/05/2024;Leeds Depot;North;GEN-60;60kVA Generator;14;101.16;ACC0205;completed;Y
H102090;22/11/2024;Cardiff Depot;Wales;SC-22;Scissor Lift 22ft;-2;81.79;ACC0118;cancelled;Y
H102091;13/11/2023;Glasgow Depot;Scotland;CM-350;Concrete Mixer 350L;1;33.53;;completed;Y
H102092;04/12/2024;Glasgow Depot;Scotland;GEN-60;60kVA Generator;3;90.19;ACC0025;completed;Y
H102093;25/05/2024;Norwich Depot;East;TL-01;Telehandler 4m;7;184.44;ACC0161;open;Y
H102094;19/12/2023;Cardiff Depot;Wales;TL-01;Telehandler 4m;1;201.43;ACC0075;open;Y
H102095;12/10/2023;Cardiff Depot;Wales;GEN-60;60kVA Generator;5;94.09;ACC0237;completed;Y
H102096;11/06/2023;Bristol Depot;South West;EX-140;13T Excavator;7;306.5;ACC0157;completed;N
H102097;25/09/2023;Bristol Depot;South West;DM-09;Diesel Dumper 9T;-1;149.65;ACC0189;cancelled;Y
H102098;16/06/2024;Leeds Depot;North;GEN-60;60kVA Generator;1;92.66;;completed;Y
H102099;12/06/2023;Cardiff Depot;Wales;HD-BRK;Hydraulic Breaker;2;60.5;ACC0041;completed;Y
H102100;03/11/2023;Glasgow Depot;Scotland;WP-02;Water Pump 2in;2;24.25;ACC0044;completed;Y
H102101;05/05/2023;Glasgow Depot;Scotland;EX-140;13T Excavator;7;328.13;ACC0116;completed;Y
H102102;24/07/2023;Norwich Depot;East;GEN-60;60kVA Generator;3;102.48;ACC0246;completed;Y
H102103;17/11/2024;Bristol Depot;South West;SF-TOW;Site Tower Light;14;49.06;ACC0260;completed;Y
H102104;28/11/2024;Leeds Depot;North;SF-TOW;Site Tower Light;1;54.28;ACC0173;completed;Y
H102105;07/06/2023;Leeds Depot;North;WP-02;Water Pump 2in;5;22.41;ACC0189;completed;Y
H102106;15/04/2024;Bristol Depot;South West;DM-09;Diesel Dumper 9T;2;150.77;ACC0160;completed;Y
H102107;06/04/2023;Leeds Depot;North;WP-02;Water Pump 2in;3;22.1;ACC0021;completed;Y
H102108;24/10/2023;Glasgow Depot;Scotland;CM-350;Concrete Mixer 350L;5;33.1;ACC0093;completed;N
H102109;17/04/2023;Bristol Depot;South West;SC-22;Scissor Lift 22ft;-5;73.72;ACC0210;cancelled;N
H102110;28/04/2024;Norwich Depot;East;GEN-60;60kVA Generator;2;91.19;;completed;Y
H102111;26/10/2023;Cardiff Depot;Wales;PB-15;Powered Barrow;3;41.38;ACC0256;completed;N
H102112;12/07/2024;Bristol Depot;South West;PB-15;Powered Barrow;7;40.94;ACC0250;completed;Y
H102113;07/05/2024;Bristol Depot;South West;GEN-60;60kVA Generator;2;97.19;ACC0079;completed;Y
H102114;02/06/2023;Norwich Depot;East;CM-350;Concrete Mixer 350L;5;34.17;ACC0247;completed;Y
H102115;07/12/2024;Cardiff Depot;Wales;SC-22;Scissor Lift 22ft;28;79.96;ACC0149;completed;Y
H102116;22/05/2023;Bristol Depot;South West;GEN-60;60kVA Generator;-1;96.01;ACC0184;cancelled;Y
H102117;16/08/2023;Glasgow Depot;Scotland;GEN-60;60kVA Generator;28;98.47;;completed;Y
H102118;25/05/2024;Glasgow Depot;Scotland;CM-350;Concrete Mixer 350L;3;33.53;ACC0067;completed;N
H102119;02/09/2023;Glasgow Depot;Scotland;SC-22;Scissor Lift 22ft;5;75.11;ACC0047;completed;Y
H102120;10/07/2024;Norwich Depot;East;SC-22;Scissor Lift 22ft;1;77.87;ACC0115;completed;Y
H102121;23/07/2023;Glasgow Depot;Scotland;WP-02;Water Pump 2in;5;23.31;ACC0049;completed;Y
H102122;06/09/2024;Bristol Depot;South West;SC-22;Scissor Lift 22ft;1;80.9;;completed;Y
H102123;24/09/2024;Leeds Depot;North;TL-01;Telehandler 4m;1;173.03;ACC0178;completed;Y
H102124;20/08/2023;Bristol Depot;South West;WP-02;Water Pump 2in;5;22.91;ACC0125;completed;Y
H102125;21/09/2023;Bristol Depot;South West;WP-02;Water Pump 2in;2;24.04;ACC0181;open;Y
H102126;29/09/2024;Bristol Depot;South West;SC-22;Scissor Lift 22ft;3;74.22;ACC0055;completed;Y
H102127;12/03/2024;Cardiff Depot;Wales;SC-22;Scissor Lift 22ft;3;80.78;;completed;Y
H102128;18/04/2024;Bristol Depot;South West;HD-BRK;Hydraulic Breaker;14;65.22;ACC0221;open;Y
H102129;16/06/2023;Bristol Depot;South West;WP-02;Water Pump 2in;7;23.7;ACC0213;completed;Y
H102130;20/10/2024;Norwich Depot;East;HD-BRK;Hydraulic Breaker;1;63.3;;completed;Y
H102131;18/11/2023;Glasgow Depot;Scotland;DM-09;Diesel Dumper 9T;1;154.17;;completed;Y
H102132;14/09/2024;Norwich Depot;East;CM-350;Concrete Mixer 350L;1;33.15;ACC0017;completed;Y
H102133;29/09/2023;Bristol Depot;South West;TL-01;Telehandler 4m;28;186.23;ACC0138;completed;Y
H102134;08/04/2024;Cardiff Depot;Wales;CM-350;Concrete Mixer 350L;5;35.6;ACC0021;completed;Y
H102135;29/09/2024;Bristol Depot;South West;CM-350;Concrete Mixer 350L;14;34.61;ACC0184;completed;Y
H102136;14/06/2023;Glasgow Depot;Scotland;PB-15;Powered Barrow;7;41.34;ACC0196;completed;N
H102137;12/12/2023;Bristol Depot;South West;PB-15;Powered Barrow;5;38.3;ACC0096;completed;N
H102138;07/05/2024;Bristol Depot;South West;PB-15;Powered Barrow;5;40.08;ACC0028;completed;N
H102139;18/07/2024;Leeds Depot;North;SF-TOW;Site Tower Light;5;50.52;ACC0074;completed;Y
H102140;23/07/2023;Cardiff Depot;Wales;EX-140;13T Excavator;3;330.01;ACC0064;completed;Y
H102141;04/07/2024;Leeds Depot;North;SC-22;Scissor Lift 22ft;5;73.12;;completed;Y
H102142;11/12/2024;Glasgow Depot;Scotland;WP-02;Water Pump 2in;-5;24.15;ACC0199;cancelled;Y
H102143;17/07/2024;Cardiff Depot;Wales;GEN-60;60kVA Generator;1;100.43;ACC0002;completed;Y
H102144;16/08/2023;Leeds Depot;North;SF-TOW;Site Tower Light;1;52.91;ACC0148;completed;Y
H102145;28/08/2024;Bristol Depot;South West;SF-TOW;Site Tower Light;1;50.3;ACC0145;completed;Y
H102146;18/04/2024;Norwich Depot;East;HD-BRK;Hydraulic Breaker;1;60.94;ACC0015;completed;Y
H102147;17/08/2024;Glasgow Depot;Scotland;SF-TOW;Site Tower Light;-1;51.15;ACC0121;cancelled;Y
H102148;29/08/2024;Cardiff Depot;Wales;SC-22;Scissor Lift 22ft;1;84.62;;completed;N
H102149;09/01/2024;Bristol Depot;South West;WP-02;Water Pump 2in;2;21.47;ACC0032;completed;Y
H102150;26/09/2023;Bristol Depot;South West;HD-BRK;Hydraulic Breaker;1;67.43;ACC0219;completed;Y
H102151;08/11/2024;Norwich Depot;East;PB-15;Powered Barrow;1;44.19;ACC0015;completed;Y
H102152;12/09/2024;Cardiff Depot;Wales;WP-02;Water Pump 2in;14;22.48;ACC0020;completed;Y
H102153;06/04/2023;Cardiff Depot;Wales;PB-15;Powered Barrow;28;41.62;ACC0076;completed;Y
H102154;01/11/2024;Bristol Depot;South West;SF-TOW;Site Tower Light;2;51.6;ACC0051;completed;Y
H102155;18/11/2023;Norwich Depot;East;CM-350;Concrete Mixer 350L;2;34.01;;completed;N
H102156;27/05/2024;Cardiff Depot;Wales;SC-22;Scissor Lift 22ft;2;74.61;ACC0050;completed;N
H102157;02/05/2023;Cardiff Depot;Wales;SC-22;Scissor Lift 22ft;7;82.55;ACC0137;completed;Y
H102158;11/02/2024;Leeds Depot;North;SC-22;Scissor Lift 22ft;1;80.13;ACC0136;completed;Y
H102159;13/08/2023;Leeds Depot;North;PB-15;Powered Barrow;1;39.82;ACC0172;open;N
H102160;16/01/2024;Glasgow Depot;Scotland;DM-09;Diesel Dumper 9T;3;147.56;ACC0160;completed;Y
H102161;12/11/2024;Leeds Depot;North;GEN-60;60kVA Generator;5;100.34;;completed;N
H102162;24/01/2024;Bristol Depot;South West;CM-350;Concrete Mixer 350L;2;31.46;ACC0091;open;Y
H102163;15/08/2024;Leeds Depot;North;GEN-60;60kVA Generator;2;90.54;ACC0211;completed;Y
H102164;18/04/2023;Cardiff Depot;Wales;HD-BRK;Hydraulic Breaker;1;59.02;ACC0048;completed;N
H102165;16/03/2024;Norwich Depot;East;WP-02;Water Pump 2in;5;22.06;ACC0164;completed;Y
H102166;07/03/2024;Bristol Depot;South West;SF-TOW;Site Tower Light;7;55.2;ACC0121;completed;Y
H102167;22/05/2024;Leeds Depot;North;PB-15;Powered Barrow;1;43.94;ACC0020;completed;Y
H102168;15/10/2023;Cardiff Depot;Wales;WP-02;Water Pump 2in;1;23.21;ACC0157;completed;Y
H102169;12/11/2024;Cardiff Depot;Wales;HD-BRK;Hydraulic Breaker;-3;62.1;ACC0039;cancelled;Y
H102170;14/03/2024;Glasgow Depot;Scotland;TL-01;Telehandler 4m;3;183.15;ACC0027;completed;Y
H102171;30/11/2024;Cardiff Depot;Wales;SC-22;Scissor Lift 22ft;3;82.73;ACC0013;completed;N
H102172;15/05/2024;Bristol Depot;South West;DM-09;Diesel Dumper 9T;2;151.76;ACC0020;completed;Y
H102173;28/06/2023;Leeds Depot;North;CM-350;Concrete Mixer 350L;2;36.05;ACC0037;completed;Y
H102174;16/04/2024;Glasgow Depot;Scotland;CM-350;Concrete Mixer 350L;3;32.85;ACC0243;completed;Y
H102175;28/07/2023;Cardiff Depot;Wales;GEN-60;60kVA Generator;14;94.9;ACC0003;completed;Y
H102176;10/01/2024;Bristol Depot;South West;PB-15;Powered Barrow;1;42.2;ACC0129;completed;Y
H102177;24/04/2023;Bristol Depot;South West;CM-350;Concrete Mixer 350L;28;36.52;ACC0245;completed;Y
H102178;16/01/2024;Glasgow Depot;Scotland;GEN-60;60kVA Generator;2;90.19;ACC0124;completed;Y
H102179;01/11/2024;Norwich Depot;East;EX-140;13T Excavator;1;332.32;ACC0250;completed;Y
H102180;07/12/2024;Cardiff Depot;Wales;SC-22;Scissor Lift 22ft;2;72.92;;completed;Y
H102181;08/08/2024;Cardiff Depot;Wales;CM-350;Concrete Mixer 350L;1;31.68;ACC0052;completed;Y
H102182;29/06/2023;Norwich Depot;East;WP-02;Water Pump 2in;5;24.24;ACC0203;completed;Y
H102183;08/06/2023;Leeds Depot;North;TL-01;Telehandler 4m;28;177.41;ACC0066;completed;N
H102184;08/05/2023;Bristol Depot;South West;CM-350;Concrete Mixer 350L;2;36.42;ACC0237;open;Y
H102185;22/01/2024;Norwich Depot;East;SC-22;Scissor Lift 22ft;1;84.1;ACC0200;completed;Y
H102186;28/07/2024;Cardiff Depot;Wales;WP-02;Water Pump 2in;7;22.69;ACC0064;completed;N
H102187;27/11/2024;Norwich Depot;East;CM-350;Concrete Mixer 350L;1;32.0;ACC0152;completed;Y
H102188;20/10/2023;Norwich Depot;East;WP-02;Water Pump 2in;14;20.78;ACC0215;completed;N
H102189;19/11/2024;Bristol Depot;South West;GEN-60;60kVA Generator;-1;92.28;ACC0047;cancelled;Y
H102190;29/04/2024;Norwich Depot;East;PB-15;Powered Barrow;14;41.27;;completed;Y
H102191;05/10/2024;Glasgow Depot;Scotland;WP-02;Water Pump 2in;5;24.16;ACC0224;completed;Y
H102192;29/07/2023;Cardiff Depot;Wales;GEN-60;60kVA Generator;5;98.81;ACC0202;completed;Y
H102193;18/09/2023;Norwich Depot;East;GEN-60;60kVA Generator;5;99.74;ACC0186;completed;N
H102194;06/10/2023;Glasgow Depot;Scotland;PB-15;Powered Barrow;28;38.65;ACC0103;completed;Y
H102195;01/10/2023;Bristol Depot;South West;DM-09;Diesel Dumper 9T;1;137.72;ACC0175;completed;Y
H102196;14/03/2024;Norwich Depot;East;WP-02;Water Pump 2in;28;23.81;ACC0136;completed;Y
H102197;15/02/2024;Cardiff Depot;Wales;SF-TOW;Site Tower Light;7;53.43;ACC0203;completed;Y
H102198;25/06/2023;Bristol Depot;South West;CM-350;Concrete Mixer 350L;1;36.61;ACC0057;completed;Y
H102199;25/04/2023;Glasgow Depot;Scotland;WP-02;Water Pump 2in;3;21.66;ACC0071;completed;Y
H102200;02/12/2023;Glasgow Depot;Scotland;SF-TOW;Site Tower Light;2;52.51;;completed;Y
H102201;24/08/2023;Cardiff Depot;Wales;CM-350;Concrete Mixer 350L;1;32.01;ACC0202;completed;Y
H102202;03/07/2024;Cardiff Depot;Wales;GEN-60;60kVA Generator;1;98.99;;completed;Y
H102203;30/04/2024;Bristol Depot;South West;GEN-60;60kVA Generator;3;90.19;ACC0166;completed;Y
H102204;18/12/2023;Bristol Depot;South West;GEN-60;60kVA Generator;1;100.13;ACC0158;completed;Y
H102205;09/11/2023;Glasgow Depot;Scotland;HD-BRK;Hydraulic Breaker;1;60.69;ACC0236;completed;Y
H102206;06/12/2023;Norwich Depot;East;TL-01;Telehandler 4m;2;199.42;ACC0259;completed;Y
H102207;17/08/2024;Glasgow Depot;Scotland;PB-15;Powered Barrow;5;42.56;ACC0214;completed;N
H102208;26/12/2023;Norwich Depot;East;DM-09;Diesel Dumper 9T;1;142.1;ACC0007;completed;N
H102209;25/11/2023;Glasgow Depot;Scotland;DM-09;Diesel Dumper 9T;2;138.13;ACC0078;completed;N
H102210;26/01/2024;Bristol Depot;South West;SF-TOW;Site Tower Light;7;55.97;ACC0101;open;Y
H102211;20/10/2024;Glasgow Depot;Scotland;SC-22;Scissor Lift 22ft;1;81.97;ACC0229;completed;Y
H102212;27/11/2023;Norwich Depot;East;CM-350;Concrete Mixer 350L;7;33.9;ACC0054;completed;Y
H102213;09/04/2023;Glasgow Depot;Scotland;SC-22;Scissor Lift 22ft;1;79.38;ACC0202;completed;Y
H102214;07/06/2023;Bristol Depot;South West;EX-140;13T Excavator;14;332.33;;completed;Y
H102215;10/11/2024;Glasgow Depot;Scotland;SF-TOW;Site Tower Light;5;50.23;ACC0059;completed;Y
H102216;27/03/2024;Glasgow Depot;Scotland;CM-350;Concrete Mixer 350L;2;36.14;ACC0006;completed;Y
H102217;23/07/2023;Leeds Depot;North;TL-01;Telehandler 4m;2;181.62;ACC0005;completed;N
H102218;21/04/2024;Cardiff Depot;Wales;WP-02;Water Pump 2in;-14;22.31;ACC0178;cancelled;Y
H102219;14/02/2024;Bristol Depot;South West;TL-01;Telehandler 4m;2;181.37;ACC0215;completed;Y
H102220;19/04/2023;Cardiff Depot;Wales;DM-09;Diesel Dumper 9T;3;139.75;;completed;Y
H102221;30/10/2024;Leeds Depot;North;WP-02;Water Pump 2in;3;22.38;;completed;Y
H102222;07/01/2024;Glasgow Depot;Scotland;WP-02;Water Pump 2in;1;23.44;ACC0038;completed;Y
H102223;16/12/2024;Leeds Depot;North;PB-15;Powered Barrow;14;42.3;ACC0058;completed;N
H102224;17/04/2023;Norwich Depot;East;DM-09;Diesel Dumper 9T;2;155.47;ACC0122;completed;Y
H102225;07/10/2024;Norwich Depot;East;SF-TOW;Site Tower Light;3;54.78;ACC0105;completed;Y
H102226;27/08/2023;Bristol Depot;South West;WP-02;Water Pump 2in;1;23.13;ACC0089;completed;Y
H102227;13/06/2023;Glasgow Depot;Scotland;SC-22;Scissor Lift 22ft;1;84.57;ACC0095;completed;Y
H102228;15/11/2024;Glasgow Depot;Scotland;GEN-60;60kVA Generator;1;100.7;ACC0140;completed;Y
H102229;01/05/2024;Glasgow Depot;Scotland;TL-01;Telehandler 4m;2;195.61;ACC0178;completed;Y
H102230;30/10/2024;Norwich Depot;East;CM-350;Concrete Mixer 350L;1;35.31;ACC0236;completed;Y
H102231;07/07/2023;Leeds Depot;North;TL-01;Telehandler 4m;1;193.14;ACC0034;completed;Y
H102232;03/04/2023;Bristol Depot;South West;WP-02;Water Pump 2in;7;22.83;ACC0065;completed;N
H102233;12/07/2023;Norwich Depot;East;SC-22;Scissor Lift 22ft;2;75.1;ACC0026;completed;Y
H102234;20/09/2024;Cardiff Depot;Wales;DM-09;Diesel Dumper 9T;5;152.8;ACC0223;completed;N
H102235;22/11/2024;Cardiff Depot;Wales;CM-350;Concrete Mixer 350L;1;33.62;ACC0112;completed;Y
H102236;04/08/2024;Bristol Depot;South West;SF-TOW;Site Tower Light;1;49.33;ACC0080;completed;Y
H102237;09/05/2023;Norwich Depot;East;SF-TOW;Site Tower Light;2;48.38;ACC0097;completed;Y
H102238;05/06/2024;Cardiff Depot;Wales;SF-TOW;Site Tower Light;1;51.38;ACC0007;completed;Y
H102239;13/11/2023;Norwich Depot;East;SF-TOW;Site Tower Light;-3;55.42;ACC0118;cancelled;Y
H102240;03/08/2023;Leeds Depot;North;EX-140;13T Excavator;1;333.1;ACC0114;completed;Y
H102241;23/11/2024;Norwich Depot;East;TL-01;Telehandler 4m;14;173.46;ACC0194;completed;Y
H102242;11/05/2024;Cardiff Depot;Wales;GEN-60;60kVA Generator;3;97.84;ACC0096;completed;N
H102243;24/08/2024;Bristol Depot;South West;DM-09;Diesel Dumper 9T;5;144.1;ACC0232;completed;Y
H102244;30/09/2024;Leeds Depot;North;WP-02;Water Pump 2in;28;21.06;ACC0218;completed;N
H102245;12/05/2024;Norwich Depot;East;DM-09;Diesel Dumper 9T;3;143.94;ACC0201;completed;Y
H102246;13/05/2023;Cardiff Depot;Wales;DM-09;Diesel Dumper 9T;3;148.18;ACC0212;completed;Y
H102247;05/07/2024;Bristol Depot;South West;SC-22;Scissor Lift 22ft;1;81.97;ACC0038;completed;Y
H102248;27/06/2023;Cardiff Depot;Wales;EX-140;13T Excavator;28;313.23;ACC0068;completed;Y
H102249;25/04/2023;Bristol Depot;South West;CM-350;Concrete Mixer 350L;7;33.91;ACC0233;completed;Y
H102250;31/07/2024;Leeds Depot;North;GEN-60;60kVA Generator;1;88.9;ACC0061;completed;Y
H102251;23/04/2024;Cardiff Depot;Wales;CM-350;Concrete Mixer 350L;5;32.86;ACC0106;completed;Y
H102252;18/07/2024;Cardiff Depot;Wales;WP-02;Water Pump 2in;2;23.82;ACC0135;completed;Y
H102253;26/01/2024;Bristol Depot;South West;SC-22;Scissor Lift 22ft;1;72.68;ACC0091;completed;Y
H102254;27/10/2024;Bristol Depot;South West;HD-BRK;Hydraulic Breaker;3;61.15;ACC0171;completed;Y
H102255;15/11/2023;Cardiff Depot;Wales;SF-TOW;Site Tower Light;-3;55.78;;cancelled;Y
H102256;29/09/2023;Cardiff Depot;Wales;PB-15;Powered Barrow;14;42.97;ACC0127;completed;Y
H102257;19/09/2023;Bristol Depot;South West;SC-22;Scissor Lift 22ft;2;75.89;;completed;Y
H102258;20/11/2023;Cardiff Depot;Wales;SF-TOW;Site Tower Light;7;52.08;ACC0166;completed;Y
H102259;18/02/2024;Leeds Depot;North;TL-01;Telehandler 4m;7;191.36;ACC0126;completed;Y
H102260;08/03/2024;Norwich Depot;East;HD-BRK;Hydraulic Breaker;5;61.6;ACC0076;completed;Y
H102261;02/11/2024;Glasgow Depot;Scotland;EX-140;13T Excavator;1;333.39;ACC0156;completed;Y
H102262;05/07/2023;Norwich Depot;East;PB-15;Powered Barrow;2;37.74;ACC0143;completed;N
H102263;09/09/2024;Cardiff Depot;Wales;SC-22;Scissor Lift 22ft;5;83.64;ACC0230;completed;Y
H102264;26/05/2023;Leeds Depot;North;HD-BRK;Hydraulic Breaker;2;64.96;ACC0112;completed;N
H102265;24/08/2024;Cardiff Depot;Wales;PB-15;Powered Barrow;1;42.15;ACC0167;completed;Y
H102266;02/07/2023;Leeds Depot;North;CM-350;Concrete Mixer 350L;7;31.85;ACC0025;completed;Y
H102267;23/10/2024;Bristol Depot;South West;PB-15;Powered Barrow;3;41.1;;completed;Y
H102268;11/08/2023;Glasgow Depot;Scotland;EX-140;13T Excavator;5;329.47;ACC0228;completed;Y
H102269;01/01/2024;Cardiff Depot;Wales;PB-15;Powered Barrow;1;42.67;ACC0104;completed;Y
H102270;18/03/2024;Leeds Depot;North;WP-02;Water Pump 2in;1;23.64;ACC0202;completed;Y
H102271;29/07/2023;Bristol Depot;South West;EX-140;13T Excavator;7;308.97;ACC0161;completed;Y
H102272;22/01/2024;Norwich Depot;East;WP-02;Water Pump 2in;1;21.91;;completed;Y
H102273;10/11/2024;Cardiff Depot;Wales;PB-15;Powered Barrow;5;43.85;ACC0031;completed;Y
H102274;15/12/2024;Norwich Depot;East;SF-TOW;Site Tower Light;1;53.66;ACC0085;completed;Y
H102275;16/08/2024;Leeds Depot;North;PB-15;Powered Barrow;3;42.51;ACC0158;completed;Y
H102276;17/10/2024;Glasgow Depot;Scotland;SF-TOW;Site Tower Light;14;48.42;ACC0015;completed;Y
H102277;23/08/2023;Glasgow Depot;Scotland;WP-02;Water Pump 2in;1;22.81;ACC0025;completed;N
H102278;25/08/2023;Cardiff Depot;Wales;DM-09;Diesel Dumper 9T;3;151.18;ACC0071;completed;Y
H102279;17/12/2023;Leeds Depot;North;HD-BRK;Hydraulic Breaker;5;63.9;;completed;Y
H102280;18/07/2023;Norwich Depot;East;WP-02;Water Pump 2in;1;21.59;ACC0059;completed;N
H102281;31/07/2024;Leeds Depot;North;DM-09;Diesel Dumper 9T;5;136.73;ACC0166;completed;Y
H102282;05/11/2023;Bristol Depot;South West;SF-TOW;Site Tower Light;2;48.68;ACC0221;completed;Y
H102283;18/08/2024;Leeds Depot;North;WP-02;Water Pump 2in;5;24.2;ACC0216;completed;Y
H102284;10/06/2023;Leeds Depot;North;SC-22;Scissor Lift 22ft;5;73.33;ACC0049;completed;Y
H102285;13/12/2024;Bristol Depot;South West;PB-15;Powered Barrow;2;41.74;ACC0123;completed;Y
H102286;05/05/2023;Glasgow Depot;Scotland;WP-02;Water Pump 2in;7;21.22;ACC0121;completed;Y
H102287;17/12/2024;Bristol Depot;South West;SF-TOW;Site Tower Light;1;48.19;ACC0200;completed;Y
H102288;04/05/2023;Cardiff Depot;Wales;SF-TOW;Site Tower Light;2;51.83;ACC0105;completed;Y
H102289;31/05/2024;Norwich Depot;East;SF-TOW;Site Tower Light;3;50.19;ACC0224;open;Y
H102290;11/07/2024;Cardiff Depot;Wales;EX-140;13T Excavator;2;300.21;ACC0206;completed;Y
H102291;16/08/2023;Bristol Depot;South West;PB-15;Powered Barrow;2;42.65;ACC0052;completed;Y
H102292;23/04/2024;Leeds Depot;North;PB-15;Powered Barrow;3;42.55;ACC0109;completed;Y
H102293;11/10/2024;Glasgow Depot;Scotland;DM-09;Diesel Dumper 9T;3;135.35;ACC0016;completed;Y
H102294;04/09/2023;Cardiff Depot;Wales;DM-09;Diesel Dumper 9T;7;153.67;ACC0051;completed;N
H102295;10/05/2023;Bristol Depot;South West;WP-02;Water Pump 2in;1;21.76;ACC0178;completed;Y
H102296;27/04/2024;Bristol Depot;South West;PB-15;Powered Barrow;2;41.75;;completed;N
H102297;04/07/2024;Glasgow Depot;Scotland;TL-01;Telehandler 4m;-2;181.43;;cancelled;Y
H102298;11/06/2023;Norwich Depot;East;GEN-60;60kVA Generator;5;96.65;ACC0070;completed;Y
H102299;28/08/2024;Glasgow Depot;Scotland;GEN-60;60kVA Generator;7;96.38;ACC0090;completed;Y
H102300;03/11/2024;Leeds Depot;North;TL-01;Telehandler 4m;2;201.6;ACC0096;completed;N
H102301;11/10/2023;Bristol Depot;South West;HD-BRK;Hydraulic Breaker;2;63.76;ACC0076;completed;Y
H102302;26/10/2024;Leeds Depot;North;WP-02;Water Pump 2in;5;21.84;ACC0161;completed;N
H102303;22/11/2023;Glasgow Depot;Scotland;CM-350;Concrete Mixer 350L;5;32.86;ACC0064;completed;Y
H102304;01/08/2023;Glasgow Depot;Scotland;PB-15;Powered Barrow;2;41.0;;completed;Y
H102305;31/12/2024;Leeds Depot;North;DM-09;Diesel Dumper 9T;2;152.17;ACC0227;completed;Y
H102306;22/02/2024;Cardiff Depot;Wales;HD-BRK;Hydraulic Breaker;2;65.75;ACC0056;completed;N
H102307;10/07/2023;Norwich Depot;East;GEN-60;60kVA Generator;2;88.98;;completed;Y
H102308;19/02/2024;Bristol Depot;South West;PB-15;Powered Barrow;1;40.04;ACC0162;completed;Y
H102309;17/06/2024;Leeds Depot;North;TL-01;Telehandler 4m;1;180.63;ACC0054;completed;Y
H102310;07/10/2023;Cardiff Depot;Wales;SC-22;Scissor Lift 22ft;5;75.4;ACC0142;completed;Y
H102311;12/03/2024;Cardiff Depot;Wales;WP-02;Water Pump 2in;5;21.14;ACC0091;completed;Y
H102312;03/10/2023;Cardiff Depot;Wales;PB-15;Powered Barrow;1;43.07;ACC0051;completed;Y
H102313;01/09/2024;Cardiff Depot;Wales;CM-350;Concrete Mixer 350L;1;32.07;;completed;Y
H102314;04/08/2023;Cardiff Depot;Wales;WP-02;Water Pump 2in;5;22.18;ACC0138;completed;N
H102315;25/10/2023;Cardiff Depot;Wales;DM-09;Diesel Dumper 9T;3;143.6;;completed;Y
H102316;22/07/2024;Norwich Depot;East;CM-350;Concrete Mixer 350L;28;31.71;ACC0164;completed;Y
H102317;29/05/2023;Leeds Depot;North;CM-350;Concrete Mixer 350L;3;35.05;ACC0051;completed;Y
H102318;27/04/2023;Cardiff Depot;Wales;PB-15;Powered Barrow;2;41.05;ACC0009;completed;N
H102319;09/04/2024;Cardiff Depot;Wales;CM-350;Concrete Mixer 350L;7;32.98;ACC0203;open;Y
H102320;24/06/2023;Bristol Depot;South West;PB-15;Powered Barrow;2;39.65;;completed;Y
H102321;28/12/2023;Norwich Depot;East;PB-15;Powered Barrow;1;38.73;;completed;Y
H102322;06/09/2023;Leeds Depot;North;DM-09;Diesel Dumper 9T;2;152.29;;completed;Y
H102323;24/12/2023;Glasgow Depot;Scotland;DM-09;Diesel Dumper 9T;2;147.46;ACC0182;completed;Y
H102324;23/08/2024;Bristol Depot;South West;WP-02;Water Pump 2in;5;22.0;ACC0040;completed;N
H102325;24/07/2023;Cardiff Depot;Wales;SC-22;Scissor Lift 22ft;5;72.83;ACC0249;completed;Y
H102326;26/02/2024;Cardiff Depot;Wales;WP-02;Water Pump 2in;-1;21.97;ACC0001;cancelled;N
H102327;30/05/2023;Bristol Depot;South West;GEN-60;60kVA Generator;5;92.53;ACC0132;completed;Y
H102328;19/11/2024;Cardiff Depot;Wales;PB-15;Powered Barrow;1;40.82;ACC0257;completed;Y
H102329;24/09/2023;Cardiff Depot;Wales;PB-15;Powered Barrow;1;41.27;ACC0072;completed;Y
H102330;28/10/2023;Cardiff Depot;Wales;EX-140;13T Excavator;3;316.69;ACC0175;open;Y
H102331;20/11/2024;Bristol Depot;South West;SC-22;Scissor Lift 22ft;28;84.46;;completed;Y
H102332;25/06/2024;Bristol Depot;South West;WP-02;Water Pump 2in;1;23.08;ACC0194;completed;Y
H102333;30/06/2023;Bristol Depot;South West;CM-350;Concrete Mixer 350L;3;33.69;ACC0120;completed;Y
H102334;01/06/2024;Leeds Depot;North;SC-22;Scissor Lift 22ft;3;72.63;;completed;N
H102335;04/07/2023;Leeds Depot;North;WP-02;Water Pump 2in;3;23.96;ACC0197;completed;N
H102336;02/09/2024;Leeds Depot;North;CM-350;Concrete Mixer 350L;1;34.49;ACC0131;completed;Y
H102337;27/09/2024;Leeds Depot;North;WP-02;Water Pump 2in;1;22.46;ACC0214;completed;Y
H102338;31/08/2023;Norwich Depot;East;SC-22;Scissor Lift 22ft;1;75.48;ACC0181;completed;N
H102339;15/11/2023;Leeds Depot;North;DM-09;Diesel Dumper 9T;14;147.75;ACC0087;completed;Y
H102340;21/05/2023;Glasgow Depot;Scotland;CM-350;Concrete Mixer 350L;5;32.61;ACC0044;completed;Y
H102341;14/11/2023;Bristol Depot;South West;SC-22;Scissor Lift 22ft;7;72.6;ACC0060;completed;Y
H102342;23/11/2023;Cardiff Depot;Wales;TL-01;Telehandler 4m;2;196.48;ACC0087;completed;Y
H102343;17/12/2023;Cardiff Depot;Wales;CM-350;Concrete Mixer 350L;3;33.6;ACC0221;completed;Y
H102344;25/12/2024;Bristol Depot;South West;WP-02;Water Pump 2in;7;24.09;;completed;N
H102345;30/12/2024;Bristol Depot;South West;SC-22;Scissor Lift 22ft;1;81.28;ACC0015;completed;Y
H102346;01/12/2023;Bristol Depot;South West;PB-15;Powered Barrow;28;42.89;ACC0191;completed;Y
H102347;26/05/2024;Cardiff Depot;Wales;CM-350;Concrete Mixer 350L;3;34.12;ACC0045;completed;Y
H102348;09/10/2024;Cardiff Depot;Wales;SF-TOW;Site Tower Light;7;54.28;ACC0245;completed;N
H102349;02/05/2023;Glasgow Depot;Scotland;CM-350;Concrete Mixer 350L;14;31.58;ACC0233;completed;Y
H102350;27/07/2024;Glasgow Depot;Scotland;CM-350;Concrete Mixer 350L;1;36.32;ACC0258;completed;Y
H102351;26/10/2024;Leeds Depot;North;SC-22;Scissor Lift 22ft;2;79.24;ACC0205;completed;Y
H102352;30/08/2024;Glasgow Depot;Scotland;CM-350;Concrete Mixer 350L;7;34.32;ACC0053;completed;Y
H102353;25/05/2023;Cardiff Depot;Wales;GEN-60;60kVA Generator;5;93.01;ACC0096;completed;Y
H102354;11/08/2023;Glasgow Depot;Scotland;SC-22;Scissor Lift 22ft;1;74.83;ACC0185;completed;Y
H102355;09/08/2024;Cardiff Depot;Wales;DM-09;Diesel Dumper 9T;1;142.36;ACC0048;completed;Y
H102356;14/08/2024;Leeds Depot;North;GEN-60;60kVA Generator;2;90.32;ACC0177;completed;Y
H102357;22/05/2024;Cardiff Depot;Wales;WP-02;Water Pump 2in;3;20.94;ACC0220;completed;Y
H102358;21/03/2024;Bristol Depot;South West;EX-140;13T Excavator;1;316.9;ACC0166;completed;N
H102359;19/06/2023;Leeds Depot;North;SC-22;Scissor Lift 22ft;1;83.33;ACC0224;completed;Y
H102360;29/06/2024;Bristol Depot;South West;SC-22;Scissor Lift 22ft;3;80.17;ACC0119;completed;Y
H102361;24/02/2024;Cardiff Depot;Wales;PB-15;Powered Barrow;2;37.77;ACC0121;completed;N
H102362;15/11/2023;Glasgow Depot;Scotland;CM-350;Concrete Mixer 350L;14;33.61;ACC0249;completed;Y
H102363;02/06/2024;Norwich Depot;East;HD-BRK;Hydraulic Breaker;3;63.3;ACC0004;completed;Y
H102364;15/01/2024;Bristol Depot;South West;GEN-60;60kVA Generator;1;91.15;ACC0099;completed;Y
H102365;02/10/2023;Glasgow Depot;Scotland;WP-02;Water Pump 2in;1;21.89;ACC0094;completed;Y
H102366;30/06/2024;Bristol Depot;South West;WP-02;Water Pump 2in;5;21.06;ACC0041;completed;N
H102367;12/04/2024;Norwich Depot;East;SF-TOW;Site Tower Light;1;48.95;ACC0054;open;N
H102368;15/12/2024;Glasgow Depot;Scotland;GEN-60;60kVA Generator;7;89.66;ACC0243;completed;Y
H102369;08/10/2023;Norwich Depot;East;EX-140;13T Excavator;2;320.86;ACC0125;open;Y
H102370;20/08/2023;Norwich Depot;East;SC-22;Scissor Lift 22ft;1;80.84;ACC0112;completed;Y
H102371;28/06/2024;Norwich Depot;East;SF-TOW;Site Tower Light;28;48.5;ACC0050;completed;Y
H102372;04/11/2024;Norwich Depot;East;DM-09;Diesel Dumper 9T;3;141.15;ACC0237;completed;Y
H102373;21/11/2024;Norwich Depot;East;TL-01;Telehandler 4m;3;177.75;ACC0050;completed;Y
H102374;21/06/2023;Leeds Depot;North;GEN-60;60kVA Generator;1;89.9;ACC0031;completed;Y
H102375;20/05/2024;Cardiff Depot;Wales;DM-09;Diesel Dumper 9T;1;140.68;ACC0172;completed;Y
H102376;28/08/2024;Cardiff Depot;Wales;SC-22;Scissor Lift 22ft;1;78.29;;completed;Y
H102377;15/03/2024;Cardiff Depot;Wales;WP-02;Water Pump 2in;2;23.35;ACC0047;completed;Y
H102378;08/05/2023;Cardiff Depot;Wales;WP-02;Water Pump 2in;5;22.15;ACC0195;completed;N
H102379;22/10/2023;Cardiff Depot;Wales;EX-140;13T Excavator;1;329.38;;completed;Y
H102380;07/10/2024;Bristol Depot;South West;PB-15;Powered Barrow;1;38.26;ACC0194;completed;Y
H102381;28/12/2023;Glasgow Depot;Scotland;CM-350;Concrete Mixer 350L;1;34.19;ACC0057;completed;N
H102382;18/06/2024;Bristol Depot;South West;GEN-60;60kVA Generator;3;102.22;;completed;Y
H102383;01/01/2024;Leeds Depot;North;CM-350;Concrete Mixer 350L;2;32.78;ACC0060;completed;Y
H102384;15/02/2024;Cardiff Depot;Wales;DM-09;Diesel Dumper 9T;1;139.22;;completed;N
H102385;29/08/2023;Cardiff Depot;Wales;PB-15;Powered Barrow;1;37.91;ACC0122;completed;Y
H102386;01/11/2024;Leeds Depot;North;EX-140;13T Excavator;2;311.56;ACC0099;completed;N
H102387;11/01/2024;Glasgow Depot;Scotland;HD-BRK;Hydraulic Breaker;5;68.96;;completed;Y
H102388;10/07/2023;Cardiff Depot;Wales;WP-02;Water Pump 2in;5;20.9;ACC0032;completed;Y
H102389;07/09/2023;Norwich Depot;East;CM-350;Concrete Mixer 350L;-14;33.9;ACC0127;cancelled;Y
H102390;19/10/2023;Bristol Depot;South West;TL-01;Telehandler 4m;2;175.2;ACC0230;completed;Y
H102391;31/10/2024;Bristol Depot;South West;SC-22;Scissor Lift 22ft;-2;82.68;ACC0215;cancelled;Y
H102392;22/10/2024;Leeds Depot;North;PB-15;Powered Barrow;5;43.28;ACC0012;completed;Y
H102393;21/07/2024;Norwich Depot;East;CM-350;Concrete Mixer 350L;1;33.1;ACC0179;completed;N
H102394;12/06/2024;Cardiff Depot;Wales;CM-350;Concrete Mixer 350L;1;36.11;ACC0180;completed;N
H102395;15/11/2023;Glasgow Depot;Scotland;GEN-60;60kVA Generator;1;100.83;ACC0034;completed;Y
H102396;01/04/2023;Cardiff Depot;Wales;SF-TOW;Site Tower Light;3;52.22;ACC0001;completed;N
H102397;26/04/2024;Bristol Depot;South West;GEN-60;60kVA Generator;2;96.67;ACC0028;completed;Y
H102398;14/11/2024;Norwich Depot;East;SC-22;Scissor Lift 22ft;7;83.23;ACC0053;open;Y
H102399;28/07/2024;Glasgow Depot;Scotland;WP-02;Water Pump 2in;28;22.49;ACC0089;completed;Y
H102400;25/03/2024;Leeds Depot;North;DM-09;Diesel Dumper 9T;2;153.82;ACC0223;completed;N
H102401;25/10/2023;Norwich Depot;East;PB-15;Powered Barrow;5;43.99;ACC0034;completed;Y
H102402;06/09/2024;Cardiff Depot;Wales;CM-350;Concrete Mixer 350L;7;33.4;ACC0115;completed;Y
H102403;14/08/2023;Glasgow Depot;Scotland;GEN-60;60kVA Generator;1;94.75;ACC0043;completed;Y
H102404;13/05/2023;Leeds Depot;North;CM-350;Concrete Mixer 350L;7;34.81;ACC0231;completed;N
H102405;06/07/2024;Norwich Depot;East;SC-22;Scissor Lift 22ft;3;79.25;;completed;N
H102406;09/04/2024;Leeds Depot;North;SF-TOW;Site Tower Light;1;50.71;ACC0247;completed;Y
H102407;12/05/2024;Bristol Depot;South West;WP-02;Water Pump 2in;3;21.05;ACC0230;completed;Y
H102408;12/12/2023;Leeds Depot;North;PB-15;Powered Barrow;1;42.17;ACC0061;completed;N
H102409;04/08/2023;Norwich Depot;East;SF-TOW;Site Tower Light;14;51.76;ACC0069;completed;Y
H102410;23/07/2024;Leeds Depot;North;CM-350;Concrete Mixer 350L;2;31.34;ACC0092;completed;Y
H102411;19/11/2023;Bristol Depot;South West;HD-BRK;Hydraulic Breaker;2;64.84;ACC0165;open;Y
H102412;09/10/2024;Glasgow Depot;Scotland;PB-15;Powered Barrow;1;40.88;ACC0020;completed;N
H102413;23/06/2024;Cardiff Depot;Wales;TL-01;Telehandler 4m;1;187.53;ACC0012;completed;Y
H102414;13/09/2023;Cardiff Depot;Wales;TL-01;Telehandler 4m;5;178.78;ACC0229;completed;Y
H102415;20/08/2023;Cardiff Depot;Wales;GEN-60;60kVA Generator;2;90.21;ACC0134;completed;Y
H102416;06/05/2023;Glasgow Depot;Scotland;HD-BRK;Hydraulic Breaker;1;68.13;ACC0053;completed;Y
H102417;21/09/2024;Leeds Depot;North;PB-15;Powered Barrow;1;41.45;ACC0021;completed;Y
H102418;30/12/2024;Cardiff Depot;Wales;SC-22;Scissor Lift 22ft;3;78.76;ACC0081;completed;Y
H102419;21/07/2024;Glasgow Depot;Scotland;EX-140;13T Excavator;3;332.37;ACC0062;completed;Y
H102420;20/07/2023;Norwich Depot;East;SC-22;Scissor Lift 22ft;2;83.91;ACC0147;completed;Y
H102421;16/05/2023;Norwich Depot;East;GEN-60;60kVA Generator;1;93.06;ACC0126;completed;Y
H102422;21/12/2024;Glasgow Depot;Scotland;EX-140;13T Excavator;-3;302.96;ACC0204;cancelled;Y
H102423;03/01/2024;Leeds Depot;North;TL-01;Telehandler 4m;1;186.92;ACC0223;completed;Y
H102424;16/11/2024;Norwich Depot;East;CM-350;Concrete Mixer 350L;5;33.95;ACC0074;completed;Y
H102425;01/01/2024;Norwich Depot;East;SC-22;Scissor Lift 22ft;3;77.24;ACC0090;completed;Y
H102426;07/12/2024;Cardiff Depot;Wales;PB-15;Powered Barrow;14;41.62;ACC0145;completed;Y
H102427;08/09/2023;Norwich Depot;East;CM-350;Concrete Mixer 350L;-1;32.43;;cancelled;Y
H102428;26/08/2024;Cardiff Depot;Wales;GEN-60;60kVA Generator;2;98.53;;completed;Y
H102429;07/07/2023;Leeds Depot;North;TL-01;Telehandler 4m;28;176.82;ACC0178;open;Y
H102430;15/12/2024;Cardiff Depot;Wales;SC-22;Scissor Lift 22ft;2;79.63;ACC0076;completed;Y
H102431;07/02/2024;Bristol Depot;South West;DM-09;Diesel Dumper 9T;14;142.13;;completed;Y
H102432;29/07/2024;Cardiff Depot;Wales;CM-350;Concrete Mixer 350L;1;31.77;ACC0003;completed;Y
H102433;20/06/2023;Norwich Depot;East;CM-350;Concrete Mixer 350L;-1;35.46;ACC0210;cancelled;Y
H102434;17/02/2024;Cardiff Depot;Wales;TL-01;Telehandler 4m;5;194.31;ACC0011;completed;N
H102435;14/09/2024;Bristol Depot;South West;GEN-60;60kVA Generator;2;101.27;ACC0234;completed;N
H102436;08/06/2024;Norwich Depot;East;DM-09;Diesel Dumper 9T;5;140.04;ACC0171;completed;Y
H102437;30/09/2024;Norwich Depot;East;CM-350;Concrete Mixer 350L;1;35.71;ACC0234;completed;N
H102438;31/03/2024;Norwich Depot;East;CM-350;Concrete Mixer 350L;5;36.67;ACC0219;completed;Y
H102439;07/06/2023;Cardiff Depot;Wales;SF-TOW;Site Tower Light;2;50.78;ACC0125;completed;Y
H102440;04/12/2024;Bristol Depot;South West;DM-09;Diesel Dumper 9T;7;135.69;ACC0189;completed;Y
H102441;04/12/2024;Norwich Depot;East;PB-15;Powered Barrow;1;42.46;ACC0175;completed;Y
H102442;27/03/2024;Bristol Depot;South West;HD-BRK;Hydraulic Breaker;7;64.99;ACC0153;completed;Y
H102443;03/06/2023;Norwich Depot;East;EX-140;13T Excavator;1;326.18;ACC0104;completed;Y
H102444;25/02/2024;Glasgow Depot;Scotland;DM-09;Diesel Dumper 9T;7;147.57;ACC0115;completed;Y
H102445;22/07/2024;Glasgow Depot;Scotland;CM-350;Concrete Mixer 350L;1;35.53;;completed;Y
H102446;13/03/2024;Glasgow Depot;Scotland;CM-350;Concrete Mixer 350L;2;36.19;ACC0004;completed;N
H102447;07/12/2024;Leeds Depot;North;TL-01;Telehandler 4m;5;181.47;ACC0215;completed;Y
H102448;13/01/2024;Glasgow Depot;Scotland;WP-02;Water Pump 2in;1;22.05;ACC0221;completed;Y
H102449;12/07/2024;Norwich Depot;East;GEN-60;60kVA Generator;28;102.56;ACC0014;completed;Y
H102450;02/05/2024;Leeds Depot;North;SF-TOW;Site Tower Light;5;56.12;ACC0049;completed;Y
H102451;02/10/2024;Bristol Depot;South West;GEN-60;60kVA Generator;5;97.75;ACC0225;completed;Y
H102452;10/02/2024;Norwich Depot;East;SF-TOW;Site Tower Light;2;48.38;ACC0035;open;Y
H102453;31/10/2024;Bristol Depot;South West;PB-15;Powered Barrow;1;41.58;ACC0018;completed;Y
H102454;17/12/2024;Leeds Depot;North;SF-TOW;Site Tower Light;1;54.85;ACC0179;completed;Y
H102455;14/12/2024;Norwich Depot;East;GEN-60;60kVA Generator;1;94.64;ACC0036;completed;Y
H102456;09/11/2023;Glasgow Depot;Scotland;WP-02;Water Pump 2in;14;24.27;ACC0045;completed;Y
H102457;06/05/2024;Leeds Depot;North;PB-15;Powered Barrow;3;44.14;ACC0041;completed;Y
H102458;23/11/2024;Bristol Depot;South West;WP-02;Water Pump 2in;1;24.12;ACC0172;completed;N
H102459;01/07/2024;Glasgow Depot;Scotland;DM-09;Diesel Dumper 9T;3;144.01;;completed;N
H102460;21/04/2024;Glasgow Depot;Scotland;CM-350;Concrete Mixer 350L;14;35.09;ACC0063;completed;N
H102461;12/05/2023;Bristol Depot;South West;SC-22;Scissor Lift 22ft;5;83.26;ACC0045;completed;Y
H102462;20/08/2023;Bristol Depot;South West;WP-02;Water Pump 2in;5;20.86;ACC0182;completed;Y
H102463;13/09/2023;Glasgow Depot;Scotland;WP-02;Water Pump 2in;2;21.7;ACC0220;completed;Y
H102464;25/02/2024;Cardiff Depot;Wales;CM-350;Concrete Mixer 350L;7;32.84;ACC0106;completed;Y
H102465;28/09/2023;Bristol Depot;South West;TL-01;Telehandler 4m;5;197.23;ACC0241;completed;Y
H102466;22/06/2023;Cardiff Depot;Wales;TL-01;Telehandler 4m;5;175.41;ACC0143;completed;Y
H102467;19/11/2023;Glasgow Depot;Scotland;DM-09;Diesel Dumper 9T;-1;135.4;ACC0032;cancelled;Y
H102468;16/11/2023;Bristol Depot;South West;CM-350;Concrete Mixer 350L;7;32.06;ACC0014;completed;N
H102469;07/05/2023;Norwich Depot;East;CM-350;Concrete Mixer 350L;14;36.49;ACC0050;completed;Y
H102470;26/09/2024;Cardiff Depot;Wales;SF-TOW;Site Tower Light;1;52.86;ACC0102;completed;N
H102471;27/06/2024;Glasgow Depot;Scotland;CM-350;Concrete Mixer 350L;7;33.99;ACC0029;completed;N
H102472;01/07/2024;Bristol Depot;South West;TL-01;Telehandler 4m;2;175.0;ACC0109;completed;Y
H102473;02/11/2023;Bristol Depot;South West;DM-09;Diesel Dumper 9T;5;156.22;ACC0056;completed;N
H102474;06/08/2024;Bristol Depot;South West;HD-BRK;Hydraulic Breaker;2;60.52;ACC0070;completed;Y
H102475;20/06/2023;Norwich Depot;East;CM-350;Concrete Mixer 350L;1;35.09;ACC0048;open;Y
H102476;06/06/2024;Norwich Depot;East;TL-01;Telehandler 4m;5;173.28;ACC0243;completed;Y
H102477;14/12/2024;Glasgow Depot;Scotland;GEN-60;60kVA Generator;5;92.4;ACC0244;completed;Y
H102478;24/12/2023;Glasgow Depot;Scotland;PB-15;Powered Barrow;5;43.42;ACC0155;completed;N
H102479;02/09/2023;Glasgow Depot;Scotland;HD-BRK;Hydraulic Breaker;1;59.78;;completed;Y
H102480;28/04/2023;Leeds Depot;North;SC-22;Scissor Lift 22ft;5;74.94;;completed;Y
H102481;31/07/2023;Glasgow Depot;Scotland;DM-09;Diesel Dumper 9T;5;152.06;ACC0055;completed;Y
H102482;14/02/2024;Cardiff Depot;Wales;TL-01;Telehandler 4m;5;177.81;ACC0173;completed;Y
H102483;01/05/2023;Norwich Depot;East;TL-01;Telehandler 4m;2;200.93;ACC0069;completed;Y
H102484;05/08/2023;Glasgow Depot;Scotland;GEN-60;60kVA Generator;5;92.37;;completed;N
H102485;28/10/2023;Norwich Depot;East;HD-BRK;Hydraulic Breaker;2;63.88;ACC0222;completed;Y
H102486;22/05/2024;Cardiff Depot;Wales;PB-15;Powered Barrow;1;41.97;ACC0230;completed;Y
H102487;25/08/2023;Cardiff Depot;Wales;CM-350;Concrete Mixer 350L;14;33.9;ACC0143;completed;Y
H102488;10/08/2024;Cardiff Depot;Wales;SC-22;Scissor Lift 22ft;14;76.55;ACC0248;completed;Y
H102489;14/06/2023;Norwich Depot;East;CM-350;Concrete Mixer 350L;1;32.11;ACC0084;completed;N
H102490;05/09/2024;Norwich Depot;East;WP-02;Water Pump 2in;3;22.67;ACC0168;completed;Y
H102491;21/09/2023;Bristol Depot;South West;SF-TOW;Site Tower Light;5;48.6;ACC0095;completed;Y
H102492;26/04/2023;Glasgow Depot;Scotland;HD-BRK;Hydraulic Breaker;1;68.29;ACC0142;completed;Y
H102493;09/04/2023;Glasgow Depot;Scotland;GEN-60;60kVA Generator;14;94.42;ACC0021;completed;Y
H102494;08/11/2023;Bristol Depot;South West;WP-02;Water Pump 2in;1;23.43;;completed;Y
H102495;14/01/2024;Cardiff Depot;Wales;SC-22;Scissor Lift 22ft;1;81.51;ACC0011;completed;Y
H102496;07/02/2024;Leeds Depot;North;CM-350;Concrete Mixer 350L;14;35.83;ACC0108;completed;N
H102497;24/09/2024;Glasgow Depot;Scotland;DM-09;Diesel Dumper 9T;1;140.97;;completed;Y
H102498;26/10/2023;Glasgow Depot;Scotland;DM-09;Diesel Dumper 9T;-14;145.11;ACC0142;cancelled;Y
H102499;31/08/2024;Norwich Depot;East;CM-350;Concrete Mixer 350L;2;35.54;ACC0234;completed;Y
H102500;21/04/2023;Glasgow Depot;Scotland;WP-02;Water Pump 2in;2;21.82;ACC0048;completed;Y
H102501;05/07/2024;Norwich Depot;East;CM-350;Concrete Mixer 350L;1;32.57;ACC0158;open;Y
H102502;08/11/2024;Bristol Depot;South West;TL-01;Telehandler 4m;1;176.71;ACC0026;completed;N
H102503;01/10/2024;Norwich Depot;East;SC-22;Scissor Lift 22ft;2;75.22;ACC0213;completed;Y
H102504;19/09/2023;Norwich Depot;East;PB-15;Powered Barrow;1;41.18;ACC0253;open;Y
H102505;12/09/2023;Cardiff Depot;Wales;WP-02;Water Pump 2in;2;24.24;ACC0143;completed;Y
H102506;13/06/2024;Norwich Depot;East;SC-22;Scissor Lift 22ft;-28;83.19;ACC0191;cancelled;Y
H102507;28/08/2023;Cardiff Depot;Wales;SF-TOW;Site Tower Light;1;53.57;ACC0186;completed;N
H102508;28/09/2024;Glasgow Depot;Scotland;GEN-60;60kVA Generator;14;99.01;ACC0260;completed;Y
H102509;22/10/2023;Glasgow Depot;Scotland;GEN-60;60kVA Generator;3;100.87;;completed;Y
H102510;11/08/2023;Leeds Depot;North;SC-22;Scissor Lift 22ft;14;77.44;ACC0020;completed;Y
H102511;04/06/2024;Cardiff Depot;Wales;SC-22;Scissor Lift 22ft;28;78.8;;completed;Y
H102512;22/11/2024;Glasgow Depot;Scotland;PB-15;Powered Barrow;28;42.11;ACC0170;completed;N
H102513;18/08/2024;Glasgow Depot;Scotland;GEN-60;60kVA Generator;5;93.77;ACC0188;completed;Y
H102514;15/11/2024;Norwich Depot;East;HD-BRK;Hydraulic Breaker;14;62.2;ACC0124;completed;N
H102515;28/02/2024;Cardiff Depot;Wales;SC-22;Scissor Lift 22ft;3;80.24;;completed;Y
H102516;11/12/2024;Norwich Depot;East;PB-15;Powered Barrow;28;39.56;;completed;Y
H102517;16/04/2024;Leeds Depot;North;EX-140;13T Excavator;7;332.04;ACC0224;completed;Y
H102518;05/08/2024;Cardiff Depot;Wales;EX-140;13T Excavator;1;303.76;ACC0204;completed;Y
H102519;26/04/2023;Glasgow Depot;Scotland;SF-TOW;Site Tower Light;3;50.11;ACC0106;open;Y
H102520;14/09/2023;Norwich Depot;East;CM-350;Concrete Mixer 350L;14;34.43;ACC0124;completed;Y
H102521;12/07/2023;Bristol Depot;South West;SF-TOW;Site Tower Light;1;52.39;;completed;Y
H102522;05/09/2024;Glasgow Depot;Scotland;PB-15;Powered Barrow;2;41.88;ACC0244;completed;Y
H102523;21/06/2024;Cardiff Depot;Wales;TL-01;Telehandler 4m;2;183.69;ACC0055;completed;Y
H102524;31/07/2023;Leeds Depot;North;SC-22;Scissor Lift 22ft;2;81.32;ACC0259;completed;Y
H102525;06/12/2024;Glasgow Depot;Scotland;HD-BRK;Hydraulic Breaker;14;69.01;ACC0253;completed;Y
H102526;13/07/2024;Cardiff Depot;Wales;PB-15;Powered Barrow;5;39.1;ACC0159;completed;Y
H102527;23/09/2024;Leeds Depot;North;WP-02;Water Pump 2in;1;22.91;ACC0233;completed;Y
H102528;20/11/2023;Leeds Depot;North;WP-02;Water Pump 2in;-2;21.81;ACC0039;cancelled;Y
H102529;13/08/2023;Bristol Depot;South West;EX-140;13T Excavator;5;320.58;ACC0099;completed;Y
H102530;01/05/2023;Norwich Depot;East;CM-350;Concrete Mixer 350L;5;34.14;ACC0247;completed;N
H102531;08/10/2024;Cardiff Depot;Wales;WP-02;Water Pump 2in;1;22.08;ACC0033;completed;Y
H102532;25/11/2024;Glasgow Depot;Scotland;CM-350;Concrete Mixer 350L;1;34.28;ACC0076;completed;N
H102533;09/08/2023;Bristol Depot;South West;SC-22;Scissor Lift 22ft;7;76.18;ACC0230;completed;Y
H102534;12/06/2023;Cardiff Depot;Wales;SF-TOW;Site Tower Light;-5;49.38;ACC0210;cancelled;Y
H102535;03/10/2024;Bristol Depot;South West;SC-22;Scissor Lift 22ft;7;83.22;ACC0196;completed;Y
H102536;06/10/2023;Cardiff Depot;Wales;SF-TOW;Site Tower Light;1;54.79;ACC0226;completed;Y
H102537;12/12/2023;Leeds Depot;North;HD-BRK;Hydraulic Breaker;1;60.08;ACC0125;completed;Y
H102538;09/05/2023;Norwich Depot;East;SC-22;Scissor Lift 22ft;2;76.23;ACC0103;completed;Y
H102539;15/04/2023;Cardiff Depot;Wales;WP-02;Water Pump 2in;2;21.42;ACC0093;completed;Y
H102540;30/06/2023;Cardiff Depot;Wales;GEN-60;60kVA Generator;-14;89.8;ACC0061;cancelled;Y
H102541;23/08/2023;Cardiff Depot;Wales;EX-140;13T Excavator;1;325.77;ACC0229;completed;Y
H102542;14/03/2024;Glasgow Depot;Scotland;WP-02;Water Pump 2in;5;21.6;ACC0233;completed;Y
H102543;20/02/2024;Norwich Depot;East;WP-02;Water Pump 2in;3;21.75;ACC0012;completed;N
H102544;27/09/2023;Norwich Depot;East;SC-22;Scissor Lift 22ft;14;72.87;ACC0092;completed;Y
H102545;26/12/2024;Glasgow Depot;Scotland;PB-15;Powered Barrow;1;42.35;ACC0110;completed;Y
H102546;15/05/2023;Leeds Depot;North;SF-TOW;Site Tower Light;3;49.63;ACC0256;completed;Y
H102547;28/04/2023;Glasgow Depot;Scotland;SC-22;Scissor Lift 22ft;1;74.53;ACC0057;completed;Y
H102548;17/02/2024;Leeds Depot;North;WP-02;Water Pump 2in;3;22.03;;completed;Y
H102549;31/10/2023;Glasgow Depot;Scotland;WP-02;Water Pump 2in;2;23.49;ACC0045;completed;Y
H102550;25/05/2023;Bristol Depot;South West;CM-350;Concrete Mixer 350L;5;32.13;ACC0045;completed;Y
H102551;05/08/2024;Glasgow Depot;Scotland;HD-BRK;Hydraulic Breaker;1;63.05;ACC0167;completed;Y
H102552;19/05/2024;Glasgow Depot;Scotland;SF-TOW;Site Tower Light;7;50.2;ACC0161;completed;Y
H102553;22/09/2024;Norwich Depot;East;SF-TOW;Site Tower Light;1;55.3;ACC0083;completed;Y
H102554;08/11/2024;Glasgow Depot;Scotland;CM-350;Concrete Mixer 350L;7;32.31;ACC0106;completed;Y
H102555;05/09/2024;Cardiff Depot;Wales;EX-140;13T Excavator;14;285.8;ACC0064;completed;Y
H102556;16/02/2024;Cardiff Depot;Wales;PB-15;Powered Barrow;2;40.75;ACC0061;completed;N
H102557;18/05/2023;Bristol Depot;South West;SC-22;Scissor Lift 22ft;5;76.8;ACC0066;open;Y
H102558;25/03/2024;Cardiff Depot;Wales;PB-15;Powered Barrow;2;40.58;ACC0006;completed;Y
H102559;13/01/2024;Cardiff Depot;Wales;SC-22;Scissor Lift 22ft;3;74.9;ACC0172;completed;Y
H102560;19/09/2023;Bristol Depot;South West;WP-02;Water Pump 2in;14;23.09;ACC0215;completed;Y
H102561;11/06/2024;Leeds Depot;North;CM-350;Concrete Mixer 350L;1;34.3;ACC0122;completed;Y
H102562;10/07/2023;Glasgow Depot;Scotland;SF-TOW;Site Tower Light;3;52.41;ACC0083;completed;N
H102563;23/12/2024;Norwich Depot;East;SF-TOW;Site Tower Light;3;53.18;ACC0190;completed;N
H102564;16/03/2024;Leeds Depot;North;CM-350;Concrete Mixer 350L;2;34.77;ACC0021;open;Y
H102565;30/11/2023;Cardiff Depot;Wales;WP-02;Water Pump 2in;1;21.08;ACC0201;completed;Y
H102566;06/08/2024;Bristol Depot;South West;EX-140;13T Excavator;3;303.97;ACC0223;completed;Y
H102567;20/07/2023;Glasgow Depot;Scotland;SF-TOW;Site Tower Light;1;52.72;ACC0181;completed;N
H102568;04/10/2024;Bristol Depot;South West;SF-TOW;Site Tower Light;1;48.4;;completed;Y
H102569;05/08/2023;Glasgow Depot;Scotland;WP-02;Water Pump 2in;5;23.9;ACC0035;completed;Y
H102570;27/01/2024;Cardiff Depot;Wales;PB-15;Powered Barrow;2;40.97;ACC0189;completed;N
H102571;03/09/2023;Leeds Depot;North;CM-350;Concrete Mixer 350L;2;31.56;ACC0250;completed;N
H102572;15/04/2023;Glasgow Depot;Scotland;WP-02;Water Pump 2in;1;20.92;ACC0174;completed;Y
H102573;29/07/2023;Leeds Depot;North;CM-350;Concrete Mixer 350L;3;33.4;;completed;Y
H102574;30/01/2024;Cardiff Depot;Wales;CM-350;Concrete Mixer 350L;1;31.43;ACC0224;open;Y
H102575;31/12/2023;Glasgow Depot;Scotland;SC-22;Scissor Lift 22ft;1;82.6;ACC0210;completed;Y
H102576;24/09/2023;Glasgow Depot;Scotland;SF-TOW;Site Tower Light;2;53.72;ACC0003;completed;Y
H102577;16/01/2024;Leeds Depot;North;WP-02;Water Pump 2in;1;22.81;ACC0117;completed;Y
H102578;19/12/2024;Bristol Depot;South West;SC-22;Scissor Lift 22ft;1;83.83;ACC0016;completed;Y
H102579;16/11/2024;Cardiff Depot;Wales;GEN-60;60kVA Generator;3;92.39;ACC0140;completed;Y
H102580;13/10/2023;Glasgow Depot;Scotland;EX-140;13T Excavator;7;288.2;ACC0089;completed;Y
H102581;10/05/2023;Bristol Depot;South West;HD-BRK;Hydraulic Breaker;1;58.98;ACC0004;completed;Y
H102582;19/07/2023;Cardiff Depot;Wales;SC-22;Scissor Lift 22ft;2;79.15;ACC0212;completed;N
H102583;10/10/2024;Norwich Depot;East;SC-22;Scissor Lift 22ft;3;77.1;ACC0251;completed;Y
H102584;09/12/2024;Cardiff Depot;Wales;GEN-60;60kVA Generator;1;99.14;ACC0260;completed;Y
H102585;11/10/2023;Leeds Depot;North;WP-02;Water Pump 2in;1;24.28;ACC0248;completed;Y
H102586;21/09/2023;Glasgow Depot;Scotland;WP-02;Water Pump 2in;5;22.05;ACC0079;completed;Y
H102587;19/05/2024;Bristol Depot;South West;DM-09;Diesel Dumper 9T;2;141.68;ACC0047;completed;Y
H102588;01/04/2024;Glasgow Depot;Scotland;WP-02;Water Pump 2in;2;23.89;ACC0018;completed;Y
H102589;08/11/2023;Leeds Depot;North;TL-01;Telehandler 4m;1;175.09;ACC0014;completed;Y
H102590;25/05/2023;Norwich Depot;East;HD-BRK;Hydraulic Breaker;1;67.08;ACC0067;completed;Y
H102591;03/06/2023;Glasgow Depot;Scotland;PB-15;Powered Barrow;3;42.76;ACC0079;completed;N
H102592;29/03/2024;Glasgow Depot;Scotland;DM-09;Diesel Dumper 9T;28;153.46;ACC0119;completed;Y
H102593;14/11/2023;Glasgow Depot;Scotland;SC-22;Scissor Lift 22ft;2;76.78;ACC0038;completed;Y
H102594;09/10/2024;Bristol Depot;South West;WP-02;Water Pump 2in;3;22.06;ACC0130;open;N
H102595;08/09/2024;Bristol Depot;South West;SF-TOW;Site Tower Light;2;49.6;ACC0175;open;Y
H102596;17/09/2024;Glasgow Depot;Scotland;WP-02;Water Pump 2in;1;21.29;ACC0188;completed;Y
H102597;20/12/2023;Norwich Depot;East;SF-TOW;Site Tower Light;3;52.42;ACC0028;completed;Y
H102598;17/02/2024;Glasgow Depot;Scotland;WP-02;Water Pump 2in;1;21.41;ACC0069;completed;Y
H102599;01/12/2024;Bristol Depot;South West;SC-22;Scissor Lift 22ft;28;80.36;ACC0073;completed;Y
H102600;08/09/2023;Leeds Depot;North;CM-350;Concrete Mixer 350L;2;35.73;ACC0227;completed;Y
H102601;13/06/2023;Cardiff Depot;Wales;TL-01;Telehandler 4m;3;197.26;ACC0003;completed;Y
H102602;18/09/2024;Bristol Depot;South West;SF-TOW;Site Tower Light;-7;54.79;ACC0163;cancelled;Y
H102603;17/08/2024;Leeds Depot;North;WP-02;Water Pump 2in;5;23.29;ACC0191;completed;Y
H102604;23/01/2024;Bristol Depot;South West;SF-TOW;Site Tower Light;5;50.36;;completed;Y
H102605;15/06/2023;Bristol Depot;South West;DM-09;Diesel Dumper 9T;5;149.4;ACC0143;completed;N
H102606;28/11/2023;Bristol Depot;South West;CM-350;Concrete Mixer 350L;2;32.68;ACC0081;completed;N
H102607;03/09/2023;Bristol Depot;South West;SC-22;Scissor Lift 22ft;1;84.51;ACC0195;completed;Y
H102608;12/10/2024;Leeds Depot;North;WP-02;Water Pump 2in;5;21.37;ACC0041;completed;Y
H102609;31/03/2024;Norwich Depot;East;SC-22;Scissor Lift 22ft;1;84.63;ACC0253;completed;Y
H102610;08/02/2024;Bristol Depot;South West;EX-140;13T Excavator;3;301.76;ACC0164;completed;Y
H102611;23/09/2024;Glasgow Depot;Scotland;HD-BRK;Hydraulic Breaker;5;60.5;ACC0208;completed;Y
H102612;08/04/2024;Leeds Depot;North;TL-01;Telehandler 4m;2;186.21;ACC0109;completed;Y
H102613;21/12/2023;Bristol Depot;South West;CM-350;Concrete Mixer 350L;1;31.82;ACC0198;completed;N
H102614;23/07/2024;Leeds Depot;North;SF-TOW;Site Tower Light;-1;51.5;ACC0120;cancelled;Y
H102615;25/02/2024;Cardiff Depot;Wales;HD-BRK;Hydraulic Breaker;1;68.63;ACC0220;completed;Y
H102616;24/10/2024;Leeds Depot;North;PB-15;Powered Barrow;3;41.79;ACC0213;completed;Y
H102617;03/10/2024;Bristol Depot;South West;GEN-60;60kVA Generator;1;88.77;ACC0201;completed;Y
H102618;17/10/2024;Cardiff Depot;Wales;DM-09;Diesel Dumper 9T;2;156.1;ACC0042;completed;Y
H102619;13/08/2024;Norwich Depot;East;WP-02;Water Pump 2in;1;24.27;;completed;Y
H102620;06/10/2023;Bristol Depot;South West;SF-TOW;Site Tower Light;14;52.59;ACC0033;completed;Y
H102621;19/05/2023;Bristol Depot;South West;HD-BRK;Hydraulic Breaker;1;60.84;ACC0236;completed;Y
H102622;12/09/2024;Leeds Depot;North;DM-09;Diesel Dumper 9T;1;154.89;ACC0096;completed;Y
H102623;20/10/2023;Norwich Depot;East;SF-TOW;Site Tower Light;-5;55.5;;cancelled;Y
H102624;27/06/2023;Glasgow Depot;Scotland;CM-350;Concrete Mixer 350L;2;34.59;ACC0197;completed;Y
H102625;26/10/2023;Norwich Depot;East;CM-350;Concrete Mixer 350L;3;33.34;ACC0006;completed;Y
H102626;15/11/2023;Bristol Depot;South West;EX-140;13T Excavator;5;311.82;ACC0002;completed;Y
H102627;24/11/2023;Bristol Depot;South West;SC-22;Scissor Lift 22ft;7;72.96;ACC0086;open;Y
H102628;29/05/2024;Norwich Depot;East;PB-15;Powered Barrow;3;42.9;ACC0219;completed;Y
H102629;21/08/2023;Bristol Depot;South West;SF-TOW;Site Tower Light;1;55.51;ACC0081;completed;Y
H102630;08/09/2023;Cardiff Depot;Wales;HD-BRK;Hydraulic Breaker;1;66.24;ACC0183;completed;Y
H102631;21/06/2024;Glasgow Depot;Scotland;WP-02;Water Pump 2in;2;21.25;ACC0013;completed;Y
H102632;11/07/2023;Leeds Depot;North;DM-09;Diesel Dumper 9T;3;144.83;ACC0056;completed;Y
H102633;17/05/2023;Glasgow Depot;Scotland;SC-22;Scissor Lift 22ft;14;81.71;ACC0009;completed;Y
H102634;09/02/2024;Norwich Depot;East;CM-350;Concrete Mixer 350L;2;33.3;ACC0196;open;Y
H102635;05/09/2023;Norwich Depot;East;CM-350;Concrete Mixer 350L;1;36.31;;completed;Y
H102636;17/08/2023;Bristol Depot;South West;SC-22;Scissor Lift 22ft;1;81.92;ACC0254;completed;Y
H102637;11/12/2024;Leeds Depot;North;SF-TOW;Site Tower Light;2;54.1;ACC0240;completed;Y
H102638;23/02/2024;Glasgow Depot;Scotland;WP-02;Water Pump 2in;2;23.85;ACC0196;completed;Y
H102639;28/02/2024;Norwich Depot;East;TL-01;Telehandler 4m;3;175.72;ACC0047;completed;Y
H102640;07/06/2023;Bristol Depot;South West;EX-140;13T Excavator;3;329.82;ACC0026;completed;Y
H102641;08/11/2023;Cardiff Depot;Wales;TL-01;Telehandler 4m;2;196.76;ACC0029;completed;Y
H102642;29/05/2023;Bristol Depot;South West;DM-09;Diesel Dumper 9T;28;142.25;ACC0232;completed;Y
H102643;27/07/2023;Glasgow Depot;Scotland;GEN-60;60kVA Generator;-3;100.19;;cancelled;Y
H102644;12/01/2024;Bristol Depot;South West;GEN-60;60kVA Generator;2;98.58;ACC0109;completed;Y
H102645;23/06/2024;Glasgow Depot;Scotland;SF-TOW;Site Tower Light;3;53.2;ACC0243;completed;Y
H102646;15/10/2024;Bristol Depot;South West;SF-TOW;Site Tower Light;2;56.02;ACC0040;completed;Y
H102647;29/10/2024;Glasgow Depot;Scotland;CM-350;Concrete Mixer 350L;5;35.93;ACC0243;completed;Y
H102648;05/05/2024;Bristol Depot;South West;GEN-60;60kVA Generator;1;91.16;ACC0180;open;N
H102649;26/10/2024;Cardiff Depot;Wales;CM-350;Concrete Mixer 350L;3;32.73;ACC0178;completed;Y
H102650;01/03/2024;Bristol Depot;South West;GEN-60;60kVA Generator;2;91.41;ACC0011;completed;Y
H102651;17/11/2023;Norwich Depot;East;SF-TOW;Site Tower Light;2;48.5;ACC0244;completed;Y
H102652;29/12/2024;Glasgow Depot;Scotland;EX-140;13T Excavator;7;287.26;ACC0096;completed;Y
H102653;09/08/2023;Norwich Depot;East;TL-01;Telehandler 4m;7;191.55;ACC0005;completed;Y
H102654;06/05/2023;Cardiff Depot;Wales;WP-02;Water Pump 2in;5;22.55;ACC0215;completed;Y
H102655;04/12/2023;Bristol Depot;South West;WP-02;Water Pump 2in;3;21.87;ACC0060;completed;N
H102656;26/10/2023;Bristol Depot;South West;CM-350;Concrete Mixer 350L;2;32.96;ACC0257;completed;Y
H102657;12/11/2024;Leeds Depot;North;HD-BRK;Hydraulic Breaker;5;64.86;ACC0075;open;Y
H102658;05/02/2024;Bristol Depot;South West;EX-140;13T Excavator;2;318.75;ACC0258;completed;Y
H102659;21/06/2023;Cardiff Depot;Wales;HD-BRK;Hydraulic Breaker;-2;66.17;ACC0033;cancelled;Y
H102660;12/08/2024;Norwich Depot;East;SC-22;Scissor Lift 22ft;28;74.57;ACC0209;completed;Y
H102661;11/11/2024;Glasgow Depot;Scotland;SF-TOW;Site Tower Light;1;55.79;ACC0007;open;Y
H102662;09/10/2023;Bristol Depot;South West;CM-350;Concrete Mixer 350L;1;35.91;ACC0169;completed;Y
H102663;19/08/2024;Leeds Depot;North;PB-15;Powered Barrow;1;41.92;ACC0196;open;Y
H102664;09/01/2024;Leeds Depot;North;SF-TOW;Site Tower Light;1;51.2;ACC0059;completed;N
H102665;16/08/2024;Norwich Depot;East;HD-BRK;Hydraulic Breaker;2;59.34;ACC0232;open;Y
H102666;17/08/2023;Leeds Depot;North;EX-140;13T Excavator;1;327.55;ACC0193;completed;Y
H102667;11/04/2023;Norwich Depot;East;GEN-60;60kVA Generator;1;95.19;ACC0234;completed;Y
H102668;04/07/2023;Bristol Depot;South West;SC-22;Scissor Lift 22ft;14;80.02;ACC0053;completed;N
H102669;03/02/2024;Norwich Depot;East;WP-02;Water Pump 2in;1;22.16;ACC0066;completed;Y
H102670;16/07/2023;Bristol Depot;South West;HD-BRK;Hydraulic Breaker;5;68.9;ACC0154;open;Y
H102671;10/11/2023;Cardiff Depot;Wales;DM-09;Diesel Dumper 9T;2;136.52;ACC0169;completed;N
H102672;26/04/2023;Cardiff Depot;Wales;WP-02;Water Pump 2in;14;23.24;;completed;Y
H102673;03/11/2024;Glasgow Depot;Scotland;TL-01;Telehandler 4m;3;183.05;ACC0218;completed;Y
H102674;04/05/2024;Bristol Depot;South West;SF-TOW;Site Tower Light;5;49.75;ACC0025;completed;Y
H102675;24/08/2023;Cardiff Depot;Wales;CM-350;Concrete Mixer 350L;2;31.61;ACC0128;completed;Y
H102676;02/12/2024;Norwich Depot;East;DM-09;Diesel Dumper 9T;1;138.34;ACC0171;completed;Y
H102677;09/12/2024;Glasgow Depot;Scotland;HD-BRK;Hydraulic Breaker;7;59.15;ACC0169;completed;Y
H102678;21/01/2024;Norwich Depot;East;SC-22;Scissor Lift 22ft;3;73.29;ACC0168;completed;Y
H102679;29/10/2024;Norwich Depot;East;DM-09;Diesel Dumper 9T;2;153.22;ACC0016;completed;Y
H102680;28/11/2023;Cardiff Depot;Wales;HD-BRK;Hydraulic Breaker;1;60.38;ACC0157;completed;Y
H102681;04/08/2024;Bristol Depot;South West;WP-02;Water Pump 2in;5;22.98;ACC0076;completed;Y
H102682;02/04/2023;Glasgow Depot;Scotland;SF-TOW;Site Tower Light;1;49.75;;completed;Y
H102683;20/05/2024;Norwich Depot;East;HD-BRK;Hydraulic Breaker;5;62.41;ACC0071;completed;Y
H102684;11/05/2024;Leeds Depot;North;EX-140;13T Excavator;3;308.72;ACC0140;completed;Y
H102685;17/01/2024;Leeds Depot;North;SF-TOW;Site Tower Light;-1;55.2;;cancelled;Y
H102686;08/11/2024;Leeds Depot;North;SC-22;Scissor Lift 22ft;2;81.0;ACC0016;completed;Y
H102687;01/06/2023;Norwich Depot;East;WP-02;Water Pump 2in;3;24.05;ACC0007;completed;N
H102688;27/03/2024;Glasgow Depot;Scotland;TL-01;Telehandler 4m;2;201.22;ACC0229;completed;N
H102689;07/12/2024;Cardiff Depot;Wales;CM-350;Concrete Mixer 350L;1;32.66;ACC0233;completed;Y
H102690;06/08/2023;Norwich Depot;East;SF-TOW;Site Tower Light;3;55.99;ACC0082;completed;Y
H102691;05/07/2024;Leeds Depot;North;SC-22;Scissor Lift 22ft;2;82.4;ACC0104;completed;Y
H102692;07/09/2024;Glasgow Depot;Scotland;WP-02;Water Pump 2in;14;22.96;;completed;Y
H102693;03/06/2024;Cardiff Depot;Wales;CM-350;Concrete Mixer 350L;1;33.73;ACC0208;completed;Y
H102694;29/06/2023;Leeds Depot;North;EX-140;13T Excavator;7;307.69;ACC0148;completed;Y
H102695;27/10/2024;Bristol Depot;South West;GEN-60;60kVA Generator;3;97.76;ACC0241;completed;N
H102696;01/06/2024;Norwich Depot;East;SC-22;Scissor Lift 22ft;28;82.15;ACC0242;completed;Y
H102697;23/05/2024;Glasgow Depot;Scotland;PB-15;Powered Barrow;1;39.54;ACC0059;completed;Y
H102698;05/05/2024;Norwich Depot;East;PB-15;Powered Barrow;3;39.26;ACC0068;completed;Y
H102699;12/04/2024;Norwich Depot;East;TL-01;Telehandler 4m;1;200.51;ACC0093;completed;N
H102700;05/03/2024;Bristol Depot;South West;SC-22;Scissor Lift 22ft;1;82.39;ACC0163;completed;N
H102701;20/01/2024;Bristol Depot;South West;SF-TOW;Site Tower Light;5;54.64;ACC0123;completed;Y
H102702;16/07/2023;Glasgow Depot;Scotland;CM-350;Concrete Mixer 350L;1;31.76;ACC0053;completed;Y
H102703;07/12/2024;Leeds Depot;North;SF-TOW;Site Tower Light;5;51.44;ACC0083;completed;Y
H102704;17/07/2024;Norwich Depot;East;GEN-60;60kVA Generator;2;98.49;ACC0006;completed;Y
H102705;16/05/2024;Cardiff Depot;Wales;EX-140;13T Excavator;2;295.56;ACC0020;completed;Y
H102706;03/09/2023;Leeds Depot;North;PB-15;Powered Barrow;7;43.27;;completed;N
H102707;28/10/2023;Norwich Depot;East;HD-BRK;Hydraulic Breaker;1;62.53;ACC0252;completed;Y
H102708;03/04/2024;Leeds Depot;North;SC-22;Scissor Lift 22ft;5;74.46;;completed;Y
H102709;09/09/2023;Glasgow Depot;Scotland;CM-350;Concrete Mixer 350L;2;34.15;ACC0107;completed;Y
H102710;03/03/2024;Bristol Depot;South West;SF-TOW;Site Tower Light;2;49.04;;completed;N
H102711;26/12/2024;Leeds Depot;North;GEN-60;60kVA Generator;3;88.95;ACC0182;completed;N
H102712;27/08/2024;Cardiff Depot;Wales;CM-350;Concrete Mixer 350L;3;32.14;ACC0054;completed;Y
H102713;21/08/2024;Norwich Depot;East;DM-09;Diesel Dumper 9T;-1;152.92;ACC0017;cancelled;Y
H102714;05/12/2024;Bristol Depot;South West;SF-TOW;Site Tower Light;1;51.28;ACC0032;completed;Y
H102715;26/09/2024;Cardiff Depot;Wales;CM-350;Concrete Mixer 350L;1;35.85;ACC0141;completed;Y
H102716;26/06/2024;Glasgow Depot;Scotland;WP-02;Water Pump 2in;2;21.93;;completed;Y
H102717;10/04/2023;Glasgow Depot;Scotland;WP-02;Water Pump 2in;2;22.23;ACC0204;completed;Y
H102718;10/10/2024;Glasgow Depot;Scotland;DM-09;Diesel Dumper 9T;5;143.49;ACC0020;completed;Y
H102719;05/11/2024;Glasgow Depot;Scotland;PB-15;Powered Barrow;2;42.06;ACC0247;completed;N
H102720;14/09/2024;Cardiff Depot;Wales;WP-02;Water Pump 2in;2;20.73;ACC0245;completed;Y
H102721;26/08/2023;Leeds Depot;North;TL-01;Telehandler 4m;2;199.53;ACC0126;completed;Y
H102722;27/05/2024;Leeds Depot;North;SC-22;Scissor Lift 22ft;2;79.0;ACC0149;completed;Y
H102723;16/08/2024;Leeds Depot;North;PB-15;Powered Barrow;1;41.51;ACC0065;completed;Y
H102724;06/12/2024;Bristol Depot;South West;SF-TOW;Site Tower Light;2;53.51;ACC0041;completed;Y
H102725;18/11/2024;Bristol Depot;South West;SC-22;Scissor Lift 22ft;2;80.23;ACC0090;completed;Y
H102726;20/12/2023;Cardiff Depot;Wales;SF-TOW;Site Tower Light;1;50.18;ACC0214;completed;N
H102727;13/05/2024;Bristol Depot;South West;WP-02;Water Pump 2in;14;22.71;ACC0165;completed;Y
H102728;22/11/2024;Bristol Depot;South West;WP-02;Water Pump 2in;2;23.27;ACC0111;completed;Y
H102729;14/01/2024;Glasgow Depot;Scotland;PB-15;Powered Barrow;7;41.21;ACC0149;completed;N
H102730;17/05/2023;Cardiff Depot;Wales;GEN-60;60kVA Generator;-1;101.43;ACC0004;cancelled;N
H102731;30/06/2024;Leeds Depot;North;SF-TOW;Site Tower Light;1;49.27;ACC0009;completed;Y
H102732;12/04/2024;Bristol Depot;South West;CM-350;Concrete Mixer 350L;1;36.41;ACC0151;completed;Y
H102733;27/06/2024;Leeds Depot;North;DM-09;Diesel Dumper 9T;1;155.32;ACC0246;completed;N
H102734;14/06/2024;Bristol Depot;South West;GEN-60;60kVA Generator;3;91.72;ACC0173;open;Y
H102735;11/04/2023;Leeds Depot;North;WP-02;Water Pump 2in;5;23.65;ACC0084;completed;Y
H102736;20/03/2024;Norwich Depot;East;WP-02;Water Pump 2in;2;23.19;ACC0047;completed;N
H102737;23/06/2024;Glasgow Depot;Scotland;EX-140;13T Excavator;2;307.79;ACC0057;completed;Y
H102738;19/10/2023;Cardiff Depot;Wales;EX-140;13T Excavator;2;307.61;ACC0090;completed;Y
H102739;06/11/2023;Leeds Depot;North;EX-140;13T Excavator;1;289.49;ACC0226;completed;N
H102740;14/08/2023;Leeds Depot;North;SC-22;Scissor Lift 22ft;2;78.46;;completed;N
H102741;05/02/2024;Norwich Depot;East;CM-350;Concrete Mixer 350L;7;32.38;ACC0068;completed;Y
H102742;23/07/2024;Leeds Depot;North;CM-350;Concrete Mixer 350L;5;36.36;ACC0122;completed;Y
H102743;20/10/2024;Norwich Depot;East;HD-BRK;Hydraulic Breaker;5;59.79;ACC0226;completed;Y
H102744;18/05/2023;Bristol Depot;South West;PB-15;Powered Barrow;1;39.28;ACC0144;completed;Y
H102745;15/08/2023;Glasgow Depot;Scotland;CM-350;Concrete Mixer 350L;5;33.81;ACC0063;completed;Y
H102746;21/05/2023;Leeds Depot;North;CM-350;Concrete Mixer 350L;1;31.51;;completed;Y
H102747;24/05/2024;Norwich Depot;East;CM-350;Concrete Mixer 350L;1;31.89;ACC0006;completed;Y
H102748;27/10/2023;Bristol Depot;South West;TL-01;Telehandler 4m;1;191.8;ACC0144;completed;N
H102749;05/09/2024;Cardiff Depot;Wales;TL-01;Telehandler 4m;28;185.49;;completed;Y
H102750;22/09/2024;Leeds Depot;North;PB-15;Powered Barrow;7;41.1;ACC0239;completed;Y
H102751;20/08/2024;Glasgow Depot;Scotland;PB-15;Powered Barrow;2;40.04;ACC0101;completed;Y
H102752;17/05/2023;Cardiff Depot;Wales;CM-350;Concrete Mixer 350L;2;33.72;ACC0051;completed;Y
H102753;12/04/2024;Leeds Depot;North;GEN-60;60kVA Generator;7;88.69;ACC0219;completed;Y
H102754;16/02/2024;Leeds Depot;North;WP-02;Water Pump 2in;2;22.18;ACC0061;completed;N
H102755;20/08/2024;Glasgow Depot;Scotland;WP-02;Water Pump 2in;3;24.08;ACC0026;completed;N
H102756;24/03/2024;Glasgow Depot;Scotland;SC-22;Scissor Lift 22ft;1;83.66;ACC0182;completed;N
H102757;17/11/2023;Cardiff Depot;Wales;SF-TOW;Site Tower Light;1;52.92;ACC0014;completed;N
H102758;12/12/2023;Glasgow Depot;Scotland;CM-350;Concrete Mixer 350L;1;35.14;ACC0177;completed;Y
H102759;01/05/2023;Glasgow Depot;Scotland;HD-BRK;Hydraulic Breaker;1;61.73;ACC0242;completed;N
H102760;05/06/2024;Glasgow Depot;Scotland;SF-TOW;Site Tower Light;2;54.75;ACC0245;completed;N
H102761;15/06/2024;Norwich Depot;East;PB-15;Powered Barrow;2;38.33;ACC0021;completed;N
H102762;22/07/2023;Norwich Depot;East;EX-140;13T Excavator;2;326.75;ACC0070;completed;Y
H102763;20/07/2023;Norwich Depot;East;SC-22;Scissor Lift 22ft;1;83.82;ACC0040;completed;N
H102764;17/10/2024;Norwich Depot;East;EX-140;13T Excavator;7;295.93;ACC0024;completed;N
H102765;18/07/2024;Glasgow Depot;Scotland;SC-22;Scissor Lift 22ft;1;83.44;ACC0188;completed;Y
H102766;01/04/2023;Leeds Depot;North;HD-BRK;Hydraulic Breaker;5;59.4;ACC0079;completed;Y
H102767;25/04/2023;Norwich Depot;East;PB-15;Powered Barrow;28;39.16;ACC0170;completed;Y
H102768;16/05/2023;Cardiff Depot;Wales;SF-TOW;Site Tower Light;2;50.84;ACC0192;completed;Y
H102769;11/08/2024;Bristol Depot;South West;GEN-60;60kVA Generator;5;95.31;ACC0075;completed;Y
H102770;26/06/2024;Glasgow Depot;Scotland;DM-09;Diesel Dumper 9T;-1;145.8;;cancelled;N
H102771;12/05/2024;Glasgow Depot;Scotland;EX-140;13T Excavator;7;312.07;ACC0157;completed;Y
H102772;07/06/2024;Norwich Depot;East;WP-02;Water Pump 2in;1;22.38;ACC0170;completed;Y
H102773;05/09/2024;Leeds Depot;North;SF-TOW;Site Tower Light;2;52.67;ACC0179;completed;Y
H102774;07/04/2023;Norwich Depot;East;SF-TOW;Site Tower Light;-5;50.61;ACC0172;cancelled;N
H102775;13/10/2023;Glasgow Depot;Scotland;GEN-60;60kVA Generator;1;96.31;ACC0065;completed;Y
H102776;11/09/2024;Cardiff Depot;Wales;CM-350;Concrete Mixer 350L;5;33.66;;completed;Y
H102777;10/01/2024;Bristol Depot;South West;CM-350;Concrete Mixer 350L;1;31.74;ACC0168;completed;Y
H102778;18/07/2023;Bristol Depot;South West;TL-01;Telehandler 4m;1;200.66;ACC0222;completed;Y
H102779;04/12/2024;Leeds Depot;North;WP-02;Water Pump 2in;5;22.03;ACC0150;completed;Y
H102780;17/10/2023;Glasgow Depot;Scotland;DM-09;Diesel Dumper 9T;-2;142.78;ACC0231;cancelled;Y
H102781;13/10/2024;Norwich Depot;East;SF-TOW;Site Tower Light;1;52.76;ACC0049;completed;Y
H102782;06/05/2023;Leeds Depot;North;SC-22;Scissor Lift 22ft;14;74.89;ACC0142;completed;Y
H102783;20/07/2024;Bristol Depot;South West;DM-09;Diesel Dumper 9T;3;153.04;ACC0018;completed;Y
H102784;29/01/2024;Norwich Depot;East;HD-BRK;Hydraulic Breaker;-3;62.89;ACC0237;cancelled;Y
H102785;19/10/2023;Leeds Depot;North;HD-BRK;Hydraulic Breaker;3;66.24;;completed;Y
H102786;25/04/2023;Bristol Depot;South West;GEN-60;60kVA Generator;5;90.57;ACC0234;completed;Y
H102787;10/12/2024;Cardiff Depot;Wales;WP-02;Water Pump 2in;1;22.06;ACC0056;completed;Y
H102788;13/05/2024;Cardiff Depot;Wales;HD-BRK;Hydraulic Breaker;-1;64.42;ACC0043;cancelled;Y
H102789;10/12/2024;Bristol Depot;South West;GEN-60;60kVA Generator;1;88.81;;completed;Y
H102790;14/04/2024;Cardiff Depot;Wales;CM-350;Concrete Mixer 350L;1;33.36;ACC0050;completed;Y
H102791;23/07/2024;Leeds Depot;North;WP-02;Water Pump 2in;2;21.18;ACC0011;completed;Y
H102792;03/07/2023;Bristol Depot;South West;PB-15;Powered Barrow;2;43.48;ACC0012;completed;N
H102793;02/10/2024;Bristol Depot;South West;SC-22;Scissor Lift 22ft;1;74.75;ACC0171;open;Y
H102794;23/04/2023;Bristol Depot;South West;WP-02;Water Pump 2in;-1;21.8;ACC0108;cancelled;Y
H102795;29/03/2024;Leeds Depot;North;SC-22;Scissor Lift 22ft;1;75.57;;completed;Y
H102796;13/06/2023;Norwich Depot;East;CM-350;Concrete Mixer 350L;7;35.68;ACC0031;completed;Y
H102797;03/10/2024;Bristol Depot;South West;PB-15;Powered Barrow;1;37.74;ACC0062;completed;Y
H102798;11/11/2024;Bristol Depot;South West;EX-140;13T Excavator;1;305.59;ACC0114;completed;Y
H102799;08/11/2023;Norwich Depot;East;HD-BRK;Hydraulic Breaker;14;59.45;ACC0104;completed;Y
H102800;10/09/2023;Norwich Depot;East;EX-140;13T Excavator;1;311.26;ACC0149;completed;Y
H102801;29/03/2024;Glasgow Depot;Scotland;TL-01;Telehandler 4m;3;192.14;ACC0258;completed;Y
H102802;08/08/2023;Glasgow Depot;Scotland;SC-22;Scissor Lift 22ft;14;77.36;ACC0119;completed;Y
H102803;03/12/2024;Norwich Depot;East;PB-15;Powered Barrow;1;44.22;ACC0089;completed;N
H102804;18/06/2023;Norwich Depot;East;EX-140;13T Excavator;1;321.63;ACC0013;completed;Y
H102805;26/05/2024;Cardiff Depot;Wales;CM-350;Concrete Mixer 350L;1;33.42;ACC0103;completed;Y
H102806;14/08/2023;Bristol Depot;South West;SC-22;Scissor Lift 22ft;1;79.42;ACC0242;completed;Y
H102807;28/04/2024;Glasgow Depot;Scotland;PB-15;Powered Barrow;2;39.85;ACC0192;completed;Y
H102808;27/09/2023;Bristol Depot;South West;PB-15;Powered Barrow;3;40.56;ACC0107;completed;Y
H102809;02/03/2024;Glasgow Depot;Scotland;WP-02;Water Pump 2in;3;23.78;ACC0036;completed;Y
H102810;13/04/2023;Norwich Depot;East;PB-15;Powered Barrow;1;43.47;ACC0031;completed;Y
H102811;20/03/2024;Glasgow Depot;Scotland;CM-350;Concrete Mixer 350L;28;32.36;ACC0214;completed;Y
H102812;01/05/2024;Bristol Depot;South West;PB-15;Powered Barrow;2;43.05;ACC0206;completed;Y
H102813;08/07/2023;Leeds Depot;North;WP-02;Water Pump 2in;-2;22.17;;cancelled;N
H102814;23/11/2024;Bristol Depot;South West;PB-15;Powered Barrow;7;40.9;ACC0258;completed;Y
H102815;16/06/2023;Bristol Depot;South West;PB-15;Powered Barrow;14;38.96;ACC0253;completed;Y
H102816;10/07/2023;Leeds Depot;North;SC-22;Scissor Lift 22ft;3;80.66;ACC0144;completed;Y
H102817;14/05/2023;Glasgow Depot;Scotland;PB-15;Powered Barrow;1;40.14;ACC0131;completed;Y
H102818;15/12/2023;Leeds Depot;North;GEN-60;60kVA Generator;-1;92.94;ACC0112;cancelled;Y
H102819;03/03/2024;Bristol Depot;South West;WP-02;Water Pump 2in;5;23.96;ACC0149;completed;Y
H102820;05/07/2023;Bristol Depot;South West;HD-BRK;Hydraulic Breaker;7;66.93;ACC0160;open;N
H102821;19/06/2023;Glasgow Depot;Scotland;HD-BRK;Hydraulic Breaker;5;66.7;;completed;Y
H102822;19/03/2024;Leeds Depot;North;PB-15;Powered Barrow;2;41.56;ACC0108;completed;Y
H102823;15/06/2023;Cardiff Depot;Wales;WP-02;Water Pump 2in;1;21.58;ACC0238;completed;N
H102824;03/10/2023;Cardiff Depot;Wales;WP-02;Water Pump 2in;3;20.87;ACC0162;completed;N
H102825;21/02/2024;Bristol Depot;South West;DM-09;Diesel Dumper 9T;-1;150.44;ACC0203;cancelled;Y
H102826;12/04/2024;Cardiff Depot;Wales;TL-01;Telehandler 4m;1;181.01;ACC0178;completed;Y
H102827;20/06/2024;Norwich Depot;East;TL-01;Telehandler 4m;1;176.1;ACC0063;completed;Y
H102828;26/09/2023;Leeds Depot;North;WP-02;Water Pump 2in;3;23.0;ACC0168;completed;Y
H102829;24/06/2024;Leeds Depot;North;SC-22;Scissor Lift 22ft;3;80.72;;completed;N
H102830;24/12/2023;Cardiff Depot;Wales;SC-22;Scissor Lift 22ft;7;72.37;ACC0052;completed;Y
H102831;22/06/2024;Norwich Depot;East;TL-01;Telehandler 4m;1;201.64;ACC0002;completed;Y
H102832;27/07/2023;Leeds Depot;North;GEN-60;60kVA Generator;2;96.39;ACC0001;completed;Y
H102833;27/05/2023;Norwich Depot;East;WP-02;Water Pump 2in;2;23.06;ACC0041;completed;Y
H102834;09/07/2024;Cardiff Depot;Wales;WP-02;Water Pump 2in;2;23.48;ACC0119;completed;N
H102835;02/11/2023;Cardiff Depot;Wales;WP-02;Water Pump 2in;-3;21.2;;cancelled;Y
H102836;21/05/2024;Cardiff Depot;Wales;TL-01;Telehandler 4m;3;189.5;ACC0115;completed;Y
H102837;27/07/2024;Cardiff Depot;Wales;GEN-60;60kVA Generator;1;91.64;ACC0184;completed;Y
H102838;20/10/2023;Leeds Depot;North;SC-22;Scissor Lift 22ft;-2;80.68;;cancelled;Y
H102839;14/08/2024;Bristol Depot;South West;CM-350;Concrete Mixer 350L;3;34.14;ACC0076;completed;N
H102840;10/08/2024;Cardiff Depot;Wales;SC-22;Scissor Lift 22ft;2;77.62;ACC0171;completed;N
H102841;10/12/2024;Cardiff Depot;Wales;SF-TOW;Site Tower Light;1;54.67;ACC0081;completed;Y
H102842;25/12/2023;Cardiff Depot;Wales;SC-22;Scissor Lift 22ft;5;83.44;ACC0076;completed;Y
H102843;17/08/2024;Bristol Depot;South West;CM-350;Concrete Mixer 350L;2;36.41;ACC0247;completed;N
H102844;14/01/2024;Cardiff Depot;Wales;SC-22;Scissor Lift 22ft;28;78.85;ACC0240;completed;Y
H102845;12/04/2023;Bristol Depot;South West;DM-09;Diesel Dumper 9T;5;142.42;;completed;Y
H102846;14/05/2024;Norwich Depot;East;GEN-60;60kVA Generator;1;96.37;ACC0066;completed;Y
H102847;12/10/2024;Norwich Depot;East;GEN-60;60kVA Generator;1;90.06;ACC0206;completed;Y
H102848;27/05/2024;Glasgow Depot;Scotland;GEN-60;60kVA Generator;7;92.82;ACC0007;completed;N
H102849;16/05/2024;Bristol Depot;South West;GEN-60;60kVA Generator;3;100.63;ACC0008;completed;Y
H102850;02/04/2024;Norwich Depot;East;GEN-60;60kVA Generator;3;97.35;ACC0068;completed;N
H102851;04/07/2023;Leeds Depot;North;HD-BRK;Hydraulic Breaker;2;62.13;ACC0068;completed;Y
H102852;15/08/2023;Glasgow Depot;Scotland;CM-350;Concrete Mixer 350L;3;36.43;ACC0050;completed;Y
H102853;03/04/2023;Leeds Depot;North;CM-350;Concrete Mixer 350L;14;32.42;ACC0234;open;N
H102854;27/07/2024;Glasgow Depot;Scotland;SF-TOW;Site Tower Light;1;51.61;ACC0255;completed;Y
H102855;14/09/2023;Cardiff Depot;Wales;WP-02;Water Pump 2in;2;21.62;;open;Y
H102856;01/04/2023;Cardiff Depot;Wales;PB-15;Powered Barrow;3;38.44;ACC0084;completed;Y
H102857;05/04/2024;Leeds Depot;North;CM-350;Concrete Mixer 350L;-3;32.78;ACC0189;cancelled;Y
H102858;02/11/2023;Leeds Depot;North;DM-09;Diesel Dumper 9T;1;151.93;ACC0072;completed;Y
H102859;03/09/2024;Leeds Depot;North;CM-350;Concrete Mixer 350L;2;34.47;ACC0180;completed;Y
H102860;21/05/2023;Bristol Depot;South West;DM-09;Diesel Dumper 9T;1;147.03;ACC0144;completed;Y
H102861;15/04/2024;Glasgow Depot;Scotland;CM-350;Concrete Mixer 350L;1;35.89;ACC0020;completed;Y
H102862;07/07/2024;Cardiff Depot;Wales;WP-02;Water Pump 2in;3;23.65;ACC0007;completed;Y
H102863;26/12/2024;Cardiff Depot;Wales;GEN-60;60kVA Generator;1;99.75;ACC0089;completed;Y
H102864;23/01/2024;Norwich Depot;East;WP-02;Water Pump 2in;3;23.17;ACC0076;completed;N
H102865;29/02/2024;Norwich Depot;East;DM-09;Diesel Dumper 9T;7;148.82;ACC0226;completed;Y
H102866;25/09/2024;Norwich Depot;East;CM-350;Concrete Mixer 350L;2;34.54;ACC0113;completed;Y
H102867;12/09/2023;Bristol Depot;South West;TL-01;Telehandler 4m;2;179.61;ACC0012;completed;Y
H102868;31/05/2024;Leeds Depot;North;SC-22;Scissor Lift 22ft;2;82.49;ACC0188;completed;Y
H102869;18/05/2023;Leeds Depot;North;WP-02;Water Pump 2in;1;23.09;ACC0177;completed;Y
H102870;20/11/2024;Bristol Depot;South West;CM-350;Concrete Mixer 350L;1;32.1;ACC0050;completed;Y
H102871;29/09/2024;Glasgow Depot;Scotland;HD-BRK;Hydraulic Breaker;3;63.81;ACC0083;completed;Y
H102872;24/06/2023;Glasgow Depot;Scotland;SF-TOW;Site Tower Light;1;55.86;;open;Y
H102873;18/11/2024;Glasgow Depot;Scotland;GEN-60;60kVA Generator;5;99.8;ACC0035;completed;Y
H102874;22/06/2024;Cardiff Depot;Wales;SC-22;Scissor Lift 22ft;2;81.52;;completed;Y
H102875;06/02/2024;Bristol Depot;South West;GEN-60;60kVA Generator;1;95.8;ACC0232;completed;N
H102876;08/07/2023;Norwich Depot;East;SC-22;Scissor Lift 22ft;1;82.41;ACC0137;completed;Y
H102877;16/09/2023;Leeds Depot;North;SC-22;Scissor Lift 22ft;7;81.32;ACC0178;completed;Y
H102878;10/09/2024;Cardiff Depot;Wales;PB-15;Powered Barrow;2;39.0;ACC0193;completed;Y
H102879;18/10/2024;Bristol Depot;South West;DM-09;Diesel Dumper 9T;2;146.42;ACC0056;open;Y
H102880;22/09/2024;Bristol Depot;South West;CM-350;Concrete Mixer 350L;1;33.94;;completed;Y
H102881;30/12/2024;Bristol Depot;South West;DM-09;Diesel Dumper 9T;1;134.75;ACC0135;completed;Y
H102882;22/12/2024;Bristol Depot;South West;HD-BRK;Hydraulic Breaker;2;60.7;ACC0074;completed;N
H102883;10/12/2023;Norwich Depot;East;CM-350;Concrete Mixer 350L;14;34.9;ACC0058;completed;Y
H102884;24/11/2024;Cardiff Depot;Wales;DM-09;Diesel Dumper 9T;1;147.68;ACC0043;completed;N
H102885;28/08/2024;Glasgow Depot;Scotland;SF-TOW;Site Tower Light;2;52.64;ACC0170;open;Y
H102886;19/04/2024;Norwich Depot;East;WP-02;Water Pump 2in;7;22.82;ACC0087;completed;Y
H102887;11/10/2024;Bristol Depot;South West;GEN-60;60kVA Generator;2;91.47;ACC0140;completed;Y
H102888;06/03/2024;Glasgow Depot;Scotland;HD-BRK;Hydraulic Breaker;-2;62.39;;cancelled;Y
H102889;05/09/2023;Glasgow Depot;Scotland;DM-09;Diesel Dumper 9T;3;155.59;ACC0057;completed;Y
H102890;16/06/2023;Bristol Depot;South West;HD-BRK;Hydraulic Breaker;1;63.83;ACC0169;completed;Y
H102891;26/05/2024;Glasgow Depot;Scotland;WP-02;Water Pump 2in;-1;21.95;ACC0169;cancelled;Y
H102892;19/04/2024;Glasgow Depot;Scotland;WP-02;Water Pump 2in;28;21.88;ACC0027;completed;Y
H102893;05/04/2023;Cardiff Depot;Wales;GEN-60;60kVA Generator;5;95.17;ACC0112;completed;Y
H102894;16/11/2024;Cardiff Depot;Wales;DM-09;Diesel Dumper 9T;7;137.8;ACC0249;completed;Y
H102895;29/09/2023;Norwich Depot;East;PB-15;Powered Barrow;7;43.87;ACC0007;completed;N
H102896;19/12/2024;Norwich Depot;East;SC-22;Scissor Lift 22ft;-1;78.45;ACC0059;cancelled;Y
H102897;29/09/2024;Norwich Depot;East;SF-TOW;Site Tower Light;1;48.32;ACC0204;completed;Y
H102898;07/08/2024;Glasgow Depot;Scotland;CM-350;Concrete Mixer 350L;2;31.81;ACC0067;completed;Y
H102899;18/05/2024;Leeds Depot;North;SF-TOW;Site Tower Light;-2;51.89;ACC0144;cancelled;Y
H102900;01/11/2024;Leeds Depot;North;GEN-60;60kVA Generator;1;95.1;ACC0094;completed;Y
H102901;05/10/2024;Bristol Depot;South West;WP-02;Water Pump 2in;5;23.14;ACC0119;completed;Y
H102902;03/08/2024;Bristol Depot;South West;EX-140;13T Excavator;7;300.78;ACC0172;completed;Y
H102903;29/03/2024;Glasgow Depot;Scotland;SC-22;Scissor Lift 22ft;28;82.15;ACC0260;completed;Y
H102904;29/03/2024;Norwich Depot;East;SF-TOW;Site Tower Light;14;53.31;;completed;Y
H102905;26/04/2023;Glasgow Depot;Scotland;SF-TOW;Site Tower Light;2;52.57;ACC0204;completed;N
H102906;21/04/2024;Bristol Depot;South West;WP-02;Water Pump 2in;1;21.48;ACC0212;completed;N
H102907;07/05/2024;Cardiff Depot;Wales;WP-02;Water Pump 2in;3;21.26;ACC0137;completed;Y
H102908;20/12/2023;Cardiff Depot;Wales;GEN-60;60kVA Generator;1;102.99;ACC0140;completed;Y
H102909;13/08/2024;Glasgow Depot;Scotland;HD-BRK;Hydraulic Breaker;1;64.37;ACC0197;completed;Y
H102910;06/11/2023;Leeds Depot;North;CM-350;Concrete Mixer 350L;1;34.02;ACC0062;completed;Y
H102911;26/06/2023;Norwich Depot;East;SC-22;Scissor Lift 22ft;7;72.26;;completed;Y
H102912;28/06/2023;Glasgow Depot;Scotland;PB-15;Powered Barrow;28;41.64;ACC0169;completed;Y
H102913;22/07/2024;Cardiff Depot;Wales;WP-02;Water Pump 2in;1;22.66;ACC0071;completed;Y
H102914;12/09/2024;Cardiff Depot;Wales;WP-02;Water Pump 2in;7;23.03;ACC0122;completed;Y
H102915;28/02/2024;Glasgow Depot;Scotland;CM-350;Concrete Mixer 350L;1;36.55;ACC0083;completed;Y
H102916;31/10/2023;Leeds Depot;North;SF-TOW;Site Tower Light;28;54.69;ACC0138;open;Y
H102917;26/05/2024;Norwich Depot;East;WP-02;Water Pump 2in;2;21.54;ACC0126;completed;Y
H102918;04/05/2023;Cardiff Depot;Wales;SF-TOW;Site Tower Light;28;55.32;ACC0037;completed;Y
H102919;10/11/2023;Bristol Depot;South West;HD-BRK;Hydraulic Breaker;1;63.14;ACC0151;completed;Y
H102920;13/10/2023;Cardiff Depot;Wales;GEN-60;60kVA Generator;2;90.84;ACC0207;completed;Y
H102921;16/02/2024;Leeds Depot;North;PB-15;Powered Barrow;2;38.07;ACC0096;completed;N
H102922;17/12/2024;Bristol Depot;South West;WP-02;Water Pump 2in;-7;21.88;ACC0038;cancelled;Y
H102923;05/04/2024;Glasgow Depot;Scotland;WP-02;Water Pump 2in;1;23.02;ACC0192;completed;Y
H102924;29/04/2023;Cardiff Depot;Wales;CM-350;Concrete Mixer 350L;-1;36.18;ACC0078;cancelled;Y
H102925;06/08/2023;Glasgow Depot;Scotland;DM-09;Diesel Dumper 9T;7;152.16;ACC0097;completed;Y
H102926;25/11/2024;Bristol Depot;South West;GEN-60;60kVA Generator;3;92.31;ACC0067;open;N
H102927;19/05/2024;Cardiff Depot;Wales;SC-22;Scissor Lift 22ft;3;74.14;ACC0212;completed;Y
H102928;22/07/2024;Bristol Depot;South West;HD-BRK;Hydraulic Breaker;2;59.59;ACC0120;completed;Y
H102929;12/04/2024;Leeds Depot;North;SF-TOW;Site Tower Light;2;54.27;ACC0217;completed;Y
H102930;05/10/2023;Norwich Depot;East;SC-22;Scissor Lift 22ft;1;73.28;ACC0085;completed;Y
H102931;29/04/2023;Leeds Depot;North;HD-BRK;Hydraulic Breaker;2;59.58;ACC0167;completed;Y
H102932;29/05/2023;Bristol Depot;South West;CM-350;Concrete Mixer 350L;14;35.44;ACC0009;completed;N
H102933;25/03/2024;Leeds Depot;North;TL-01;Telehandler 4m;-2;200.61;ACC0013;cancelled;N
H102934;19/06/2024;Norwich Depot;East;WP-02;Water Pump 2in;7;22.32;ACC0034;completed;N
H102935;05/06/2024;Cardiff Depot;Wales;CM-350;Concrete Mixer 350L;1;34.46;ACC0071;completed;Y
H102936;24/06/2024;Cardiff Depot;Wales;SC-22;Scissor Lift 22ft;5;79.19;;completed;Y
H102937;02/11/2024;Cardiff Depot;Wales;SF-TOW;Site Tower Light;1;53.09;ACC0089;completed;Y
H102938;14/09/2024;Norwich Depot;East;CM-350;Concrete Mixer 350L;2;33.02;;completed;Y
H102939;18/07/2023;Cardiff Depot;Wales;SF-TOW;Site Tower Light;2;55.04;ACC0072;completed;Y
H102940;09/08/2024;Norwich Depot;East;GEN-60;60kVA Generator;2;101.26;ACC0115;completed;N
H102941;09/06/2024;Bristol Depot;South West;DM-09;Diesel Dumper 9T;5;145.34;;completed;Y
H102942;29/09/2023;Cardiff Depot;Wales;PB-15;Powered Barrow;5;42.61;ACC0246;completed;Y
H102943;26/06/2024;Bristol Depot;South West;PB-15;Powered Barrow;1;40.57;ACC0039;open;Y
H102944;11/09/2024;Norwich Depot;East;GEN-60;60kVA Generator;2;91.79;ACC0149;completed;Y
H102945;29/09/2023;Bristol Depot;South West;WP-02;Water Pump 2in;1;21.61;ACC0018;completed;Y
H102946;23/10/2023;Cardiff Depot;Wales;SC-22;Scissor Lift 22ft;1;76.32;;completed;Y
H102947;02/11/2023;Cardiff Depot;Wales;SF-TOW;Site Tower Light;3;51.36;ACC0215;completed;Y
H102948;29/08/2023;Leeds Depot;North;GEN-60;60kVA Generator;1;89.97;ACC0132;completed;Y
H102949;27/06/2024;Leeds Depot;North;GEN-60;60kVA Generator;2;103.35;ACC0149;completed;Y
H102950;29/02/2024;Bristol Depot;South West;PB-15;Powered Barrow;14;43.47;ACC0244;completed;Y
H102951;06/09/2024;Norwich Depot;East;CM-350;Concrete Mixer 350L;3;31.38;ACC0096;completed;Y
H102952;17/05/2023;Leeds Depot;North;EX-140;13T Excavator;1;326.15;;completed;Y
H102953;30/09/2024;Bristol Depot;South West;WP-02;Water Pump 2in;1;23.7;ACC0041;completed;Y
H102954;18/09/2024;Norwich Depot;East;GEN-60;60kVA Generator;1;98.22;ACC0120;open;Y
H102955;06/05/2024;Norwich Depot;East;WP-02;Water Pump 2in;2;23.01;ACC0145;completed;Y
H102956;10/02/2024;Cardiff Depot;Wales;TL-01;Telehandler 4m;2;175.17;ACC0129;completed;Y
H102957;29/05/2023;Glasgow Depot;Scotland;CM-350;Concrete Mixer 350L;14;31.55;ACC0215;completed;Y
H102958;06/09/2024;Cardiff Depot;Wales;CM-350;Concrete Mixer 350L;2;33.23;ACC0155;completed;Y
H102959;11/08/2023;Norwich Depot;East;EX-140;13T Excavator;7;314.15;ACC0086;completed;Y
H102960;14/02/2024;Leeds Depot;North;SF-TOW;Site Tower Light;1;52.95;ACC0213;completed;Y
H102961;07/04/2024;Leeds Depot;North;PB-15;Powered Barrow;2;38.85;ACC0252;completed;Y
H102962;25/05/2023;Glasgow Depot;Scotland;DM-09;Diesel Dumper 9T;14;136.81;ACC0229;completed;Y
H102963;16/12/2024;Bristol Depot;South West;PB-15;Powered Barrow;3;41.51;ACC0248;completed;Y
H102964;09/11/2023;Leeds Depot;North;WP-02;Water Pump 2in;2;23.19;ACC0025;completed;Y
H102965;05/06/2023;Bristol Depot;South West;DM-09;Diesel Dumper 9T;5;140.56;ACC0144;completed;Y
H102966;06/10/2023;Glasgow Depot;Scotland;SF-TOW;Site Tower Light;1;48.87;ACC0122;completed;Y
H102967;15/11/2023;Cardiff Depot;Wales;WP-02;Water Pump 2in;2;23.2;ACC0119;completed;Y
H102968;19/08/2023;Bristol Depot;South West;SC-22;Scissor Lift 22ft;-28;77.09;;cancelled;N
H102969;08/09/2024;Bristol Depot;South West;WP-02;Water Pump 2in;2;21.74;ACC0108;open;N
H102970;30/11/2024;Cardiff Depot;Wales;SC-22;Scissor Lift 22ft;1;84.57;ACC0187;completed;Y
H102971;20/01/2024;Glasgow Depot;Scotland;SF-TOW;Site Tower Light;1;50.11;ACC0034;completed;Y
H102972;28/08/2024;Bristol Depot;South West;SC-22;Scissor Lift 22ft;1;72.26;ACC0089;completed;Y
H102973;09/04/2024;Bristol Depot;South West;CM-350;Concrete Mixer 350L;1;34.88;ACC0226;completed;Y
H102974;08/11/2023;Cardiff Depot;Wales;SC-22;Scissor Lift 22ft;-1;81.74;;cancelled;N
H102975;06/08/2024;Leeds Depot;North;GEN-60;60kVA Generator;1;91.53;;completed;N
H102976;13/06/2024;Norwich Depot;East;CM-350;Concrete Mixer 350L;5;33.96;ACC0245;completed;Y
H102977;02/06/2024;Leeds Depot;North;GEN-60;60kVA Generator;28;97.47;;completed;Y
H102978;05/01/2024;Cardiff Depot;Wales;PB-15;Powered Barrow;1;44.01;ACC0049;completed;Y
H102979;30/03/2024;Leeds Depot;North;SF-TOW;Site Tower Light;5;53.28;ACC0209;completed;Y
H102980;10/09/2024;Leeds Depot;North;WP-02;Water Pump 2in;1;20.91;ACC0150;completed;Y
H102981;16/07/2023;Glasgow Depot;Scotland;PB-15;Powered Barrow;7;41.01;ACC0162;completed;Y
H102982;24/11/2023;Bristol Depot;South West;SC-22;Scissor Lift 22ft;7;75.54;ACC0184;completed;Y
H102983;23/05/2024;Bristol Depot;South West;SF-TOW;Site Tower Light;1;48.99;ACC0168;completed;Y
H102984;17/12/2024;Cardiff Depot;Wales;GEN-60;60kVA Generator;-5;101.64;ACC0051;cancelled;N
H102985;20/12/2023;Cardiff Depot;Wales;WP-02;Water Pump 2in;2;21.99;ACC0255;completed;Y
H102986;14/03/2024;Bristol Depot;South West;WP-02;Water Pump 2in;1;22.71;ACC0096;completed;Y
H102987;03/10/2023;Glasgow Depot;Scotland;WP-02;Water Pump 2in;1;21.89;ACC0035;completed;Y
H102988;14/05/2024;Norwich Depot;East;HD-BRK;Hydraulic Breaker;-14;64.06;ACC0124;cancelled;Y
H102989;28/12/2023;Glasgow Depot;Scotland;PB-15;Powered Barrow;7;44.2;ACC0089;completed;Y
H102990;04/09/2023;Glasgow Depot;Scotland;EX-140;13T Excavator;1;298.55;ACC0129;completed;Y
H102991;29/11/2023;Leeds Depot;North;TL-01;Telehandler 4m;1;200.73;ACC0063;completed;Y
H102992;27/10/2024;Norwich Depot;East;CM-350;Concrete Mixer 350L;5;32.1;;completed;Y
H102993;08/07/2023;Leeds Depot;North;SC-22;Scissor Lift 22ft;2;79.51;ACC0236;completed;Y
H102994;18/01/2024;Bristol Depot;South West;WP-02;Water Pump 2in;1;24.29;ACC0058;completed;Y
H102995;02/05/2024;Leeds Depot;North;DM-09;Diesel Dumper 9T;2;154.64;ACC0039;completed;Y
H102996;29/12/2024;Glasgow Depot;Scotland;SC-22;Scissor Lift 22ft;3;73.08;ACC0228;completed;Y
H102997;03/09/2024;Leeds Depot;North;GEN-60;60kVA Generator;1;96.78;ACC0005;completed;N
H102998;08/02/2024;Norwich Depot;East;SF-TOW;Site Tower Light;3;50.29;;completed;N
H102999;04/10/2023;Glasgow Depot;Scotland;WP-02;Water Pump 2in;14;24.16;ACC0016;completed;Y
H103000;08/10/2023;Bristol Depot;South West;WP-02;Water Pump 2in;1;24.08;ACC0061;open;Y
H103001;25/09/2023;Leeds Depot;North;DM-09;Diesel Dumper 9T;1;141.37;ACC0138;completed;Y
H103002;12/11/2024;Norwich Depot;East;PB-15;Powered Barrow;14;42.68;ACC0191;completed;Y
H103003;28/12/2024;Norwich Depot;East;PB-15;Powered Barrow;1;39.41;ACC0187;completed;Y
H103004;07/12/2024;Glasgow Depot;Scotland;SC-22;Scissor Lift 22ft;5;75.88;ACC0177;completed;Y
H103005;17/06/2023;Cardiff Depot;Wales;SF-TOW;Site Tower Light;-7;48.91;ACC0059;cancelled;Y
H103006;16/11/2023;Leeds Depot;North;DM-09;Diesel Dumper 9T;1;137.43;ACC0115;completed;Y
H103007;20/05/2024;Bristol Depot;South West;DM-09;Diesel Dumper 9T;14;135.79;ACC0097;open;Y
H103008;25/06/2023;Bristol Depot;South West;CM-350;Concrete Mixer 350L;1;33.41;ACC0139;completed;N
H103009;06/12/2023;Cardiff Depot;Wales;WP-02;Water Pump 2in;1;22.41;ACC0252;completed;Y
H103010;26/07/2024;Leeds Depot;North;HD-BRK;Hydraulic Breaker;2;64.77;ACC0187;completed;Y
H103011;19/09/2024;Glasgow Depot;Scotland;EX-140;13T Excavator;1;327.36;ACC0157;completed;Y
H103012;06/04/2023;Norwich Depot;East;PB-15;Powered Barrow;2;41.88;ACC0036;completed;N
H103013;25/04/2023;Cardiff Depot;Wales;TL-01;Telehandler 4m;14;195.09;ACC0255;completed;N
H103014;19/06/2023;Leeds Depot;North;TL-01;Telehandler 4m;3;187.45;ACC0041;completed;Y
H103015;28/07/2024;Norwich Depot;East;GEN-60;60kVA Generator;-3;101.24;ACC0088;cancelled;Y
H103016;07/12/2024;Norwich Depot;East;WP-02;Water Pump 2in;2;21.16;ACC0009;completed;Y
H103017;27/04/2024;Leeds Depot;North;EX-140;13T Excavator;1;308.96;ACC0230;completed;N
H103018;02/08/2023;Norwich Depot;East;EX-140;13T Excavator;1;298.85;ACC0058;completed;N
H103019;26/06/2023;Leeds Depot;North;DM-09;Diesel Dumper 9T;1;139.54;;completed;Y
H103020;27/11/2024;Glasgow Depot;Scotland;SF-TOW;Site Tower Light;3;55.69;ACC0123;open;N
H103021;02/03/2024;Cardiff Depot;Wales;EX-140;13T Excavator;1;326.35;;completed;Y
H103022;09/06/2024;Leeds Depot;North;CM-350;Concrete Mixer 350L;1;35.75;ACC0038;completed;Y
H103023;18/11/2024;Bristol Depot;South West;GEN-60;60kVA Generator;-5;100.13;ACC0130;cancelled;Y
H103024;13/09/2023;Cardiff Depot;Wales;GEN-60;60kVA Generator;2;94.69;;completed;Y
H103025;12/04/2024;Bristol Depot;South West;SF-TOW;Site Tower Light;2;52.63;ACC0249;completed;Y
H103026;22/10/2023;Cardiff Depot;Wales;CM-350;Concrete Mixer 350L;-7;34.14;ACC0091;cancelled;Y
H103027;21/10/2023;Leeds Depot;North;SC-22;Scissor Lift 22ft;2;83.22;ACC0059;completed;Y
H103028;03/12/2023;Norwich Depot;East;PB-15;Powered Barrow;2;43.71;;completed;Y
H103029;22/09/2023;Glasgow Depot;Scotland;SF-TOW;Site Tower Light;3;48.9;ACC0249;completed;N
H103030;20/09/2023;Bristol Depot;South West;HD-BRK;Hydraulic Breaker;5;64.1;ACC0065;completed;Y
H103031;21/01/2024;Norwich Depot;East;CM-350;Concrete Mixer 350L;2;31.87;ACC0223;completed;Y
H103032;21/04/2023;Leeds Depot;North;DM-09;Diesel Dumper 9T;3;143.92;ACC0154;completed;Y
H103033;10/09/2024;Leeds Depot;North;DM-09;Diesel Dumper 9T;7;150.95;;completed;Y
H103034;22/12/2023;Cardiff Depot;Wales;GEN-60;60kVA Generator;1;97.6;ACC0128;completed;Y
H103035;17/10/2023;Glasgow Depot;Scotland;SF-TOW;Site Tower Light;14;48.8;ACC0210;completed;Y
H103036;20/09/2023;Bristol Depot;South West;WP-02;Water Pump 2in;28;24.27;ACC0199;completed;Y
H103037;10/11/2024;Glasgow Depot;Scotland;PB-15;Powered Barrow;5;42.24;ACC0090;completed;Y
H103038;25/09/2023;Bristol Depot;South West;HD-BRK;Hydraulic Breaker;3;68.06;ACC0160;completed;N
H103039;31/08/2024;Bristol Depot;South West;HD-BRK;Hydraulic Breaker;1;62.38;ACC0144;completed;N
H103040;07/02/2024;Norwich Depot;East;SF-TOW;Site Tower Light;2;48.18;;completed;Y
H103041;13/10/2023;Norwich Depot;East;TL-01;Telehandler 4m;14;181.24;ACC0016;open;Y
H103042;10/10/2024;Leeds Depot;North;GEN-60;60kVA Generator;1;93.37;ACC0242;open;Y
H103043;04/09/2023;Leeds Depot;North;CM-350;Concrete Mixer 350L;2;35.53;ACC0106;completed;Y
H103044;26/07/2024;Leeds Depot;North;SF-TOW;Site Tower Light;3;53.1;;completed;Y
H103045;09/10/2023;Cardiff Depot;Wales;WP-02;Water Pump 2in;5;21.75;ACC0106;completed;Y
H103046;14/12/2024;Glasgow Depot;Scotland;SC-22;Scissor Lift 22ft;5;82.22;ACC0174;completed;Y
H103047;11/05/2023;Leeds Depot;North;SC-22;Scissor Lift 22ft;5;81.85;ACC0163;completed;Y
H103048;16/05/2024;Cardiff Depot;Wales;PB-15;Powered Barrow;1;39.96;ACC0120;completed;N
H103049;21/06/2023;Norwich Depot;East;HD-BRK;Hydraulic Breaker;2;64.83;ACC0039;completed;N
H103050;01/05/2023;Glasgow Depot;Scotland;TL-01;Telehandler 4m;2;193.88;ACC0084;completed;Y
H103051;04/09/2024;Cardiff Depot;Wales;GEN-60;60kVA Generator;2;90.2;ACC0247;completed;Y
H103052;05/07/2023;Glasgow Depot;Scotland;PB-15;Powered Barrow;2;43.79;ACC0046;completed;Y
H103053;25/11/2024;Glasgow Depot;Scotland;GEN-60;60kVA Generator;1;91.35;ACC0069;open;Y
H103054;19/08/2024;Glasgow Depot;Scotland;WP-02;Water Pump 2in;1;22.04;ACC0205;completed;N
H103055;09/12/2024;Glasgow Depot;Scotland;DM-09;Diesel Dumper 9T;2;152.31;ACC0114;completed;Y
H103056;03/11/2023;Bristol Depot;South West;PB-15;Powered Barrow;2;40.78;ACC0066;completed;Y
H103057;04/03/2024;Norwich Depot;East;SF-TOW;Site Tower Light;3;56.14;ACC0040;completed;Y
H103058;08/06/2023;Leeds Depot;North;HD-BRK;Hydraulic Breaker;3;61.31;ACC0144;completed;Y
H103059;28/01/2024;Leeds Depot;North;SC-22;Scissor Lift 22ft;2;82.04;ACC0205;completed;N
H103060;01/09/2023;Glasgow Depot;Scotland;WP-02;Water Pump 2in;3;20.88;ACC0199;completed;Y
H103061;01/04/2023;Leeds Depot;North;WP-02;Water Pump 2in;2;22.57;ACC0015;completed;Y
H103062;07/04/2023;Glasgow Depot;Scotland;SC-22;Scissor Lift 22ft;1;79.73;ACC0023;completed;Y
H103063;17/02/2024;Leeds Depot;North;WP-02;Water Pump 2in;1;21.85;ACC0120;completed;N
H103064;03/07/2024;Cardiff Depot;Wales;SC-22;Scissor Lift 22ft;1;73.63;ACC0041;completed;N
H103065;14/05/2023;Bristol Depot;South West;CM-350;Concrete Mixer 350L;-2;33.92;ACC0153;cancelled;Y
H103066;18/05/2023;Norwich Depot;East;SF-TOW;Site Tower Light;1;52.79;ACC0039;completed;N
H103067;07/11/2024;Cardiff Depot;Wales;WP-02;Water Pump 2in;2;23.63;ACC0162;completed;Y
H103068;08/05/2024;Bristol Depot;South West;WP-02;Water Pump 2in;3;24.29;;completed;Y
H103069;13/08/2024;Glasgow Depot;Scotland;SF-TOW;Site Tower Light;3;50.27;ACC0259;completed;Y
H103070;07/07/2024;Cardiff Depot;Wales;WP-02;Water Pump 2in;14;21.52;ACC0155;completed;Y
H103071;03/04/2024;Cardiff Depot;Wales;CM-350;Concrete Mixer 350L;2;36.59;ACC0193;completed;Y
H103072;24/09/2024;Cardiff Depot;Wales;SF-TOW;Site Tower Light;1;55.02;ACC0239;completed;Y
H103073;05/11/2024;Norwich Depot;East;HD-BRK;Hydraulic Breaker;14;63.51;ACC0032;completed;Y
H103074;15/03/2024;Glasgow Depot;Scotland;SC-22;Scissor Lift 22ft;1;76.37;ACC0196;completed;Y
H103075;12/10/2024;Bristol Depot;South West;PB-15;Powered Barrow;2;39.09;ACC0117;completed;Y
H103076;29/04/2023;Bristol Depot;South West;WP-02;Water Pump 2in;1;24.09;ACC0241;completed;Y
H103077;12/03/2024;Glasgow Depot;Scotland;SF-TOW;Site Tower Light;1;50.53;ACC0193;completed;Y
H103078;05/09/2023;Norwich Depot;East;WP-02;Water Pump 2in;1;21.82;ACC0105;completed;Y
H103079;15/06/2024;Glasgow Depot;Scotland;CM-350;Concrete Mixer 350L;5;35.77;ACC0240;completed;Y
H103080;02/04/2023;Bristol Depot;South West;CM-350;Concrete Mixer 350L;3;32.92;ACC0195;completed;Y
H103081;12/08/2024;Cardiff Depot;Wales;GEN-60;60kVA Generator;1;92.35;;completed;Y
H103082;18/08/2024;Leeds Depot;North;EX-140;13T Excavator;2;306.69;ACC0012;completed;Y
H103083;01/02/2024;Bristol Depot;South West;EX-140;13T Excavator;1;333.43;;open;Y
H103084;27/03/2024;Bristol Depot;South West;CM-350;Concrete Mixer 350L;-14;36.08;ACC0084;cancelled;N
H103085;03/10/2023;Cardiff Depot;Wales;HD-BRK;Hydraulic Breaker;1;68.96;ACC0075;completed;Y
H103086;04/10/2023;Cardiff Depot;Wales;DM-09;Diesel Dumper 9T;2;143.52;ACC0146;completed;Y
H103087;16/08/2024;Glasgow Depot;Scotland;EX-140;13T Excavator;1;310.8;ACC0127;open;Y
H103088;01/07/2023;Norwich Depot;East;CM-350;Concrete Mixer 350L;1;32.55;ACC0135;completed;Y
H103089;28/09/2023;Leeds Depot;North;CM-350;Concrete Mixer 350L;7;36.02;ACC0108;completed;Y
H103090;15/11/2024;Bristol Depot;South West;DM-09;Diesel Dumper 9T;5;156.23;ACC0026;completed;Y
H103091;04/07/2024;Bristol Depot;South West;CM-350;Concrete Mixer 350L;1;34.8;ACC0053;completed;N
H103092;19/11/2024;Glasgow Depot;Scotland;WP-02;Water Pump 2in;28;21.68;ACC0128;completed;N
H103093;30/09/2024;Leeds Depot;North;TL-01;Telehandler 4m;14;190.48;ACC0071;completed;Y
H103094;10/11/2024;Glasgow Depot;Scotland;DM-09;Diesel Dumper 9T;14;138.08;ACC0113;completed;Y
H103095;13/08/2023;Cardiff Depot;Wales;CM-350;Concrete Mixer 350L;14;36.2;ACC0072;completed;N
H103096;06/02/2024;Norwich Depot;East;WP-02;Water Pump 2in;1;22.65;ACC0179;completed;Y
H103097;22/09/2024;Bristol Depot;South West;SF-TOW;Site Tower Light;1;54.29;ACC0009;completed;Y
H103098;11/05/2024;Cardiff Depot;Wales;SC-22;Scissor Lift 22ft;5;84.72;ACC0128;completed;Y
H103099;03/01/2024;Bristol Depot;South West;HD-BRK;Hydraulic Breaker;1;62.75;ACC0007;completed;Y
H103100;07/11/2023;Leeds Depot;North;SF-TOW;Site Tower Light;3;51.6;ACC0199;completed;Y
H103101;15/10/2023;Norwich Depot;East;WP-02;Water Pump 2in;2;21.02;ACC0100;completed;N
H103102;05/11/2024;Norwich Depot;East;CM-350;Concrete Mixer 350L;2;36.57;ACC0132;completed;Y
H103103;23/05/2023;Norwich Depot;East;WP-02;Water Pump 2in;2;21.55;ACC0044;completed;Y
H103104;19/04/2024;Glasgow Depot;Scotland;WP-02;Water Pump 2in;2;22.91;ACC0078;completed;Y
H103105;19/02/2024;Cardiff Depot;Wales;CM-350;Concrete Mixer 350L;14;32.15;;completed;Y
H103106;18/02/2024;Glasgow Depot;Scotland;WP-02;Water Pump 2in;2;21.66;ACC0115;completed;Y
H103107;13/07/2024;Cardiff Depot;Wales;HD-BRK;Hydraulic Breaker;1;59.79;ACC0212;completed;Y
H103108;18/04/2024;Leeds Depot;North;WP-02;Water Pump 2in;7;23.71;ACC0242;completed;Y
H103109;17/06/2024;Leeds Depot;North;CM-350;Concrete Mixer 350L;7;34.11;ACC0137;completed;Y
H103110;03/07/2024;Cardiff Depot;Wales;EX-140;13T Excavator;2;287.94;ACC0091;completed;Y
H103111;11/03/2024;Norwich Depot;East;PB-15;Powered Barrow;2;41.39;ACC0133;completed;Y
H103112;25/12/2023;Cardiff Depot;Wales;WP-02;Water Pump 2in;1;20.82;ACC0179;completed;Y
H103113;06/12/2023;Bristol Depot;South West;WP-02;Water Pump 2in;1;22.77;;completed;Y
H103114;17/10/2023;Bristol Depot;South West;GEN-60;60kVA Generator;3;97.72;ACC0195;completed;N
H103115;11/07/2023;Glasgow Depot;Scotland;HD-BRK;Hydraulic Breaker;1;64.98;ACC0202;completed;Y
H103116;16/05/2024;Glasgow Depot;Scotland;TL-01;Telehandler 4m;7;198.59;ACC0029;completed;Y
H103117;06/10/2023;Leeds Depot;North;GEN-60;60kVA Generator;2;92.34;ACC0081;completed;Y
H103118;22/02/2024;Bristol Depot;South West;WP-02;Water Pump 2in;14;23.72;ACC0022;completed;N
H103119;26/06/2024;Cardiff Depot;Wales;EX-140;13T Excavator;5;291.91;ACC0191;completed;Y
H103120;25/04/2024;Norwich Depot;East;PB-15;Powered Barrow;1;39.54;ACC0079;completed;Y
H103121;11/01/2024;Leeds Depot;North;CM-350;Concrete Mixer 350L;2;36.05;ACC0105;completed;Y
H103122;26/05/2023;Norwich Depot;East;WP-02;Water Pump 2in;2;23.15;;completed;Y
H103123;02/06/2023;Cardiff Depot;Wales;CM-350;Concrete Mixer 350L;5;34.51;ACC0139;completed;Y
H103124;21/09/2023;Leeds Depot;North;PB-15;Powered Barrow;1;43.86;ACC0089;completed;N
H103125;05/03/2024;Norwich Depot;East;WP-02;Water Pump 2in;5;22.11;ACC0211;completed;Y
H103126;03/12/2024;Glasgow Depot;Scotland;TL-01;Telehandler 4m;-1;182.68;ACC0203;cancelled;N
H103127;25/06/2023;Leeds Depot;North;WP-02;Water Pump 2in;3;23.82;ACC0224;completed;Y
H103128;16/10/2024;Leeds Depot;North;CM-350;Concrete Mixer 350L;1;35.53;ACC0054;open;Y
H103129;30/12/2024;Cardiff Depot;Wales;EX-140;13T Excavator;2;298.3;ACC0062;completed;Y
H103130;19/09/2024;Cardiff Depot;Wales;DM-09;Diesel Dumper 9T;1;139.62;ACC0005;open;Y
H103131;25/10/2023;Leeds Depot;North;DM-09;Diesel Dumper 9T;2;150.81;ACC0207;completed;Y
H103132;23/07/2023;Bristol Depot;South West;HD-BRK;Hydraulic Breaker;1;68.19;ACC0094;completed;Y
H103133;15/05/2024;Glasgow Depot;Scotland;SF-TOW;Site Tower Light;-5;49.45;ACC0069;cancelled;Y
H103134;26/09/2023;Norwich Depot;East;SF-TOW;Site Tower Light;3;48.37;ACC0099;completed;Y
H103135;26/03/2024;Glasgow Depot;Scotland;WP-02;Water Pump 2in;14;23.46;ACC0129;completed;N
H103136;28/07/2023;Bristol Depot;South West;WP-02;Water Pump 2in;1;23.31;ACC0257;completed;Y
H103137;06/02/2024;Cardiff Depot;Wales;SC-22;Scissor Lift 22ft;3;76.01;ACC0033;completed;Y
H103138;21/12/2024;Leeds Depot;North;GEN-60;60kVA Generator;1;94.46;ACC0204;completed;Y
H103139;23/08/2024;Norwich Depot;East;WP-02;Water Pump 2in;3;22.37;ACC0064;completed;N
H103140;24/09/2024;Bristol Depot;South West;SC-22;Scissor Lift 22ft;3;76.11;;completed;Y
H103141;21/08/2023;Norwich Depot;East;PB-15;Powered Barrow;5;43.73;ACC0015;completed;Y
H103142;16/10/2023;Glasgow Depot;Scotland;PB-15;Powered Barrow;3;41.89;ACC0158;completed;Y
H103143;06/07/2024;Norwich Depot;East;GEN-60;60kVA Generator;3;89.22;ACC0085;completed;Y
H103144;29/10/2024;Norwich Depot;East;SC-22;Scissor Lift 22ft;-2;78.59;ACC0098;cancelled;Y
H103145;12/11/2024;Leeds Depot;North;SF-TOW;Site Tower Light;-1;54.87;ACC0165;cancelled;Y
H103146;24/03/2024;Cardiff Depot;Wales;GEN-60;60kVA Generator;1;93.85;ACC0094;completed;N
H103147;20/12/2023;Cardiff Depot;Wales;CM-350;Concrete Mixer 350L;2;32.82;ACC0161;completed;N
H103148;14/11/2023;Glasgow Depot;Scotland;SC-22;Scissor Lift 22ft;1;75.48;ACC0147;completed;Y
H103149;26/07/2023;Bristol Depot;South West;SF-TOW;Site Tower Light;5;51.28;ACC0063;completed;Y
H103150;20/08/2023;Norwich Depot;East;HD-BRK;Hydraulic Breaker;3;65.01;ACC0004;completed;Y
H103151;04/03/2024;Glasgow Depot;Scotland;CM-350;Concrete Mixer 350L;1;33.62;ACC0166;completed;Y
H103152;04/04/2024;Bristol Depot;South West;CM-350;Concrete Mixer 350L;3;34.74;ACC0206;completed;Y
H103153;19/05/2024;Leeds Depot;North;CM-350;Concrete Mixer 350L;2;35.61;ACC0114;completed;Y
H103154;29/01/2024;Glasgow Depot;Scotland;GEN-60;60kVA Generator;2;94.98;;completed;Y
H103155;27/09/2023;Cardiff Depot;Wales;CM-350;Concrete Mixer 350L;1;32.49;ACC0259;completed;Y
H103156;31/08/2023;Norwich Depot;East;GEN-60;60kVA Generator;1;93.33;ACC0020;open;Y
H103157;24/11/2023;Leeds Depot;North;SC-22;Scissor Lift 22ft;5;74.31;ACC0083;completed;Y
H103158;27/12/2024;Norwich Depot;East;HD-BRK;Hydraulic Breaker;1;60.06;ACC0026;completed;Y
H103159;17/09/2024;Glasgow Depot;Scotland;GEN-60;60kVA Generator;-1;90.67;ACC0016;cancelled;Y
H103160;15/12/2024;Cardiff Depot;Wales;GEN-60;60kVA Generator;2;91.08;ACC0022;completed;Y
H103161;29/10/2023;Glasgow Depot;Scotland;WP-02;Water Pump 2in;2;21.9;ACC0165;completed;N
H103162;28/07/2023;Bristol Depot;South West;CM-350;Concrete Mixer 350L;2;35.08;;completed;Y
H103163;11/04/2023;Bristol Depot;South West;HD-BRK;Hydraulic Breaker;3;60.8;ACC0092;completed;Y
H103164;15/12/2023;Leeds Depot;North;SC-22;Scissor Lift 22ft;7;76.33;ACC0216;completed;Y
H103165;14/05/2024;Glasgow Depot;Scotland;EX-140;13T Excavator;2;314.46;ACC0183;completed;Y
H103166;27/04/2024;Cardiff Depot;Wales;CM-350;Concrete Mixer 350L;3;33.17;ACC0161;completed;Y
H103167;27/11/2023;Norwich Depot;East;EX-140;13T Excavator;3;301.03;ACC0060;completed;N
H103168;21/11/2023;Norwich Depot;East;EX-140;13T Excavator;1;326.57;ACC0065;completed;Y
H103169;21/07/2024;Norwich Depot;East;CM-350;Concrete Mixer 350L;2;36.62;ACC0174;open;Y
H103170;21/12/2024;Bristol Depot;South West;GEN-60;60kVA Generator;1;91.26;ACC0239;completed;Y
H103171;09/02/2024;Norwich Depot;East;HD-BRK;Hydraulic Breaker;2;67.84;ACC0168;completed;Y
H103172;06/09/2024;Norwich Depot;East;SC-22;Scissor Lift 22ft;1;79.41;ACC0011;completed;Y
H103173;28/08/2023;Bristol Depot;South West;HD-BRK;Hydraulic Breaker;1;62.27;ACC0202;completed;Y
H103174;28/12/2023;Norwich Depot;East;DM-09;Diesel Dumper 9T;2;154.32;;completed;N
H103175;30/11/2023;Leeds Depot;North;CM-350;Concrete Mixer 350L;3;32.14;ACC0014;completed;Y
H103176;05/03/2024;Bristol Depot;South West;EX-140;13T Excavator;1;291.96;ACC0015;completed;Y
H103177;10/10/2024;Bristol Depot;South West;PB-15;Powered Barrow;3;42.86;ACC0210;completed;Y
H103178;27/05/2023;Norwich Depot;East;PB-15;Powered Barrow;1;41.6;;completed;Y
H103179;01/10/2024;Bristol Depot;South West;DM-09;Diesel Dumper 9T;2;146.72;ACC0003;completed;Y
H103180;21/06/2024;Cardiff Depot;Wales;WP-02;Water Pump 2in;1;21.41;ACC0108;open;Y
H103181;18/11/2023;Cardiff Depot;Wales;EX-140;13T Excavator;2;297.96;ACC0163;completed;Y
H103182;22/04/2024;Bristol Depot;South West;WP-02;Water Pump 2in;-7;24.28;ACC0026;cancelled;Y
H103183;26/10/2024;Leeds Depot;North;DM-09;Diesel Dumper 9T;1;139.4;ACC0053;completed;Y
H103184;28/06/2024;Cardiff Depot;Wales;TL-01;Telehandler 4m;1;196.13;;open;N
H103185;28/06/2024;Glasgow Depot;Scotland;GEN-60;60kVA Generator;7;99.39;ACC0122;completed;N
H103186;03/12/2024;Bristol Depot;South West;SF-TOW;Site Tower Light;1;54.14;;completed;Y
H103187;09/07/2023;Cardiff Depot;Wales;EX-140;13T Excavator;7;314.73;ACC0088;completed;Y
H103188;19/11/2024;Leeds Depot;North;CM-350;Concrete Mixer 350L;1;33.06;ACC0069;completed;Y
H103189;20/07/2023;Leeds Depot;North;WP-02;Water Pump 2in;2;21.3;ACC0146;completed;Y
H103190;21/08/2023;Norwich Depot;East;TL-01;Telehandler 4m;2;200.43;ACC0174;completed;Y
H103191;26/06/2024;Cardiff Depot;Wales;WP-02;Water Pump 2in;14;21.31;ACC0107;completed;Y
H103192;09/01/2024;Cardiff Depot;Wales;SC-22;Scissor Lift 22ft;1;82.45;ACC0096;completed;N
H103193;05/05/2024;Glasgow Depot;Scotland;HD-BRK;Hydraulic Breaker;1;61.02;ACC0016;completed;N
H103194;27/07/2024;Bristol Depot;South West;WP-02;Water Pump 2in;14;23.38;;completed;Y
H103195;18/03/2024;Norwich Depot;East;DM-09;Diesel Dumper 9T;7;153.24;ACC0128;completed;Y
H103196;04/03/2024;Glasgow Depot;Scotland;SF-TOW;Site Tower Light;1;54.05;ACC0178;completed;Y
H103197;04/06/2023;Cardiff Depot;Wales;WP-02;Water Pump 2in;-3;22.57;ACC0180;cancelled;Y
H103198;08/07/2024;Glasgow Depot;Scotland;SF-TOW;Site Tower Light;1;50.96;ACC0054;completed;N
H103199;04/02/2024;Cardiff Depot;Wales;GEN-60;60kVA Generator;2;93.46;ACC0184;completed;Y
H103200;12/06/2023;Glasgow Depot;Scotland;DM-09;Diesel Dumper 9T;3;155.98;ACC0238;completed;Y
H103201;25/04/2024;Leeds Depot;North;TL-01;Telehandler 4m;7;186.77;ACC0005;completed;Y
H103202;08/10/2023;Norwich Depot;East;SF-TOW;Site Tower Light;2;52.43;ACC0201;completed;N
H103203;04/03/2024;Cardiff Depot;Wales;SC-22;Scissor Lift 22ft;1;78.7;ACC0128;completed;Y
H103204;29/03/2024;Glasgow Depot;Scotland;GEN-60;60kVA Generator;1;93.92;ACC0194;completed;N
H103205;02/07/2024;Leeds Depot;North;SC-22;Scissor Lift 22ft;7;81.39;ACC0236;completed;Y
H103206;18/02/2024;Norwich Depot;East;PB-15;Powered Barrow;1;39.42;ACC0068;completed;Y
H103207;28/02/2024;Cardiff Depot;Wales;HD-BRK;Hydraulic Breaker;2;64.6;ACC0116;completed;N
H103208;14/02/2024;Norwich Depot;East;WP-02;Water Pump 2in;3;22.44;;completed;Y
H103209;29/06/2023;Leeds Depot;North;CM-350;Concrete Mixer 350L;1;32.6;ACC0073;completed;Y
H103210;20/12/2023;Bristol Depot;South West;CM-350;Concrete Mixer 350L;1;33.62;;completed;Y
H103211;07/08/2023;Glasgow Depot;Scotland;GEN-60;60kVA Generator;2;90.08;ACC0007;open;Y
H103212;03/10/2023;Norwich Depot;East;GEN-60;60kVA Generator;2;101.91;;completed;Y
H103213;17/01/2024;Glasgow Depot;Scotland;HD-BRK;Hydraulic Breaker;2;60.87;ACC0201;completed;Y
H103214;11/08/2024;Bristol Depot;South West;GEN-60;60kVA Generator;3;99.53;ACC0208;completed;Y
H103215;31/01/2024;Norwich Depot;East;HD-BRK;Hydraulic Breaker;2;59.82;ACC0123;completed;N
H103216;16/05/2024;Cardiff Depot;Wales;PB-15;Powered Barrow;1;39.04;ACC0118;completed;Y
H103217;04/02/2024;Glasgow Depot;Scotland;WP-02;Water Pump 2in;5;21.76;ACC0100;completed;Y
H103218;20/12/2024;Glasgow Depot;Scotland;WP-02;Water Pump 2in;2;21.53;ACC0039;completed;Y
H103219;20/06/2023;Leeds Depot;North;DM-09;Diesel Dumper 9T;-1;135.32;;cancelled;Y
H103220;09/09/2024;Glasgow Depot;Scotland;SC-22;Scissor Lift 22ft;1;75.91;;completed;N
H103221;25/06/2024;Cardiff Depot;Wales;DM-09;Diesel Dumper 9T;14;143.82;;completed;Y
H103222;23/06/2023;Cardiff Depot;Wales;SF-TOW;Site Tower Light;28;55.09;;completed;Y
H103223;28/11/2023;Norwich Depot;East;HD-BRK;Hydraulic Breaker;1;68.67;ACC0005;completed;Y
H103224;04/06/2024;Bristol Depot;South West;EX-140;13T Excavator;1;290.38;ACC0160;completed;Y
H103225;03/06/2023;Norwich Depot;East;TL-01;Telehandler 4m;14;191.99;ACC0004;completed;Y
H103226;17/07/2024;Glasgow Depot;Scotland;CM-350;Concrete Mixer 350L;2;32.35;ACC0013;completed;Y
H103227;15/05/2024;Glasgow Depot;Scotland;EX-140;13T Excavator;3;323.18;ACC0096;completed;Y
H103228;21/08/2023;Glasgow Depot;Scotland;HD-BRK;Hydraulic Breaker;1;59.36;ACC0093;completed;Y
H103229;01/12/2023;Bristol Depot;South West;TL-01;Telehandler 4m;2;175.54;ACC0089;completed;Y
H103230;10/03/2024;Norwich Depot;East;SF-TOW;Site Tower Light;14;55.09;;completed;Y
H103231;29/07/2024;Norwich Depot;East;TL-01;Telehandler 4m;28;190.54;ACC0235;completed;Y
H103232;29/12/2023;Glasgow Depot;Scotland;DM-09;Diesel Dumper 9T;1;138.06;ACC0079;completed;N
H103233;14/06/2024;Glasgow Depot;Scotland;SF-TOW;Site Tower Light;2;54.38;ACC0170;open;Y
H103234;24/05/2024;Cardiff Depot;Wales;WP-02;Water Pump 2in;7;23.57;ACC0034;completed;N
H103235;21/08/2024;Norwich Depot;East;CM-350;Concrete Mixer 350L;1;34.17;;completed;Y
H103236;22/11/2023;Glasgow Depot;Scotland;WP-02;Water Pump 2in;2;22.79;ACC0172;completed;Y
H103237;12/09/2023;Cardiff Depot;Wales;GEN-60;60kVA Generator;3;95.61;ACC0225;completed;Y
H103238;11/02/2024;Glasgow Depot;Scotland;WP-02;Water Pump 2in;1;22.47;ACC0257;completed;Y
H103239;17/12/2024;Glasgow Depot;Scotland;DM-09;Diesel Dumper 9T;14;135.75;ACC0237;completed;Y
H103240;15/08/2024;Cardiff Depot;Wales;DM-09;Diesel Dumper 9T;7;139.07;ACC0249;completed;Y
H103241;17/08/2023;Glasgow Depot;Scotland;CM-350;Concrete Mixer 350L;14;31.78;ACC0197;completed;Y
H103242;21/07/2023;Norwich Depot;East;PB-15;Powered Barrow;-3;38.92;ACC0044;cancelled;Y
H103243;21/11/2023;Glasgow Depot;Scotland;GEN-60;60kVA Generator;1;92.73;ACC0103;completed;Y
H103244;10/09/2024;Glasgow Depot;Scotland;WP-02;Water Pump 2in;5;20.76;ACC0164;completed;Y
H103245;21/02/2024;Norwich Depot;East;CM-350;Concrete Mixer 350L;1;32.98;ACC0209;completed;Y
H103246;05/09/2023;Leeds Depot;North;SC-22;Scissor Lift 22ft;1;82.38;ACC0044;completed;N
H103247;02/08/2023;Glasgow Depot;Scotland;HD-BRK;Hydraulic Breaker;5;62.59;ACC0096;completed;Y
H103248;27/03/2024;Norwich Depot;East;EX-140;13T Excavator;28;326.03;ACC0228;completed;Y
H103249;06/06/2024;Cardiff Depot;Wales;CM-350;Concrete Mixer 350L;2;35.57;ACC0090;completed;Y
H103250;18/06/2024;Leeds Depot;North;WP-02;Water Pump 2in;1;20.8;ACC0063;completed;Y
H103251;13/08/2024;Cardiff Depot;Wales;SC-22;Scissor Lift 22ft;-7;81.93;ACC0033;cancelled;Y
H103252;29/05/2023;Cardiff Depot;Wales;WP-02;Water Pump 2in;-1;22.48;ACC0251;cancelled;Y
H103253;13/08/2024;Cardiff Depot;Wales;SC-22;Scissor Lift 22ft;3;82.32;ACC0170;completed;Y
H103254;28/10/2023;Glasgow Depot;Scotland;CM-350;Concrete Mixer 350L;28;33.06;;completed;N
H103255;26/09/2024;Leeds Depot;North;CM-350;Concrete Mixer 350L;7;34.93;ACC0108;completed;Y
H103256;08/08/2024;Glasgow Depot;Scotland;SC-22;Scissor Lift 22ft;5;76.76;ACC0054;completed;Y
H103257;31/12/2024;Norwich Depot;East;WP-02;Water Pump 2in;14;23.88;ACC0186;completed;Y
H103258;24/08/2023;Leeds Depot;North;GEN-60;60kVA Generator;2;96.33;ACC0009;completed;Y
H103259;14/05/2023;Norwich Depot;East;SF-TOW;Site Tower Light;1;53.16;ACC0122;completed;N
H103260;29/05/2023;Glasgow Depot;Scotland;SF-TOW;Site Tower Light;2;49.54;ACC0128;completed;Y
H103261;18/07/2023;Norwich Depot;East;CM-350;Concrete Mixer 350L;1;35.52;ACC0032;open;Y
H103262;04/08/2023;Glasgow Depot;Scotland;GEN-60;60kVA Generator;3;96.12;ACC0231;completed;N
H103263;27/08/2023;Norwich Depot;East;SC-22;Scissor Lift 22ft;5;76.78;ACC0112;completed;Y
H103264;11/05/2023;Leeds Depot;North;WP-02;Water Pump 2in;2;23.38;ACC0150;completed;Y
H103265;31/03/2024;Leeds Depot;North;CM-350;Concrete Mixer 350L;5;32.76;ACC0139;open;Y
H103266;11/07/2023;Leeds Depot;North;SF-TOW;Site Tower Light;1;48.12;ACC0082;completed;Y
H103267;15/12/2024;Norwich Depot;East;SC-22;Scissor Lift 22ft;2;77.71;ACC0230;completed;Y
H103268;06/03/2024;Leeds Depot;North;WP-02;Water Pump 2in;2;23.3;ACC0030;completed;N
H103269;23/10/2024;Glasgow Depot;Scotland;DM-09;Diesel Dumper 9T;3;138.96;ACC0071;completed;Y
H103270;12/04/2023;Leeds Depot;North;WP-02;Water Pump 2in;1;21.16;ACC0224;completed;Y
H103271;04/08/2024;Leeds Depot;North;WP-02;Water Pump 2in;1;22.18;ACC0236;open;Y
H103272;04/10/2023;Norwich Depot;East;GEN-60;60kVA Generator;14;92.74;ACC0053;completed;N
H103273;12/07/2024;Cardiff Depot;Wales;GEN-60;60kVA Generator;1;89.27;;completed;Y
H103274;15/11/2024;Norwich Depot;East;GEN-60;60kVA Generator;1;101.25;ACC0145;completed;N
H103275;11/09/2024;Cardiff Depot;Wales;WP-02;Water Pump 2in;3;22.48;ACC0123;completed;Y
H103276;14/03/2024;Glasgow Depot;Scotland;SC-22;Scissor Lift 22ft;-14;74.53;ACC0232;cancelled;Y
H103277;23/12/2024;Bristol Depot;South West;EX-140;13T Excavator;1;303.58;ACC0066;completed;N
H103278;02/01/2024;Bristol Depot;South West;CM-350;Concrete Mixer 350L;5;32.73;ACC0231;completed;Y
H103279;01/10/2024;Norwich Depot;East;PB-15;Powered Barrow;-1;43.12;ACC0183;cancelled;Y
H103280;15/04/2023;Norwich Depot;East;SC-22;Scissor Lift 22ft;1;75.44;;completed;Y
H103281;14/01/2024;Norwich Depot;East;DM-09;Diesel Dumper 9T;5;149.19;ACC0215;open;Y
H103282;29/10/2024;Bristol Depot;South West;HD-BRK;Hydraulic Breaker;1;64.04;ACC0018;completed;Y
H103283;09/09/2024;Leeds Depot;North;SC-22;Scissor Lift 22ft;2;84.52;ACC0221;completed;Y
H103284;01/05/2023;Glasgow Depot;Scotland;CM-350;Concrete Mixer 350L;-1;32.36;ACC0083;cancelled;N
H103285;07/11/2024;Bristol Depot;South West;CM-350;Concrete Mixer 350L;3;32.01;ACC0133;completed;N
H103286;28/06/2023;Glasgow Depot;Scotland;HD-BRK;Hydraulic Breaker;2;65.6;;completed;Y
H103287;19/04/2024;Glasgow Depot;Scotland;TL-01;Telehandler 4m;3;189.9;ACC0147;completed;Y
H103288;29/04/2023;Leeds Depot;North;TL-01;Telehandler 4m;2;200.74;ACC0149;completed;Y
H103289;27/08/2023;Norwich Depot;East;EX-140;13T Excavator;1;301.23;ACC0240;completed;Y
H103290;29/07/2024;Glasgow Depot;Scotland;GEN-60;60kVA Generator;7;93.99;ACC0060;completed;N
H103291;26/10/2023;Glasgow Depot;Scotland;CM-350;Concrete Mixer 350L;14;35.55;ACC0211;completed;Y
H103292;26/01/2024;Norwich Depot;East;EX-140;13T Excavator;14;321.26;ACC0253;completed;Y
H103293;24/09/2024;Leeds Depot;North;TL-01;Telehandler 4m;-1;176.89;;cancelled;Y
H103294;29/10/2024;Glasgow Depot;Scotland;WP-02;Water Pump 2in;-1;23.84;ACC0007;cancelled;Y
H103295;23/07/2024;Glasgow Depot;Scotland;PB-15;Powered Barrow;1;39.16;ACC0085;completed;Y
H103296;24/04/2023;Bristol Depot;South West;HD-BRK;Hydraulic Breaker;1;64.66;;completed;Y
H103297;11/10/2023;Glasgow Depot;Scotland;WP-02;Water Pump 2in;1;21.58;;completed;Y
H103298;09/04/2023;Leeds Depot;North;SF-TOW;Site Tower Light;1;54.97;ACC0155;completed;Y
H103299;16/02/2024;Bristol Depot;South West;TL-01;Telehandler 4m;1;202.15;ACC0063;completed;N
H103300;30/03/2024;Glasgow Depot;Scotland;TL-01;Telehandler 4m;1;198.83;ACC0143;open;Y
H103301;15/12/2024;Cardiff Depot;Wales;WP-02;Water Pump 2in;2;23.27;ACC0212;completed;Y
H103302;22/06/2024;Norwich Depot;East;SF-TOW;Site Tower Light;2;51.93;ACC0189;completed;Y
H103303;29/12/2024;Leeds Depot;North;SF-TOW;Site Tower Light;1;50.6;ACC0003;completed;Y
H103304;07/03/2024;Norwich Depot;East;HD-BRK;Hydraulic Breaker;28;60.8;ACC0142;completed;N
H103305;22/04/2024;Bristol Depot;South West;PB-15;Powered Barrow;14;43.78;ACC0122;completed;Y
H103306;27/04/2023;Norwich Depot;East;CM-350;Concrete Mixer 350L;2;35.24;ACC0219;completed;Y
H103307;31/12/2024;Leeds Depot;North;SC-22;Scissor Lift 22ft;7;82.0;ACC0258;completed;Y
H103308;23/08/2023;Cardiff Depot;Wales;CM-350;Concrete Mixer 350L;-3;35.35;ACC0020;cancelled;Y
H103309;17/06/2024;Glasgow Depot;Scotland;CM-350;Concrete Mixer 350L;1;36.17;ACC0033;completed;Y
H103310;20/07/2024;Leeds Depot;North;PB-15;Powered Barrow;5;40.44;;completed;Y
H103311;07/07/2023;Bristol Depot;South West;SF-TOW;Site Tower Light;-2;49.62;ACC0146;cancelled;Y
H103312;25/04/2023;Leeds Depot;North;PB-15;Powered Barrow;14;38.92;ACC0218;completed;Y
H103313;07/09/2024;Bristol Depot;South West;HD-BRK;Hydraulic Breaker;2;59.94;ACC0179;completed;Y
H103314;20/05/2024;Norwich Depot;East;PB-15;Powered Barrow;1;41.37;;completed;Y
H103315;07/06/2024;Cardiff Depot;Wales;SC-22;Scissor Lift 22ft;3;84.76;ACC0098;completed;Y
H103316;29/05/2024;Cardiff Depot;Wales;HD-BRK;Hydraulic Breaker;7;59.27;ACC0023;completed;Y
H103317;21/09/2023;Leeds Depot;North;CM-350;Concrete Mixer 350L;1;33.71;ACC0100;completed;Y
H103318;06/07/2024;Glasgow Depot;Scotland;SC-22;Scissor Lift 22ft;14;72.57;;completed;Y
H103319;12/04/2023;Leeds Depot;North;SF-TOW;Site Tower Light;1;50.79;ACC0164;completed;Y
H103320;06/12/2024;Glasgow Depot;Scotland;PB-15;Powered Barrow;28;40.47;ACC0181;completed;N
H103321;12/01/2024;Norwich Depot;East;DM-09;Diesel Dumper 9T;7;152.6;;completed;Y
H103322;22/04/2023;Bristol Depot;South West;CM-350;Concrete Mixer 350L;14;35.9;ACC0180;completed;Y
H103323;03/11/2023;Norwich Depot;East;EX-140;13T Excavator;14;334.38;ACC0045;completed;N
H103324;05/02/2024;Leeds Depot;North;CM-350;Concrete Mixer 350L;1;33.47;ACC0042;completed;Y
H103325;04/12/2024;Norwich Depot;East;TL-01;Telehandler 4m;5;179.14;ACC0230;completed;Y
H103326;02/05/2023;Cardiff Depot;Wales;CM-350;Concrete Mixer 350L;2;31.89;ACC0203;completed;Y
H103327;06/05/2023;Leeds Depot;North;WP-02;Water Pump 2in;1;22.92;ACC0066;open;Y
H103328;06/08/2024;Glasgow Depot;Scotland;SF-TOW;Site Tower Light;7;50.77;ACC0111;completed;Y
H103329;17/11/2024;Glasgow Depot;Scotland;HD-BRK;Hydraulic Breaker;1;63.68;ACC0003;completed;Y
H103330;20/12/2023;Bristol Depot;South West;SF-TOW;Site Tower Light;2;48.85;ACC0230;completed;N
H103331;30/12/2023;Leeds Depot;North;CM-350;Concrete Mixer 350L;1;35.18;ACC0034;completed;Y
H103332;15/06/2023;Leeds Depot;North;HD-BRK;Hydraulic Breaker;28;67.07;ACC0191;completed;Y
H103333;01/05/2024;Bristol Depot;South West;PB-15;Powered Barrow;1;43.46;ACC0075;completed;N
H103334;29/04/2023;Cardiff Depot;Wales;SF-TOW;Site Tower Light;7;54.09;ACC0156;completed;N
H103335;21/01/2024;Norwich Depot;East;CM-350;Concrete Mixer 350L;2;31.56;ACC0081;completed;Y
H103336;17/06/2024;Bristol Depot;South West;HD-BRK;Hydraulic Breaker;3;62.5;ACC0215;completed;N
H103337;24/09/2023;Glasgow Depot;Scotland;DM-09;Diesel Dumper 9T;7;147.66;ACC0057;completed;Y
H103338;18/08/2024;Norwich Depot;East;EX-140;13T Excavator;1;307.94;ACC0117;completed;Y
H103339;04/05/2023;Norwich Depot;East;GEN-60;60kVA Generator;7;92.41;ACC0123;completed;N
H103340;06/08/2024;Norwich Depot;East;CM-350;Concrete Mixer 350L;2;36.47;ACC0035;completed;Y
H103341;14/08/2023;Bristol Depot;South West;GEN-60;60kVA Generator;1;89.73;ACC0115;completed;Y
H103342;12/05/2023;Norwich Depot;East;EX-140;13T Excavator;1;304.63;ACC0251;completed;N
H103343;05/10/2023;Glasgow Depot;Scotland;DM-09;Diesel Dumper 9T;5;154.15;ACC0186;completed;Y
H103344;03/03/2024;Bristol Depot;South West;EX-140;13T Excavator;-14;310.04;ACC0144;cancelled;Y
H103345;02/02/2024;Norwich Depot;East;DM-09;Diesel Dumper 9T;3;134.38;ACC0178;completed;Y
H103346;04/07/2023;Glasgow Depot;Scotland;SC-22;Scissor Lift 22ft;5;84.26;ACC0234;completed;Y
H103347;25/07/2023;Glasgow Depot;Scotland;CM-350;Concrete Mixer 350L;1;36.06;ACC0168;completed;Y
H103348;05/04/2023;Cardiff Depot;Wales;SC-22;Scissor Lift 22ft;1;78.08;ACC0206;completed;Y
H103349;06/12/2023;Bristol Depot;South West;WP-02;Water Pump 2in;1;20.83;ACC0059;completed;Y
H103350;11/07/2023;Norwich Depot;East;WP-02;Water Pump 2in;1;20.95;;completed;Y
H103351;16/11/2023;Bristol Depot;South West;PB-15;Powered Barrow;28;38.41;ACC0002;completed;Y
H103352;23/04/2023;Norwich Depot;East;EX-140;13T Excavator;3;302.64;ACC0192;completed;Y
H103353;03/10/2023;Glasgow Depot;Scotland;SC-22;Scissor Lift 22ft;2;76.52;ACC0002;completed;Y
H103354;02/07/2023;Cardiff Depot;Wales;TL-01;Telehandler 4m;14;194.39;ACC0188;completed;Y
H103355;11/10/2023;Glasgow Depot;Scotland;WP-02;Water Pump 2in;2;21.7;ACC0186;completed;Y
H103356;16/11/2023;Norwich Depot;East;PB-15;Powered Barrow;3;38.06;ACC0251;completed;Y
H103357;08/11/2024;Cardiff Depot;Wales;CM-350;Concrete Mixer 350L;5;34.07;ACC0038;completed;Y
H103358;14/11/2024;Norwich Depot;East;PB-15;Powered Barrow;1;42.55;ACC0118;completed;Y
H103359;10/04/2023;Cardiff Depot;Wales;PB-15;Powered Barrow;1;39.88;ACC0152;completed;Y
H103360;20/03/2024;Cardiff Depot;Wales;DM-09;Diesel Dumper 9T;14;139.18;ACC0081;completed;Y
H103361;25/12/2023;Norwich Depot;East;CM-350;Concrete Mixer 350L;3;32.19;ACC0183;completed;Y
H103362;12/05/2023;Glasgow Depot;Scotland;SC-22;Scissor Lift 22ft;-3;84.16;ACC0031;cancelled;Y
H103363;06/08/2023;Leeds Depot;North;SC-22;Scissor Lift 22ft;14;74.85;ACC0095;open;Y
H103364;22/01/2024;Bristol Depot;South West;GEN-60;60kVA Generator;1;96.28;ACC0011;completed;Y
H103365;09/06/2024;Cardiff Depot;Wales;PB-15;Powered Barrow;1;43.72;;completed;N
H103366;30/10/2023;Norwich Depot;East;GEN-60;60kVA Generator;7;103.45;ACC0225;completed;Y
H103367;29/05/2024;Bristol Depot;South West;SC-22;Scissor Lift 22ft;28;78.63;ACC0108;completed;Y
H103368;13/08/2023;Leeds Depot;North;DM-09;Diesel Dumper 9T;5;151.78;ACC0007;completed;Y
H103369;18/06/2023;Norwich Depot;East;DM-09;Diesel Dumper 9T;3;143.9;ACC0181;open;Y
H103370;09/05/2024;Bristol Depot;South West;TL-01;Telehandler 4m;2;177.46;ACC0170;completed;Y
H103371;27/12/2024;Glasgow Depot;Scotland;GEN-60;60kVA Generator;1;92.97;ACC0095;completed;Y
H103372;12/05/2023;Norwich Depot;East;SF-TOW;Site Tower Light;2;50.92;ACC0043;open;N
H103373;15/06/2024;Glasgow Depot;Scotland;WP-02;Water Pump 2in;2;22.17;ACC0191;completed;Y
H103374;01/03/2024;Bristol Depot;South West;SC-22;Scissor Lift 22ft;-2;81.66;ACC0044;cancelled;Y
H103375;29/04/2023;Bristol Depot;South West;WP-02;Water Pump 2in;2;23.18;ACC0048;completed;Y
H103376;05/05/2024;Norwich Depot;East;SF-TOW;Site Tower Light;5;50.12;ACC0151;completed;Y
H103377;21/04/2024;Bristol Depot;South West;SC-22;Scissor Lift 22ft;2;77.16;ACC0068;completed;Y
H103378;06/07/2024;Bristol Depot;South West;CM-350;Concrete Mixer 350L;1;33.49;ACC0167;completed;Y
H103379;12/06/2023;Leeds Depot;North;WP-02;Water Pump 2in;-28;24.24;ACC0218;cancelled;Y
H103380;29/02/2024;Norwich Depot;East;CM-350;Concrete Mixer 350L;2;31.53;ACC0137;completed;Y
H103381;15/12/2023;Bristol Depot;South West;DM-09;Diesel Dumper 9T;1;138.08;ACC0260;completed;Y
H103382;13/10/2023;Norwich Depot;East;DM-09;Diesel Dumper 9T;5;146.5;;completed;Y
H103383;21/05/2023;Norwich Depot;East;EX-140;13T Excavator;3;327.21;ACC0196;completed;N
H103384;18/10/2023;Leeds Depot;North;SF-TOW;Site Tower Light;-3;52.53;ACC0195;cancelled;Y
H103385;20/12/2024;Glasgow Depot;Scotland;SF-TOW;Site Tower Light;1;53.06;ACC0006;completed;Y
H103386;02/10/2024;Norwich Depot;East;CM-350;Concrete Mixer 350L;1;33.35;ACC0211;completed;Y
H103387;21/06/2024;Leeds Depot;North;HD-BRK;Hydraulic Breaker;1;67.51;ACC0082;completed;Y
H103388;21/12/2023;Bristol Depot;South West;SF-TOW;Site Tower Light;5;53.06;ACC0173;completed;Y
H103389;23/04/2023;Cardiff Depot;Wales;WP-02;Water Pump 2in;1;21.94;;completed;N
H103390;16/08/2024;Bristol Depot;South West;TL-01;Telehandler 4m;1;184.17;ACC0010;completed;N
H103391;02/05/2024;Leeds Depot;North;CM-350;Concrete Mixer 350L;2;35.52;ACC0077;completed;Y
H103392;18/12/2023;Glasgow Depot;Scotland;TL-01;Telehandler 4m;3;202.69;ACC0032;completed;Y
H103393;20/07/2024;Norwich Depot;East;SF-TOW;Site Tower Light;3;52.84;ACC0214;completed;Y
H103394;18/11/2023;Leeds Depot;North;SC-22;Scissor Lift 22ft;7;76.03;ACC0162;completed;Y
H103395;20/12/2023;Bristol Depot;South West;SF-TOW;Site Tower Light;1;49.22;ACC0101;completed;Y
H103396;23/04/2024;Leeds Depot;North;CM-350;Concrete Mixer 350L;3;32.24;ACC0150;completed;Y
H103397;30/10/2023;Glasgow Depot;Scotland;SF-TOW;Site Tower Light;7;49.61;ACC0223;completed;Y
H103398;26/07/2023;Cardiff Depot;Wales;HD-BRK;Hydraulic Breaker;3;63.95;ACC0170;completed;Y
H103399;28/11/2023;Norwich Depot;East;WP-02;Water Pump 2in;1;23.26;ACC0256;completed;Y
H103400;01/05/2023;Bristol Depot;South West;CM-350;Concrete Mixer 350L;-1;34.25;ACC0126;cancelled;N
H103401;18/03/2024;Glasgow Depot;Scotland;CM-350;Concrete Mixer 350L;1;35.65;ACC0190;completed;Y
H103402;10/05/2023;Leeds Depot;North;GEN-60;60kVA Generator;2;94.86;ACC0152;completed;Y
H103403;22/01/2024;Glasgow Depot;Scotland;CM-350;Concrete Mixer 350L;2;32.2;ACC0097;completed;Y
H103404;29/09/2024;Leeds Depot;North;TL-01;Telehandler 4m;28;180.35;ACC0034;completed;Y
H103405;26/02/2024;Glasgow Depot;Scotland;CM-350;Concrete Mixer 350L;-1;33.5;ACC0130;cancelled;Y
H103406;17/01/2024;Bristol Depot;South West;DM-09;Diesel Dumper 9T;3;135.3;ACC0160;completed;Y
H103407;16/05/2024;Norwich Depot;East;GEN-60;60kVA Generator;2;100.16;ACC0214;completed;N
H103408;06/10/2024;Glasgow Depot;Scotland;SC-22;Scissor Lift 22ft;7;76.57;ACC0253;completed;Y
H103409;12/11/2023;Cardiff Depot;Wales;SC-22;Scissor Lift 22ft;1;74.48;ACC0099;completed;N
H103410;20/05/2024;Glasgow Depot;Scotland;PB-15;Powered Barrow;-1;37.75;ACC0063;cancelled;Y
H103411;28/11/2023;Norwich Depot;East;SC-22;Scissor Lift 22ft;5;73.42;ACC0063;completed;Y
H103412;02/11/2024;Bristol Depot;South West;WP-02;Water Pump 2in;1;21.55;ACC0016;completed;Y
H103413;22/08/2024;Glasgow Depot;Scotland;SC-22;Scissor Lift 22ft;-2;73.29;ACC0248;cancelled;Y
H103414;07/10/2024;Norwich Depot;East;DM-09;Diesel Dumper 9T;5;133.86;ACC0245;completed;Y
H103415;06/06/2023;Glasgow Depot;Scotland;GEN-60;60kVA Generator;5;91.74;ACC0169;open;Y
H103416;10/05/2024;Bristol Depot;South West;HD-BRK;Hydraulic Breaker;-14;59.28;ACC0144;cancelled;Y
H103417;19/11/2023;Leeds Depot;North;SC-22;Scissor Lift 22ft;5;83.81;ACC0059;completed;Y
H103418;08/10/2024;Cardiff Depot;Wales;SF-TOW;Site Tower Light;7;54.76;ACC0047;open;Y
H103419;21/08/2024;Norwich Depot;East;DM-09;Diesel Dumper 9T;1;147.47;ACC0248;completed;Y
H103420;17/10/2024;Bristol Depot;South West;GEN-60;60kVA Generator;5;92.24;ACC0090;completed;Y
H103421;16/09/2023;Leeds Depot;North;WP-02;Water Pump 2in;-7;24.02;ACC0115;cancelled;Y
H103422;01/03/2024;Bristol Depot;South West;PB-15;Powered Barrow;3;40.47;ACC0104;completed;Y
H103423;31/03/2024;Norwich Depot;East;WP-02;Water Pump 2in;3;22.32;ACC0247;completed;Y
H103424;03/09/2023;Norwich Depot;East;PB-15;Powered Barrow;3;38.5;ACC0039;completed;Y
H103425;02/07/2023;Norwich Depot;East;EX-140;13T Excavator;28;288.74;;open;Y
H103426;15/01/2024;Cardiff Depot;Wales;CM-350;Concrete Mixer 350L;3;32.68;ACC0070;completed;Y
H103427;20/11/2023;Leeds Depot;North;TL-01;Telehandler 4m;1;180.04;ACC0057;completed;Y
H103428;06/06/2023;Glasgow Depot;Scotland;GEN-60;60kVA Generator;1;103.15;ACC0148;completed;Y
H103429;12/09/2023;Leeds Depot;North;SC-22;Scissor Lift 22ft;1;76.11;ACC0202;completed;Y
H103430;21/12/2023;Norwich Depot;East;SF-TOW;Site Tower Light;5;55.2;ACC0206;completed;Y
H103431;30/09/2024;Bristol Depot;South West;CM-350;Concrete Mixer 350L;-7;34.01;ACC0137;cancelled;Y
H103432;31/05/2024;Glasgow Depot;Scotland;HD-BRK;Hydraulic Breaker;2;59.39;ACC0132;completed;Y
H103433;20/05/2024;Glasgow Depot;Scotland;DM-09;Diesel Dumper 9T;28;155.19;ACC0192;open;N
H103434;28/06/2023;Bristol Depot;South West;HD-BRK;Hydraulic Breaker;3;63.72;ACC0218;completed;Y
H103435;11/12/2023;Glasgow Depot;Scotland;TL-01;Telehandler 4m;-3;197.49;ACC0040;cancelled;Y
H103436;06/08/2023;Bristol Depot;South West;WP-02;Water Pump 2in;5;22.85;ACC0233;completed;Y
H103437;02/10/2024;Norwich Depot;East;DM-09;Diesel Dumper 9T;3;137.87;ACC0015;completed;Y
H103438;30/09/2024;Cardiff Depot;Wales;SC-22;Scissor Lift 22ft;2;80.02;ACC0175;completed;Y
H103439;20/10/2023;Cardiff Depot;Wales;WP-02;Water Pump 2in;5;21.57;ACC0016;completed;Y
H103440;30/09/2024;Cardiff Depot;Wales;SF-TOW;Site Tower Light;28;53.88;ACC0107;completed;N
H103441;17/10/2023;Bristol Depot;South West;HD-BRK;Hydraulic Breaker;1;61.92;ACC0070;completed;Y
H103442;11/05/2024;Norwich Depot;East;SC-22;Scissor Lift 22ft;28;75.71;ACC0045;completed;Y
H103443;05/04/2024;Glasgow Depot;Scotland;DM-09;Diesel Dumper 9T;3;135.69;ACC0189;completed;Y
H103444;16/03/2024;Bristol Depot;South West;CM-350;Concrete Mixer 350L;2;34.11;ACC0224;completed;Y
H103445;04/03/2024;Norwich Depot;East;SF-TOW;Site Tower Light;1;55.71;ACC0065;completed;Y
H103446;23/05/2023;Cardiff Depot;Wales;CM-350;Concrete Mixer 350L;5;35.6;ACC0010;completed;Y
H103447;26/12/2023;Bristol Depot;South West;WP-02;Water Pump 2in;2;21.69;ACC0082;completed;Y
H103448;20/10/2024;Glasgow Depot;Scotland;CM-350;Concrete Mixer 350L;5;34.66;ACC0117;completed;Y
H103449;07/03/2024;Glasgow Depot;Scotland;SC-22;Scissor Lift 22ft;3;82.83;ACC0254;completed;N
H103450;29/02/2024;Norwich Depot;East;PB-15;Powered Barrow;2;40.87;ACC0199;completed;Y
H103451;11/10/2024;Norwich Depot;East;CM-350;Concrete Mixer 350L;7;36.52;ACC0136;completed;N
H103452;24/04/2023;Norwich Depot;East;HD-BRK;Hydraulic Breaker;2;62.46;ACC0132;completed;Y
H103453;27/04/2023;Glasgow Depot;Scotland;CM-350;Concrete Mixer 350L;14;35.22;ACC0211;completed;Y
H103454;10/01/2024;Glasgow Depot;Scotland;GEN-60;60kVA Generator;1;88.42;ACC0169;open;Y
H103455;22/04/2024;Leeds Depot;North;GEN-60;60kVA Generator;2;101.93;ACC0164;completed;Y
H103456;16/08/2024;Norwich Depot;East;DM-09;Diesel Dumper 9T;7;135.96;ACC0230;completed;N
H103457;27/04/2024;Leeds Depot;North;TL-01;Telehandler 4m;-5;201.16;ACC0093;cancelled;Y
H103458;08/02/2024;Glasgow Depot;Scotland;SC-22;Scissor Lift 22ft;1;73.63;ACC0044;completed;Y
H103459;14/01/2024;Cardiff Depot;Wales;SF-TOW;Site Tower Light;5;48.73;ACC0058;completed;Y
H103460;13/11/2023;Leeds Depot;North;PB-15;Powered Barrow;2;39.72;ACC0102;completed;N
H103461;28/06/2023;Cardiff Depot;Wales;WP-02;Water Pump 2in;14;21.87;ACC0036;completed;Y
H103462;20/11/2024;Cardiff Depot;Wales;DM-09;Diesel Dumper 9T;3;138.12;ACC0136;completed;N
H103463;16/01/2024;Cardiff Depot;Wales;GEN-60;60kVA Generator;1;99.12;ACC0240;completed;Y
H103464;28/09/2023;Glasgow Depot;Scotland;CM-350;Concrete Mixer 350L;1;31.9;ACC0111;completed;N
H103465;09/10/2024;Cardiff Depot;Wales;WP-02;Water Pump 2in;28;21.69;ACC0116;open;Y
H103466;01/10/2024;Cardiff Depot;Wales;GEN-60;60kVA Generator;2;103.26;ACC0237;completed;Y
H103467;06/02/2024;Glasgow Depot;Scotland;WP-02;Water Pump 2in;7;21.0;ACC0014;completed;Y
H103468;03/05/2023;Leeds Depot;North;CM-350;Concrete Mixer 350L;28;31.82;;completed;Y
H103469;18/03/2024;Cardiff Depot;Wales;TL-01;Telehandler 4m;1;201.64;ACC0146;completed;N
H103470;27/05/2023;Cardiff Depot;Wales;WP-02;Water Pump 2in;3;21.96;ACC0045;completed;Y
H103471;14/04/2024;Glasgow Depot;Scotland;HD-BRK;Hydraulic Breaker;14;62.25;ACC0058;completed;Y
H103472;17/07/2023;Leeds Depot;North;SF-TOW;Site Tower Light;1;53.34;ACC0234;completed;Y
H103473;03/08/2023;Norwich Depot;East;SC-22;Scissor Lift 22ft;1;79.25;;completed;Y
H103474;17/05/2024;Cardiff Depot;Wales;PB-15;Powered Barrow;7;44.23;ACC0227;completed;Y
H103475;05/05/2024;Bristol Depot;South West;CM-350;Concrete Mixer 350L;28;34.21;;completed;N
H103476;27/12/2023;Norwich Depot;East;WP-02;Water Pump 2in;2;23.79;ACC0162;completed;N
H103477;16/06/2023;Glasgow Depot;Scotland;SC-22;Scissor Lift 22ft;2;73.13;ACC0188;completed;Y
H103478;24/11/2023;Leeds Depot;North;DM-09;Diesel Dumper 9T;14;140.36;ACC0199;completed;Y
H103479;23/06/2024;Glasgow Depot;Scotland;TL-01;Telehandler 4m;3;198.55;ACC0105;completed;Y
H103480;09/04/2024;Leeds Depot;North;EX-140;13T Excavator;2;334.13;ACC0225;completed;Y
H103481;09/06/2024;Cardiff Depot;Wales;GEN-60;60kVA Generator;1;91.41;;completed;N
H103482;22/12/2024;Norwich Depot;East;CM-350;Concrete Mixer 350L;3;36.28;ACC0126;completed;Y
H103483;04/07/2024;Cardiff Depot;Wales;WP-02;Water Pump 2in;3;23.39;ACC0012;completed;Y
H103484;13/04/2024;Bristol Depot;South West;TL-01;Telehandler 4m;1;195.62;ACC0138;completed;Y
H103485;12/06/2023;Bristol Depot;South West;CM-350;Concrete Mixer 350L;1;35.6;;completed;N
H103486;09/05/2024;Leeds Depot;North;CM-350;Concrete Mixer 350L;2;35.7;ACC0174;completed;N
H103487;24/10/2023;Norwich Depot;East;EX-140;13T Excavator;5;305.0;ACC0084;completed;Y
H103488;20/02/2024;Glasgow Depot;Scotland;CM-350;Concrete Mixer 350L;-3;34.09;ACC0147;cancelled;Y
H103489;22/03/2024;Norwich Depot;East;EX-140;13T Excavator;2;315.83;;completed;N
H103490;26/04/2023;Glasgow Depot;Scotland;WP-02;Water Pump 2in;2;22.78;ACC0142;completed;Y
H103491;26/09/2023;Bristol Depot;South West;TL-01;Telehandler 4m;3;178.61;ACC0244;completed;N
H103492;21/06/2024;Leeds Depot;North;EX-140;13T Excavator;3;289.25;ACC0145;completed;Y
H103493;03/01/2024;Glasgow Depot;Scotland;CM-350;Concrete Mixer 350L;-1;35.65;ACC0079;cancelled;Y
H103494;23/05/2023;Glasgow Depot;Scotland;EX-140;13T Excavator;2;294.72;ACC0220;completed;Y
H103495;07/04/2024;Norwich Depot;East;TL-01;Telehandler 4m;5;190.36;ACC0138;completed;Y
H103496;25/08/2023;Leeds Depot;North;SF-TOW;Site Tower Light;3;56.16;ACC0074;completed;Y
H103497;18/10/2024;Bristol Depot;South West;WP-02;Water Pump 2in;1;22.29;ACC0226;completed;N
H103498;13/05/2023;Cardiff Depot;Wales;DM-09;Diesel Dumper 9T;3;154.37;ACC0197;open;Y
H103499;15/10/2023;Leeds Depot;North;CM-350;Concrete Mixer 350L;5;32.13;ACC0211;completed;Y
H103500;24/07/2023;Bristol Depot;South West;EX-140;13T Excavator;2;330.31;ACC0164;open;Y
H103501;28/04/2023;Cardiff Depot;Wales;TL-01;Telehandler 4m;2;187.45;ACC0113;completed;Y
H103502;16/10/2024;Leeds Depot;North;CM-350;Concrete Mixer 350L;3;34.57;ACC0042;completed;Y
H103503;17/05/2024;Cardiff Depot;Wales;DM-09;Diesel Dumper 9T;1;155.81;ACC0097;completed;Y
H103504;17/12/2024;Norwich Depot;East;DM-09;Diesel Dumper 9T;-1;156.45;ACC0095;cancelled;Y
H103505;23/10/2023;Cardiff Depot;Wales;EX-140;13T Excavator;3;308.04;ACC0050;completed;Y
H103506;24/04/2023;Cardiff Depot;Wales;SF-TOW;Site Tower Light;7;47.93;ACC0188;completed;Y
H103507;14/12/2024;Norwich Depot;East;GEN-60;60kVA Generator;-5;90.87;ACC0148;cancelled;Y
H103508;07/08/2023;Norwich Depot;East;GEN-60;60kVA Generator;2;98.54;ACC0067;completed;Y
H103509;31/05/2023;Cardiff Depot;Wales;WP-02;Water Pump 2in;2;21.59;ACC0035;completed;N
H103510;24/07/2023;Glasgow Depot;Scotland;SC-22;Scissor Lift 22ft;1;74.98;ACC0251;completed;N
H103511;17/12/2023;Glasgow Depot;Scotland;WP-02;Water Pump 2in;1;21.2;ACC0095;completed;Y
H103512;24/07/2023;Glasgow Depot;Scotland;WP-02;Water Pump 2in;1;22.13;ACC0220;completed;Y
H103513;05/02/2024;Glasgow Depot;Scotland;WP-02;Water Pump 2in;-5;20.82;ACC0240;cancelled;Y
H103514;07/04/2024;Cardiff Depot;Wales;CM-350;Concrete Mixer 350L;7;35.29;ACC0045;completed;N
H103515;03/04/2023;Leeds Depot;North;WP-02;Water Pump 2in;5;21.07;ACC0089;completed;Y
H103516;25/10/2023;Cardiff Depot;Wales;EX-140;13T Excavator;28;299.45;ACC0109;completed;Y
H103517;11/05/2023;Norwich Depot;East;SF-TOW;Site Tower Light;14;54.63;;completed;Y
H103518;21/11/2023;Cardiff Depot;Wales;SC-22;Scissor Lift 22ft;3;80.74;ACC0027;completed;Y
H103519;20/06/2024;Glasgow Depot;Scotland;SF-TOW;Site Tower Light;1;52.53;ACC0257;completed;Y
H103520;22/09/2024;Cardiff Depot;Wales;WP-02;Water Pump 2in;2;23.32;ACC0249;completed;Y
H103521;12/07/2024;Glasgow Depot;Scotland;WP-02;Water Pump 2in;2;22.56;ACC0050;completed;Y
H103522;20/09/2024;Bristol Depot;South West;CM-350;Concrete Mixer 350L;1;33.86;;completed;Y
H103523;17/05/2024;Cardiff Depot;Wales;GEN-60;60kVA Generator;7;100.46;ACC0028;completed;N
H103524;04/02/2024;Norwich Depot;East;SC-22;Scissor Lift 22ft;3;74.32;;completed;Y
H103525;05/11/2023;Bristol Depot;South West;DM-09;Diesel Dumper 9T;28;151.65;;completed;Y
H103526;29/07/2023;Cardiff Depot;Wales;CM-350;Concrete Mixer 350L;5;31.33;ACC0009;completed;Y
H103527;01/07/2023;Glasgow Depot;Scotland;SF-TOW;Site Tower Light;1;51.2;ACC0037;completed;Y
H103528;26/11/2023;Glasgow Depot;Scotland;WP-02;Water Pump 2in;1;21.96;ACC0146;completed;Y
H103529;14/09/2023;Cardiff Depot;Wales;WP-02;Water Pump 2in;1;23.71;ACC0122;completed;Y
H103530;09/07/2023;Bristol Depot;South West;EX-140;13T Excavator;3;308.38;;completed;N
H103531;08/09/2023;Bristol Depot;South West;CM-350;Concrete Mixer 350L;-3;34.64;ACC0241;cancelled;N
H103532;16/10/2023;Norwich Depot;East;WP-02;Water Pump 2in;7;23.17;ACC0237;completed;N
H103533;09/08/2023;Bristol Depot;South West;DM-09;Diesel Dumper 9T;3;144.42;ACC0107;completed;Y
H103534;20/11/2024;Bristol Depot;South West;CM-350;Concrete Mixer 350L;2;32.29;ACC0200;completed;Y
H103535;04/05/2024;Cardiff Depot;Wales;CM-350;Concrete Mixer 350L;2;31.97;ACC0191;completed;N
H103536;24/05/2024;Glasgow Depot;Scotland;TL-01;Telehandler 4m;1;186.65;ACC0156;open;Y
H103537;31/12/2024;Leeds Depot;North;PB-15;Powered Barrow;2;43.74;ACC0133;completed;N
H103538;05/11/2023;Bristol Depot;South West;HD-BRK;Hydraulic Breaker;3;68.34;ACC0088;completed;Y
H103539;20/12/2024;Bristol Depot;South West;SC-22;Scissor Lift 22ft;1;82.12;ACC0248;completed;Y
H103540;10/08/2024;Norwich Depot;East;WP-02;Water Pump 2in;1;21.08;ACC0143;completed;N
H103541;12/10/2023;Bristol Depot;South West;HD-BRK;Hydraulic Breaker;1;64.48;ACC0195;completed;N
H103542;09/06/2023;Bristol Depot;South West;WP-02;Water Pump 2in;5;20.9;ACC0212;open;Y
H103543;07/09/2024;Cardiff Depot;Wales;SC-22;Scissor Lift 22ft;2;72.98;ACC0070;completed;Y
H103544;26/11/2024;Glasgow Depot;Scotland;SF-TOW;Site Tower Light;5;49.83;ACC0260;completed;Y
H103545;01/12/2024;Bristol Depot;South West;HD-BRK;Hydraulic Breaker;3;65.55;ACC0101;completed;Y
H103546;27/08/2023;Leeds Depot;North;PB-15;Powered Barrow;7;39.91;ACC0188;completed;Y
H103547;19/10/2024;Norwich Depot;East;WP-02;Water Pump 2in;1;22.9;ACC0214;completed;N
H103548;12/05/2023;Bristol Depot;South West;CM-350;Concrete Mixer 350L;3;32.49;ACC0172;completed;N
H103549;22/08/2024;Norwich Depot;East;TL-01;Telehandler 4m;1;188.73;ACC0092;completed;Y
H103550;19/02/2024;Norwich Depot;East;DM-09;Diesel Dumper 9T;28;139.62;ACC0123;completed;Y
H103551;12/03/2024;Glasgow Depot;Scotland;GEN-60;60kVA Generator;2;94.31;ACC0104;completed;Y
H103552;27/02/2024;Glasgow Depot;Scotland;GEN-60;60kVA Generator;3;100.87;ACC0113;completed;Y
H103553;02/12/2023;Norwich Depot;East;EX-140;13T Excavator;2;286.82;ACC0052;completed;Y
H103554;19/11/2023;Bristol Depot;South West;GEN-60;60kVA Generator;5;88.45;ACC0161;completed;Y
H103555;02/05/2023;Bristol Depot;South West;DM-09;Diesel Dumper 9T;3;155.68;ACC0163;completed;Y
H103556;25/12/2024;Leeds Depot;North;CM-350;Concrete Mixer 350L;-5;36.58;ACC0017;cancelled;Y
H103557;10/03/2024;Leeds Depot;North;WP-02;Water Pump 2in;14;22.31;ACC0155;completed;Y
H103558;15/08/2023;Norwich Depot;East;SC-22;Scissor Lift 22ft;7;82.48;ACC0013;completed;Y
H103559;29/02/2024;Norwich Depot;East;DM-09;Diesel Dumper 9T;-2;135.92;ACC0005;cancelled;Y
H103560;26/08/2024;Leeds Depot;North;WP-02;Water Pump 2in;1;21.05;;completed;Y
H103561;17/07/2024;Glasgow Depot;Scotland;PB-15;Powered Barrow;3;44.08;ACC0222;completed;Y
H103562;14/01/2024;Norwich Depot;East;GEN-60;60kVA Generator;1;103.58;ACC0045;completed;Y
H103563;24/04/2023;Glasgow Depot;Scotland;PB-15;Powered Barrow;3;38.43;ACC0248;open;N
H103564;06/08/2023;Glasgow Depot;Scotland;SC-22;Scissor Lift 22ft;1;83.92;ACC0039;completed;N
H103565;05/02/2024;Cardiff Depot;Wales;SF-TOW;Site Tower Light;7;54.89;ACC0232;completed;Y
H103566;19/10/2024;Bristol Depot;South West;CM-350;Concrete Mixer 350L;5;36.58;ACC0258;completed;N
H103567;28/01/2024;Glasgow Depot;Scotland;SF-TOW;Site Tower Light;3;50.57;ACC0217;completed;Y
H103568;18/08/2023;Cardiff Depot;Wales;SF-TOW;Site Tower Light;1;48.28;ACC0173;completed;Y
H103569;10/06/2023;Glasgow Depot;Scotland;GEN-60;60kVA Generator;1;91.55;ACC0207;completed;Y
H103570;24/04/2024;Leeds Depot;North;PB-15;Powered Barrow;1;44.17;ACC0082;completed;Y
H103571;13/04/2023;Bristol Depot;South West;WP-02;Water Pump 2in;1;21.34;ACC0191;completed;Y
H103572;12/07/2024;Norwich Depot;East;DM-09;Diesel Dumper 9T;3;134.54;;completed;Y
H103573;22/10/2023;Bristol Depot;South West;EX-140;13T Excavator;1;321.65;ACC0002;completed;Y
H103574;15/05/2023;Cardiff Depot;Wales;HD-BRK;Hydraulic Breaker;2;63.48;ACC0050;completed;Y
H103575;09/06/2024;Leeds Depot;North;CM-350;Concrete Mixer 350L;3;35.44;ACC0254;completed;Y
H103576;03/02/2024;Bristol Depot;South West;PB-15;Powered Barrow;2;38.7;ACC0177;completed;Y
H103577;30/07/2023;Bristol Depot;South West;PB-15;Powered Barrow;2;40.86;ACC0186;completed;Y
H103578;15/09/2023;Leeds Depot;North;SC-22;Scissor Lift 22ft;-1;82.08;ACC0198;cancelled;Y
H103579;05/11/2023;Cardiff Depot;Wales;CM-350;Concrete Mixer 350L;3;36.26;ACC0223;completed;Y
H103580;26/09/2023;Cardiff Depot;Wales;HD-BRK;Hydraulic Breaker;1;64.11;ACC0085;completed;N
H103581;22/03/2024;Leeds Depot;North;HD-BRK;Hydraulic Breaker;1;59.83;ACC0054;completed;Y
H103582;27/06/2024;Norwich Depot;East;EX-140;13T Excavator;1;323.87;ACC0097;completed;N
H103583;12/11/2024;Leeds Depot;North;EX-140;13T Excavator;2;326.83;ACC0035;completed;Y
H103584;19/11/2024;Bristol Depot;South West;WP-02;Water Pump 2in;28;21.82;ACC0021;completed;Y
H103585;24/08/2024;Bristol Depot;South West;WP-02;Water Pump 2in;-1;21.03;ACC0045;cancelled;N
H103586;02/07/2024;Cardiff Depot;Wales;SF-TOW;Site Tower Light;7;49.08;ACC0149;completed;Y
H103587;18/09/2023;Norwich Depot;East;EX-140;13T Excavator;14;300.71;ACC0199;completed;Y
H103588;30/05/2024;Cardiff Depot;Wales;DM-09;Diesel Dumper 9T;1;139.27;;completed;N
H103589;27/12/2023;Glasgow Depot;Scotland;CM-350;Concrete Mixer 350L;3;34.32;ACC0011;completed;N
H103590;27/09/2024;Bristol Depot;South West;DM-09;Diesel Dumper 9T;2;151.13;;completed;Y
H103591;11/09/2024;Leeds Depot;North;CM-350;Concrete Mixer 350L;1;33.03;ACC0132;completed;Y
H103592;21/12/2024;Leeds Depot;North;CM-350;Concrete Mixer 350L;5;34.53;;completed;Y
H103593;17/03/2024;Norwich Depot;East;SF-TOW;Site Tower Light;28;48.87;;completed;Y
H103594;13/11/2023;Norwich Depot;East;PB-15;Powered Barrow;2;41.44;ACC0087;completed;Y
H103595;27/10/2023;Cardiff Depot;Wales;GEN-60;60kVA Generator;5;102.05;ACC0015;completed;Y
H103596;19/07/2023;Leeds Depot;North;EX-140;13T Excavator;2;294.34;ACC0214;completed;Y
H103597;23/08/2024;Leeds Depot;North;SF-TOW;Site Tower Light;14;53.93;ACC0247;completed;Y
H103598;05/06/2024;Bristol Depot;South West;CM-350;Concrete Mixer 350L;3;36.23;ACC0021;completed;N
H103599;05/06/2024;Glasgow Depot;Scotland;CM-350;Concrete Mixer 350L;3;35.73;ACC0128;completed;Y
H103600;31/07/2024;Bristol Depot;South West;GEN-60;60kVA Generator;1;91.34;ACC0098;completed;Y
H103601;18/01/2024;Leeds Depot;North;EX-140;13T Excavator;2;315.87;ACC0174;open;Y
H103602;20/01/2024;Bristol Depot;South West;HD-BRK;Hydraulic Breaker;7;63.51;ACC0077;completed;Y
H103603;28/09/2023;Glasgow Depot;Scotland;CM-350;Concrete Mixer 350L;3;32.29;ACC0115;completed;Y
H103604;17/07/2023;Glasgow Depot;Scotland;HD-BRK;Hydraulic Breaker;14;67.72;ACC0070;completed;Y
H103605;22/05/2023;Leeds Depot;North;GEN-60;60kVA Generator;5;97.35;ACC0225;completed;Y
H103606;07/06/2024;Cardiff Depot;Wales;WP-02;Water Pump 2in;7;22.14;ACC0214;completed;N
H103607;09/08/2023;Cardiff Depot;Wales;HD-BRK;Hydraulic Breaker;5;60.94;ACC0159;completed;Y
H103608;23/07/2024;Bristol Depot;South West;DM-09;Diesel Dumper 9T;3;143.88;ACC0092;completed;Y
H103609;27/09/2023;Bristol Depot;South West;SC-22;Scissor Lift 22ft;7;73.84;;completed;Y
H103610;15/04/2023;Cardiff Depot;Wales;SF-TOW;Site Tower Light;1;49.59;ACC0104;completed;Y
H103611;24/11/2024;Cardiff Depot;Wales;GEN-60;60kVA Generator;14;92.5;ACC0198;completed;Y
H103612;12/12/2024;Norwich Depot;East;GEN-60;60kVA Generator;5;89.32;;completed;Y
H103613;05/12/2024;Glasgow Depot;Scotland;EX-140;13T Excavator;7;297.75;ACC0243;completed;Y
H103614;18/04/2024;Glasgow Depot;Scotland;CM-350;Concrete Mixer 350L;2;35.56;ACC0038;completed;Y
H103615;19/03/2024;Bristol Depot;South West;WP-02;Water Pump 2in;14;24.22;ACC0197;completed;Y
H103616;05/05/2024;Glasgow Depot;Scotland;SF-TOW;Site Tower Light;1;53.68;ACC0235;completed;Y
H103617;18/12/2023;Glasgow Depot;Scotland;GEN-60;60kVA Generator;1;92.86;ACC0208;completed;Y
H103618;09/11/2023;Bristol Depot;South West;SF-TOW;Site Tower Light;28;53.39;ACC0060;open;Y
H103619;06/03/2024;Norwich Depot;East;GEN-60;60kVA Generator;1;89.32;ACC0134;completed;Y
H103620;31/03/2024;Norwich Depot;East;CM-350;Concrete Mixer 350L;14;32.49;ACC0231;completed;Y
H103621;18/12/2023;Bristol Depot;South West;WP-02;Water Pump 2in;1;24.29;;completed;N
H103622;16/08/2023;Bristol Depot;South West;GEN-60;60kVA Generator;1;98.79;ACC0149;completed;Y
H103623;16/05/2024;Norwich Depot;East;SC-22;Scissor Lift 22ft;1;72.76;ACC0241;completed;Y
H103624;10/03/2024;Glasgow Depot;Scotland;SF-TOW;Site Tower Light;3;48.5;ACC0230;completed;Y
H103625;05/08/2023;Bristol Depot;South West;SF-TOW;Site Tower Light;1;50.55;ACC0036;completed;Y
H103626;19/05/2024;Cardiff Depot;Wales;CM-350;Concrete Mixer 350L;3;35.33;ACC0045;completed;Y
H103627;04/09/2024;Leeds Depot;North;GEN-60;60kVA Generator;3;88.74;ACC0003;completed;N
H103628;26/04/2023;Leeds Depot;North;TL-01;Telehandler 4m;5;173.96;ACC0190;completed;N
H103629;22/12/2024;Glasgow Depot;Scotland;CM-350;Concrete Mixer 350L;1;31.32;;completed;Y
H103630;23/08/2023;Leeds Depot;North;SC-22;Scissor Lift 22ft;7;77.48;ACC0180;completed;Y
H103631;24/11/2024;Leeds Depot;North;SC-22;Scissor Lift 22ft;1;83.95;ACC0116;completed;Y
H103632;28/07/2023;Bristol Depot;South West;GEN-60;60kVA Generator;1;102.96;ACC0194;completed;Y
H103633;08/06/2023;Bristol Depot;South West;GEN-60;60kVA Generator;5;89.6;ACC0093;completed;Y
H103634;15/08/2024;Glasgow Depot;Scotland;GEN-60;60kVA Generator;7;103.33;ACC0219;completed;Y
H103635;05/11/2023;Leeds Depot;North;WP-02;Water Pump 2in;7;23.23;ACC0136;completed;N
H103636;09/08/2023;Bristol Depot;South West;CM-350;Concrete Mixer 350L;2;35.63;ACC0044;completed;Y
H103637;15/12/2024;Bristol Depot;South West;WP-02;Water Pump 2in;1;22.65;ACC0019;completed;Y
H103638;04/07/2023;Norwich Depot;East;PB-15;Powered Barrow;3;39.27;ACC0252;completed;Y
H103639;05/08/2023;Norwich Depot;East;CM-350;Concrete Mixer 350L;14;36.53;ACC0019;completed;Y
H103640;23/12/2024;Norwich Depot;East;SC-22;Scissor Lift 22ft;5;75.49;ACC0116;completed;N
H103641;14/10/2024;Cardiff Depot;Wales;GEN-60;60kVA Generator;3;92.81;ACC0239;completed;Y
H103642;02/11/2023;Cardiff Depot;Wales;SF-TOW;Site Tower Light;1;49.22;ACC0248;completed;Y
H103643;07/07/2023;Norwich Depot;East;SC-22;Scissor Lift 22ft;2;79.79;ACC0041;completed;Y
H103644;20/12/2024;Glasgow Depot;Scotland;WP-02;Water Pump 2in;1;21.69;ACC0224;completed;Y
H103645;15/04/2024;Cardiff Depot;Wales;TL-01;Telehandler 4m;2;181.96;ACC0102;completed;N
H103646;02/11/2024;Norwich Depot;East;DM-09;Diesel Dumper 9T;1;135.66;ACC0126;completed;Y
H103647;26/10/2024;Leeds Depot;North;WP-02;Water Pump 2in;7;23.51;ACC0057;completed;Y
H103648;21/01/2024;Leeds Depot;North;EX-140;13T Excavator;1;305.41;ACC0097;completed;Y
H103649;30/09/2024;Glasgow Depot;Scotland;DM-09;Diesel Dumper 9T;5;154.42;ACC0160;completed;N
H103650;01/12/2023;Glasgow Depot;Scotland;WP-02;Water Pump 2in;3;23.47;ACC0059;completed;Y
H103651;24/10/2023;Norwich Depot;East;TL-01;Telehandler 4m;2;195.0;ACC0217;completed;N
H103652;27/07/2024;Cardiff Depot;Wales;WP-02;Water Pump 2in;5;22.51;ACC0175;completed;Y
H103653;21/10/2023;Leeds Depot;North;HD-BRK;Hydraulic Breaker;-7;67.29;ACC0048;cancelled;N
H103654;30/05/2024;Norwich Depot;East;GEN-60;60kVA Generator;2;102.29;ACC0173;completed;Y
H103655;10/01/2024;Glasgow Depot;Scotland;DM-09;Diesel Dumper 9T;5;142.75;ACC0257;completed;Y
H103656;26/05/2024;Cardiff Depot;Wales;PB-15;Powered Barrow;-7;42.97;ACC0152;cancelled;Y
H103657;29/10/2023;Norwich Depot;East;CM-350;Concrete Mixer 350L;2;33.81;ACC0046;completed;N
H103658;18/11/2024;Norwich Depot;East;CM-350;Concrete Mixer 350L;5;33.99;ACC0185;completed;Y
H103659;14/08/2024;Leeds Depot;North;CM-350;Concrete Mixer 350L;5;34.55;;completed;Y
H103660;26/06/2024;Cardiff Depot;Wales;WP-02;Water Pump 2in;28;23.27;ACC0232;completed;Y
H103661;04/12/2024;Cardiff Depot;Wales;WP-02;Water Pump 2in;2;23.81;ACC0238;completed;Y
H103662;06/05/2024;Glasgow Depot;Scotland;SC-22;Scissor Lift 22ft;2;83.74;ACC0163;completed;Y
H103663;02/12/2023;Norwich Depot;East;WP-02;Water Pump 2in;-1;21.26;;cancelled;Y
H103664;17/08/2024;Cardiff Depot;Wales;TL-01;Telehandler 4m;2;183.22;ACC0042;completed;Y
H103665;25/06/2023;Norwich Depot;East;SC-22;Scissor Lift 22ft;5;78.65;ACC0106;completed;Y
H103666;25/09/2023;Glasgow Depot;Scotland;GEN-60;60kVA Generator;7;101.72;;completed;Y
H103667;18/11/2023;Glasgow Depot;Scotland;CM-350;Concrete Mixer 350L;2;33.42;ACC0157;completed;Y
H103668;10/11/2024;Bristol Depot;South West;TL-01;Telehandler 4m;3;187.87;ACC0006;completed;Y
H103669;07/05/2024;Glasgow Depot;Scotland;SC-22;Scissor Lift 22ft;2;84.34;ACC0174;completed;Y
H103670;08/11/2024;Leeds Depot;North;WP-02;Water Pump 2in;1;22.68;ACC0002;completed;Y
H103671;26/12/2023;Cardiff Depot;Wales;TL-01;Telehandler 4m;1;177.35;ACC0138;open;Y
H103672;28/08/2024;Glasgow Depot;Scotland;WP-02;Water Pump 2in;5;23.25;;completed;Y
H103673;04/11/2024;Leeds Depot;North;PB-15;Powered Barrow;-7;39.2;ACC0020;cancelled;Y
H103674;02/11/2023;Glasgow Depot;Scotland;SC-22;Scissor Lift 22ft;14;82.12;ACC0114;completed;Y
H103675;23/09/2023;Cardiff Depot;Wales;EX-140;13T Excavator;-3;333.39;;cancelled;Y
H103676;10/04/2024;Norwich Depot;East;GEN-60;60kVA Generator;1;91.84;ACC0200;completed;Y
H103677;28/04/2024;Bristol Depot;South West;PB-15;Powered Barrow;1;42.13;ACC0133;completed;N
H103678;13/02/2024;Bristol Depot;South West;SF-TOW;Site Tower Light;1;54.84;ACC0196;completed;Y
H103679;24/10/2024;Leeds Depot;North;WP-02;Water Pump 2in;14;24.02;ACC0096;completed;Y
H103680;26/04/2024;Glasgow Depot;Scotland;CM-350;Concrete Mixer 350L;1;31.32;ACC0143;completed;Y
H103681;09/09/2023;Glasgow Depot;Scotland;GEN-60;60kVA Generator;3;100.78;ACC0048;completed;Y
H103682;04/02/2024;Bristol Depot;South West;CM-350;Concrete Mixer 350L;14;35.93;;completed;Y
H103683;10/09/2023;Glasgow Depot;Scotland;WP-02;Water Pump 2in;14;20.83;ACC0057;completed;Y
H103684;02/09/2024;Cardiff Depot;Wales;TL-01;Telehandler 4m;3;174.7;;completed;Y
H103685;05/01/2024;Bristol Depot;South West;CM-350;Concrete Mixer 350L;2;33.95;ACC0213;completed;Y
H103686;20/05/2024;Glasgow Depot;Scotland;SF-TOW;Site Tower Light;1;47.94;ACC0098;completed;N
H103687;27/11/2023;Norwich Depot;East;CM-350;Concrete Mixer 350L;3;32.73;ACC0040;completed;Y
H103688;05/10/2023;Norwich Depot;East;CM-350;Concrete Mixer 350L;7;32.04;ACC0144;completed;N
H103689;29/11/2024;Leeds Depot;North;CM-350;Concrete Mixer 350L;1;36.32;ACC0062;completed;N
H103690;12/06/2023;Bristol Depot;South West;WP-02;Water Pump 2in;3;23.82;ACC0063;completed;Y
H103691;15/08/2023;Leeds Depot;North;CM-350;Concrete Mixer 350L;1;33.56;ACC0241;completed;Y
H103692;18/03/2024;Norwich Depot;East;WP-02;Water Pump 2in;1;24.05;ACC0233;completed;N
H103693;10/02/2024;Norwich Depot;East;HD-BRK;Hydraulic Breaker;3;63.29;ACC0020;completed;Y
H103694;03/01/2024;Glasgow Depot;Scotland;TL-01;Telehandler 4m;3;197.44;ACC0030;completed;Y
H103695;22/04/2023;Glasgow Depot;Scotland;WP-02;Water Pump 2in;2;23.93;ACC0100;completed;Y
H103696;09/04/2023;Norwich Depot;East;SC-22;Scissor Lift 22ft;2;72.62;ACC0163;completed;Y
H103697;20/06/2023;Leeds Depot;North;WP-02;Water Pump 2in;5;23.36;ACC0036;completed;Y
H103698;26/09/2024;Bristol Depot;South West;CM-350;Concrete Mixer 350L;3;32.65;ACC0112;completed;N
H103699;16/05/2023;Glasgow Depot;Scotland;WP-02;Water Pump 2in;1;22.2;ACC0111;completed;Y
H103700;10/09/2024;Bristol Depot;South West;PB-15;Powered Barrow;3;38.04;ACC0100;completed;Y
H103701;01/06/2023;Cardiff Depot;Wales;PB-15;Powered Barrow;2;39.85;ACC0036;completed;Y
H103702;08/10/2024;Bristol Depot;South West;PB-15;Powered Barrow;14;39.86;ACC0078;completed;N
H103703;12/01/2024;Leeds Depot;North;DM-09;Diesel Dumper 9T;-1;147.32;ACC0231;cancelled;Y
H103704;30/06/2024;Bristol Depot;South West;TL-01;Telehandler 4m;5;192.08;ACC0087;completed;Y
H103705;09/05/2024;Norwich Depot;East;PB-15;Powered Barrow;1;43.37;ACC0238;completed;Y
H103706;18/06/2023;Leeds Depot;North;HD-BRK;Hydraulic Breaker;3;63.22;ACC0170;completed;N
H103707;03/01/2024;Glasgow Depot;Scotland;WP-02;Water Pump 2in;2;23.27;;completed;Y
H103708;26/11/2024;Bristol Depot;South West;SC-22;Scissor Lift 22ft;2;83.77;;completed;Y
H103709;18/06/2023;Leeds Depot;North;GEN-60;60kVA Generator;5;103.34;ACC0035;completed;N
H103710;31/05/2023;Leeds Depot;North;CM-350;Concrete Mixer 350L;-2;32.37;ACC0078;cancelled;Y
H103711;03/12/2024;Norwich Depot;East;CM-350;Concrete Mixer 350L;14;31.74;ACC0017;open;Y
H103712;18/06/2024;Leeds Depot;North;SF-TOW;Site Tower Light;7;51.92;;completed;Y
H103713;21/01/2024;Cardiff Depot;Wales;GEN-60;60kVA Generator;1;96.54;ACC0115;completed;Y
H103714;16/05/2024;Norwich Depot;East;DM-09;Diesel Dumper 9T;3;145.61;ACC0105;completed;N
H103715;15/07/2023;Cardiff Depot;Wales;SC-22;Scissor Lift 22ft;1;79.37;ACC0045;completed;Y
H103716;04/10/2023;Cardiff Depot;Wales;EX-140;13T Excavator;14;305.94;ACC0124;completed;N
H103717;23/09/2023;Leeds Depot;North;WP-02;Water Pump 2in;2;23.82;ACC0065;completed;Y
H103718;19/11/2023;Glasgow Depot;Scotland;TL-01;Telehandler 4m;3;176.39;;completed;Y
H103719;22/02/2024;Norwich Depot;East;WP-02;Water Pump 2in;14;21.37;ACC0070;completed;Y
H103720;12/10/2023;Leeds Depot;North;GEN-60;60kVA Generator;1;89.32;ACC0252;completed;Y
H103721;09/07/2023;Glasgow Depot;Scotland;PB-15;Powered Barrow;7;38.67;ACC0072;completed;N
H103722;21/06/2024;Norwich Depot;East;DM-09;Diesel Dumper 9T;14;153.77;ACC0135;open;Y
H103723;02/04/2023;Leeds Depot;North;DM-09;Diesel Dumper 9T;2;149.95;ACC0249;completed;N
H103724;26/07/2024;Bristol Depot;South West;WP-02;Water Pump 2in;7;21.5;ACC0078;completed;Y
H103725;30/07/2024;Cardiff Depot;Wales;SC-22;Scissor Lift 22ft;2;84.23;ACC0150;completed;Y
H103726;23/08/2024;Glasgow Depot;Scotland;WP-02;Water Pump 2in;-1;22.95;ACC0079;cancelled;Y
H103727;04/04/2023;Bristol Depot;South West;GEN-60;60kVA Generator;28;96.17;ACC0246;completed;Y
H103728;20/11/2024;Cardiff Depot;Wales;PB-15;Powered Barrow;7;42.41;ACC0050;completed;Y
H103729;12/02/2024;Glasgow Depot;Scotland;TL-01;Telehandler 4m;2;182.37;ACC0239;completed;Y
H103730;28/08/2024;Leeds Depot;North;HD-BRK;Hydraulic Breaker;-2;65.04;ACC0260;cancelled;Y
H103731;02/08/2024;Leeds Depot;North;EX-140;13T Excavator;3;300.74;ACC0148;completed;Y
H103732;13/12/2024;Leeds Depot;North;HD-BRK;Hydraulic Breaker;2;63.9;ACC0099;completed;Y
H103733;16/06/2023;Norwich Depot;East;EX-140;13T Excavator;-7;301.17;ACC0104;cancelled;Y
H103734;16/05/2023;Leeds Depot;North;SC-22;Scissor Lift 22ft;2;73.11;ACC0090;completed;Y
H103735;07/08/2023;Glasgow Depot;Scotland;PB-15;Powered Barrow;3;41.46;ACC0160;completed;Y
H103736;12/11/2023;Cardiff Depot;Wales;PB-15;Powered Barrow;3;39.21;ACC0087;completed;Y
H103737;21/02/2024;Cardiff Depot;Wales;SF-TOW;Site Tower Light;7;52.98;ACC0170;completed;Y
H103738;10/05/2024;Glasgow Depot;Scotland;SF-TOW;Site Tower Light;7;49.16;ACC0079;completed;Y
H103739;21/01/2024;Leeds Depot;North;TL-01;Telehandler 4m;14;187.88;ACC0134;completed;Y
H103740;09/01/2024;Norwich Depot;East;DM-09;Diesel Dumper 9T;28;153.67;;completed;Y
H103741;04/03/2024;Bristol Depot;South West;WP-02;Water Pump 2in;1;23.49;ACC0230;completed;Y
H103742;14/08/2024;Cardiff Depot;Wales;SF-TOW;Site Tower Light;3;52.85;ACC0120;completed;Y
H103743;22/10/2024;Norwich Depot;East;SF-TOW;Site Tower Light;1;52.79;ACC0012;completed;Y
H103744;05/06/2024;Leeds Depot;North;HD-BRK;Hydraulic Breaker;1;69.03;ACC0006;completed;Y
H103745;22/07/2024;Norwich Depot;East;HD-BRK;Hydraulic Breaker;3;66.71;ACC0065;completed;Y
H103746;22/04/2024;Cardiff Depot;Wales;CM-350;Concrete Mixer 350L;3;34.87;ACC0058;completed;Y
H103747;28/08/2023;Leeds Depot;North;CM-350;Concrete Mixer 350L;2;32.52;ACC0237;completed;N
H103748;11/01/2024;Cardiff Depot;Wales;WP-02;Water Pump 2in;3;21.74;ACC0236;completed;Y
H103749;20/07/2023;Glasgow Depot;Scotland;EX-140;13T Excavator;14;316.44;ACC0168;completed;Y
H103750;30/08/2023;Leeds Depot;North;DM-09;Diesel Dumper 9T;2;137.11;ACC0218;completed;Y
H103751;05/08/2023;Leeds Depot;North;TL-01;Telehandler 4m;28;188.66;ACC0106;completed;Y
H103752;12/06/2024;Bristol Depot;South West;HD-BRK;Hydraulic Breaker;1;65.71;ACC0099;completed;Y
H103753;21/04/2024;Leeds Depot;North;WP-02;Water Pump 2in;2;22.52;ACC0216;completed;Y
H103754;21/11/2024;Leeds Depot;North;EX-140;13T Excavator;2;300.4;ACC0099;completed;Y
H103755;23/11/2024;Leeds Depot;North;DM-09;Diesel Dumper 9T;7;153.25;ACC0118;completed;Y
H103756;05/07/2024;Glasgow Depot;Scotland;SF-TOW;Site Tower Light;1;48.59;ACC0259;completed;Y
H103757;31/01/2024;Leeds Depot;North;DM-09;Diesel Dumper 9T;3;151.67;;completed;Y
H103758;16/03/2024;Leeds Depot;North;CM-350;Concrete Mixer 350L;5;31.4;ACC0131;completed;Y
H103759;31/10/2023;Glasgow Depot;Scotland;WP-02;Water Pump 2in;2;23.01;ACC0217;completed;Y
H103760;02/10/2024;Bristol Depot;South West;CM-350;Concrete Mixer 350L;3;34.07;ACC0058;completed;Y
H103761;03/07/2024;Cardiff Depot;Wales;CM-350;Concrete Mixer 350L;2;36.51;ACC0207;completed;Y
H103762;18/01/2024;Cardiff Depot;Wales;TL-01;Telehandler 4m;5;177.71;ACC0083;completed;N
H103763;31/12/2024;Glasgow Depot;Scotland;CM-350;Concrete Mixer 350L;1;32.94;ACC0150;open;Y
H103764;15/11/2024;Cardiff Depot;Wales;CM-350;Concrete Mixer 350L;1;34.83;ACC0252;completed;Y
H103765;19/10/2023;Bristol Depot;South West;CM-350;Concrete Mixer 350L;1;33.01;ACC0174;completed;Y
H103766;07/03/2024;Bristol Depot;South West;WP-02;Water Pump 2in;3;21.47;;completed;Y
H103767;15/02/2024;Glasgow Depot;Scotland;WP-02;Water Pump 2in;7;21.03;ACC0096;completed;N
H103768;12/06/2023;Norwich Depot;East;WP-02;Water Pump 2in;5;21.9;ACC0224;completed;Y
H103769;21/10/2023;Bristol Depot;South West;HD-BRK;Hydraulic Breaker;-5;68.19;ACC0162;cancelled;Y
H103770;12/09/2023;Bristol Depot;South West;SF-TOW;Site Tower Light;3;55.43;ACC0123;completed;N
H103771;05/10/2023;Norwich Depot;East;HD-BRK;Hydraulic Breaker;14;60.63;ACC0244;completed;Y
H103772;02/08/2023;Cardiff Depot;Wales;DM-09;Diesel Dumper 9T;3;142.66;;completed;N
H103773;03/09/2024;Norwich Depot;East;HD-BRK;Hydraulic Breaker;3;66.88;ACC0082;completed;Y
H103774;04/11/2023;Cardiff Depot;Wales;DM-09;Diesel Dumper 9T;-1;151.55;ACC0256;cancelled;Y
H103775;03/10/2023;Glasgow Depot;Scotland;EX-140;13T Excavator;1;327.32;ACC0060;completed;N
H103776;01/09/2023;Leeds Depot;North;GEN-60;60kVA Generator;1;103.03;ACC0008;completed;Y
H103777;23/01/2024;Cardiff Depot;Wales;HD-BRK;Hydraulic Breaker;1;64.09;ACC0077;completed;Y
H103778;17/02/2024;Norwich Depot;East;SC-22;Scissor Lift 22ft;3;76.52;ACC0110;completed;Y
H103779;17/09/2023;Norwich Depot;East;SC-22;Scissor Lift 22ft;5;78.87;ACC0056;completed;Y
H103780;20/05/2023;Glasgow Depot;Scotland;PB-15;Powered Barrow;1;38.49;ACC0179;completed;Y
H103781;25/01/2024;Cardiff Depot;Wales;CM-350;Concrete Mixer 350L;1;31.64;ACC0125;completed;Y
H103782;12/04/2023;Bristol Depot;South West;GEN-60;60kVA Generator;7;99.06;ACC0236;completed;Y
H103783;13/10/2023;Cardiff Depot;Wales;SC-22;Scissor Lift 22ft;2;75.23;ACC0205;completed;Y
H103784;07/04/2024;Glasgow Depot;Scotland;HD-BRK;Hydraulic Breaker;2;68.38;ACC0052;completed;Y
H103785;05/08/2024;Glasgow Depot;Scotland;GEN-60;60kVA Generator;2;95.78;ACC0250;completed;Y
H103786;14/08/2023;Leeds Depot;North;WP-02;Water Pump 2in;5;22.06;ACC0035;completed;N
H103787;09/02/2024;Norwich Depot;East;HD-BRK;Hydraulic Breaker;2;62.85;ACC0069;completed;Y
H103788;15/01/2024;Norwich Depot;East;TL-01;Telehandler 4m;3;174.61;;completed;Y
H103789;23/12/2023;Leeds Depot;North;WP-02;Water Pump 2in;1;22.83;ACC0134;completed;Y
H103790;25/05/2023;Bristol Depot;South West;SF-TOW;Site Tower Light;28;52.48;ACC0088;completed;Y
H103791;30/11/2024;Leeds Depot;North;GEN-60;60kVA Generator;5;89.94;ACC0126;completed;Y
H103792;23/06/2023;Glasgow Depot;Scotland;SC-22;Scissor Lift 22ft;-1;79.67;ACC0255;cancelled;N
H103793;01/11/2023;Leeds Depot;North;WP-02;Water Pump 2in;1;22.4;ACC0165;completed;Y
H103794;18/11/2024;Leeds Depot;North;EX-140;13T Excavator;3;289.79;ACC0155;completed;N
H103795;31/07/2023;Norwich Depot;East;WP-02;Water Pump 2in;-1;20.78;ACC0156;cancelled;Y
H103796;17/10/2023;Leeds Depot;North;PB-15;Powered Barrow;2;41.14;ACC0035;completed;Y
H103797;29/11/2023;Leeds Depot;North;WP-02;Water Pump 2in;2;23.19;ACC0200;completed;N
H103798;28/05/2024;Leeds Depot;North;SC-22;Scissor Lift 22ft;-1;77.07;;cancelled;Y
H103799;30/04/2023;Leeds Depot;North;TL-01;Telehandler 4m;1;195.31;ACC0123;completed;Y
H103800;27/03/2024;Leeds Depot;North;EX-140;13T Excavator;1;326.26;ACC0123;completed;Y
H103801;27/08/2024;Cardiff Depot;Wales;CM-350;Concrete Mixer 350L;7;36.02;ACC0118;completed;Y
H103802;07/09/2024;Norwich Depot;East;TL-01;Telehandler 4m;7;177.27;ACC0223;completed;Y
H103803;16/12/2023;Glasgow Depot;Scotland;GEN-60;60kVA Generator;1;91.76;ACC0196;completed;Y
H103804;22/07/2024;Leeds Depot;North;WP-02;Water Pump 2in;1;21.62;ACC0126;completed;Y
H103805;15/12/2023;Glasgow Depot;Scotland;GEN-60;60kVA Generator;3;92.3;;open;Y
H103806;03/08/2023;Bristol Depot;South West;WP-02;Water Pump 2in;3;21.27;ACC0044;completed;N
H103807;11/11/2024;Norwich Depot;East;SC-22;Scissor Lift 22ft;2;78.63;ACC0233;completed;N
H103808;24/10/2023;Norwich Depot;East;PB-15;Powered Barrow;3;44.19;ACC0002;completed;Y
H103809;10/07/2023;Cardiff Depot;Wales;CM-350;Concrete Mixer 350L;5;32.33;ACC0118;completed;N
H103810;11/10/2024;Cardiff Depot;Wales;DM-09;Diesel Dumper 9T;-1;134.47;ACC0258;cancelled;Y
H103811;22/11/2024;Leeds Depot;North;SC-22;Scissor Lift 22ft;-1;72.33;ACC0249;cancelled;Y
H103812;07/06/2023;Bristol Depot;South West;HD-BRK;Hydraulic Breaker;2;63.66;;completed;Y
H103813;23/10/2024;Leeds Depot;North;EX-140;13T Excavator;7;295.62;ACC0047;completed;N
H103814;23/07/2024;Glasgow Depot;Scotland;GEN-60;60kVA Generator;2;96.6;ACC0018;completed;Y
H103815;13/12/2024;Glasgow Depot;Scotland;WP-02;Water Pump 2in;1;21.73;ACC0177;completed;Y
H103816;14/04/2023;Norwich Depot;East;CM-350;Concrete Mixer 350L;1;33.46;ACC0199;completed;Y
H103817;29/06/2024;Norwich Depot;East;DM-09;Diesel Dumper 9T;-2;155.87;ACC0089;cancelled;Y
H103818;28/04/2023;Bristol Depot;South West;HD-BRK;Hydraulic Breaker;2;60.86;ACC0191;completed;Y
H103819;02/10/2024;Norwich Depot;East;CM-350;Concrete Mixer 350L;1;31.77;ACC0185;completed;Y
H103820;22/04/2024;Glasgow Depot;Scotland;PB-15;Powered Barrow;-1;40.11;ACC0120;cancelled;N
H103821;24/07/2024;Cardiff Depot;Wales;GEN-60;60kVA Generator;5;94.19;ACC0013;completed;Y
H103822;20/08/2024;Norwich Depot;East;PB-15;Powered Barrow;1;42.46;ACC0129;completed;Y
H103823;24/06/2024;Leeds Depot;North;WP-02;Water Pump 2in;3;24.08;ACC0095;completed;Y
H103824;11/02/2024;Cardiff Depot;Wales;SF-TOW;Site Tower Light;3;55.02;ACC0146;completed;N
H103825;14/02/2024;Bristol Depot;South West;SF-TOW;Site Tower Light;2;55.38;ACC0258;completed;Y
H103826;02/09/2024;Bristol Depot;South West;WP-02;Water Pump 2in;3;24.18;ACC0127;completed;Y
H103827;24/05/2024;Cardiff Depot;Wales;SF-TOW;Site Tower Light;1;49.87;ACC0199;completed;Y
H103828;02/08/2023;Leeds Depot;North;CM-350;Concrete Mixer 350L;14;32.73;;completed;Y
H103829;24/06/2024;Bristol Depot;South West;SF-TOW;Site Tower Light;1;55.86;ACC0061;completed;Y
H103830;03/01/2024;Bristol Depot;South West;EX-140;13T Excavator;2;286.15;ACC0001;completed;Y
H103831;06/03/2024;Glasgow Depot;Scotland;GEN-60;60kVA Generator;2;90.54;ACC0199;completed;Y
H103832;17/05/2024;Norwich Depot;East;TL-01;Telehandler 4m;7;202.23;ACC0219;completed;Y
H103833;04/09/2024;Norwich Depot;East;SF-TOW;Site Tower Light;7;52.89;ACC0105;completed;N
H103834;22/08/2023;Cardiff Depot;Wales;PB-15;Powered Barrow;3;40.16;ACC0040;completed;N
H103835;05/08/2023;Norwich Depot;East;GEN-60;60kVA Generator;7;99.0;ACC0119;completed;N
H103836;28/10/2023;Norwich Depot;East;SF-TOW;Site Tower Light;2;51.71;ACC0007;completed;Y
H103837;27/08/2023;Cardiff Depot;Wales;WP-02;Water Pump 2in;1;20.83;ACC0154;completed;Y
H103838;21/09/2023;Leeds Depot;North;WP-02;Water Pump 2in;-1;21.3;ACC0093;cancelled;Y
H103839;10/06/2024;Norwich Depot;East;DM-09;Diesel Dumper 9T;7;153.94;ACC0255;completed;Y
H103840;12/09/2024;Leeds Depot;North;SF-TOW;Site Tower Light;3;48.09;ACC0047;completed;Y
H103841;08/09/2023;Bristol Depot;South West;DM-09;Diesel Dumper 9T;1;147.62;ACC0041;completed;N
H103842;15/12/2023;Leeds Depot;North;SC-22;Scissor Lift 22ft;2;84.71;ACC0012;completed;Y
H103843;31/12/2023;Bristol Depot;South West;SF-TOW;Site Tower Light;1;54.3;ACC0013;completed;N
H103844;06/05/2023;Bristol Depot;South West;CM-350;Concrete Mixer 350L;-2;34.43;;cancelled;Y
H103845;01/02/2024;Leeds Depot;North;EX-140;13T Excavator;1;321.14;ACC0138;completed;Y
H103846;28/10/2023;Leeds Depot;North;DM-09;Diesel Dumper 9T;2;145.35;ACC0132;completed;N
H103847;04/07/2023;Bristol Depot;South West;CM-350;Concrete Mixer 350L;3;36.15;ACC0204;completed;Y
H103848;21/11/2023;Norwich Depot;East;DM-09;Diesel Dumper 9T;1;143.73;ACC0114;completed;N
H103849;27/07/2023;Norwich Depot;East;SC-22;Scissor Lift 22ft;5;79.82;ACC0018;completed;Y
H103850;30/04/2024;Leeds Depot;North;TL-01;Telehandler 4m;1;181.63;ACC0155;completed;N
H103851;31/01/2024;Cardiff Depot;Wales;CM-350;Concrete Mixer 350L;1;36.47;ACC0240;completed;Y
H103852;13/03/2024;Norwich Depot;East;CM-350;Concrete Mixer 350L;1;34.1;ACC0092;completed;Y
H103853;13/07/2023;Norwich Depot;East;PB-15;Powered Barrow;1;39.42;ACC0116;completed;Y
H103854;14/05/2023;Cardiff Depot;Wales;TL-01;Telehandler 4m;1;184.65;ACC0151;completed;Y
H103855;23/11/2023;Norwich Depot;East;DM-09;Diesel Dumper 9T;5;153.07;ACC0061;completed;Y
H103856;19/06/2023;Norwich Depot;East;PB-15;Powered Barrow;1;43.7;ACC0163;completed;Y
H103857;18/06/2024;Leeds Depot;North;HD-BRK;Hydraulic Breaker;1;60.37;ACC0122;completed;Y
H103858;26/01/2024;Leeds Depot;North;GEN-60;60kVA Generator;2;98.7;ACC0225;completed;Y
H103859;23/04/2024;Leeds Depot;North;SC-22;Scissor Lift 22ft;3;72.23;ACC0089;completed;N
H103860;30/11/2024;Glasgow Depot;Scotland;HD-BRK;Hydraulic Breaker;1;62.91;ACC0122;completed;Y
H103861;07/08/2024;Norwich Depot;East;GEN-60;60kVA Generator;1;102.18;ACC0208;open;Y
H103862;26/09/2024;Leeds Depot;North;WP-02;Water Pump 2in;3;22.02;ACC0077;completed;Y
H103863;23/01/2024;Cardiff Depot;Wales;CM-350;Concrete Mixer 350L;1;31.43;ACC0155;completed;Y
H103864;05/07/2023;Norwich Depot;East;TL-01;Telehandler 4m;3;193.51;ACC0206;completed;Y
H103865;25/05/2024;Bristol Depot;South West;HD-BRK;Hydraulic Breaker;2;62.95;ACC0162;completed;Y
H103866;28/10/2023;Cardiff Depot;Wales;TL-01;Telehandler 4m;3;177.27;ACC0117;completed;Y
H103867;14/05/2023;Cardiff Depot;Wales;GEN-60;60kVA Generator;7;88.59;ACC0057;completed;Y
H103868;19/09/2023;Cardiff Depot;Wales;CM-350;Concrete Mixer 350L;5;33.0;ACC0240;completed;Y
H103869;06/09/2024;Bristol Depot;South West;SF-TOW;Site Tower Light;2;52.66;;completed;Y
H103870;16/05/2024;Cardiff Depot;Wales;PB-15;Powered Barrow;3;40.43;ACC0156;completed;Y
H103871;30/01/2024;Cardiff Depot;Wales;WP-02;Water Pump 2in;5;21.99;;completed;Y
H103872;13/12/2023;Cardiff Depot;Wales;EX-140;13T Excavator;3;299.23;ACC0006;completed;Y
H103873;14/11/2023;Glasgow Depot;Scotland;WP-02;Water Pump 2in;7;21.39;ACC0016;completed;Y
H103874;26/02/2024;Norwich Depot;East;GEN-60;60kVA Generator;1;101.52;ACC0123;completed;Y
H103875;05/01/2024;Glasgow Depot;Scotland;CM-350;Concrete Mixer 350L;1;32.96;ACC0133;completed;Y
H103876;23/07/2023;Glasgow Depot;Scotland;PB-15;Powered Barrow;7;43.59;ACC0017;completed;Y
H103877;12/07/2024;Glasgow Depot;Scotland;HD-BRK;Hydraulic Breaker;1;68.44;ACC0249;completed;Y
H103878;08/09/2024;Glasgow Depot;Scotland;SC-22;Scissor Lift 22ft;28;81.38;;completed;Y
H103879;26/05/2024;Norwich Depot;East;PB-15;Powered Barrow;1;42.88;ACC0125;completed;N
H103880;17/07/2024;Glasgow Depot;Scotland;DM-09;Diesel Dumper 9T;5;140.31;ACC0071;completed;N
H103881;12/07/2023;Bristol Depot;South West;WP-02;Water Pump 2in;5;23.5;ACC0251;completed;Y
H103882;01/10/2023;Cardiff Depot;Wales;CM-350;Concrete Mixer 350L;3;33.21;ACC0102;completed;Y
H103883;13/08/2024;Cardiff Depot;Wales;SF-TOW;Site Tower Light;5;52.91;ACC0112;completed;N
H103884;15/12/2024;Cardiff Depot;Wales;CM-350;Concrete Mixer 350L;1;33.84;;completed;Y
H103885;09/09/2023;Leeds Depot;North;GEN-60;60kVA Generator;3;91.21;ACC0133;completed;Y
H103886;23/06/2023;Bristol Depot;South West;DM-09;Diesel Dumper 9T;1;143.02;ACC0248;completed;Y
H103887;13/08/2024;Leeds Depot;North;HD-BRK;Hydraulic Breaker;1;68.83;;completed;N
H103888;01/09/2024;Bristol Depot;South West;SF-TOW;Site Tower Light;5;50.47;;completed;Y
H103889;01/02/2024;Cardiff Depot;Wales;SF-TOW;Site Tower Light;2;51.27;ACC0167;completed;Y
H103890;16/02/2024;Glasgow Depot;Scotland;HD-BRK;Hydraulic Breaker;7;60.95;ACC0082;completed;Y
H103891;30/12/2023;Cardiff Depot;Wales;SC-22;Scissor Lift 22ft;2;77.72;ACC0061;completed;Y
H103892;01/06/2023;Leeds Depot;North;PB-15;Powered Barrow;-5;38.61;ACC0094;cancelled;Y
H103893;20/06/2023;Glasgow Depot;Scotland;GEN-60;60kVA Generator;7;103.25;;completed;Y
H103894;05/07/2023;Bristol Depot;South West;SC-22;Scissor Lift 22ft;1;79.52;ACC0065;completed;Y
H103895;21/11/2024;Leeds Depot;North;GEN-60;60kVA Generator;1;99.16;ACC0173;completed;Y
H103896;19/11/2024;Leeds Depot;North;WP-02;Water Pump 2in;1;20.91;ACC0245;completed;Y
H103897;04/10/2024;Norwich Depot;East;SC-22;Scissor Lift 22ft;7;80.83;ACC0137;completed;N
H103898;11/06/2023;Bristol Depot;South West;TL-01;Telehandler 4m;2;186.71;;completed;Y
H103899;08/08/2024;Cardiff Depot;Wales;WP-02;Water Pump 2in;1;21.91;ACC0130;completed;Y
H103900;17/11/2023;Cardiff Depot;Wales;CM-350;Concrete Mixer 350L;1;35.31;ACC0041;completed;Y
H103901;14/06/2023;Bristol Depot;South West;DM-09;Diesel Dumper 9T;5;142.23;ACC0047;completed;N
H103902;25/11/2024;Glasgow Depot;Scotland;SC-22;Scissor Lift 22ft;1;79.45;ACC0145;completed;N
H103903;25/01/2024;Leeds Depot;North;WP-02;Water Pump 2in;3;22.15;ACC0007;completed;Y
H103904;22/02/2024;Glasgow Depot;Scotland;WP-02;Water Pump 2in;1;21.74;ACC0082;completed;Y
H103905;26/10/2023;Bristol Depot;South West;EX-140;13T Excavator;1;292.25;ACC0059;completed;N
H103906;23/04/2024;Cardiff Depot;Wales;CM-350;Concrete Mixer 350L;5;33.45;ACC0185;completed;Y
H103907;12/03/2024;Bristol Depot;South West;WP-02;Water Pump 2in;1;23.54;ACC0185;completed;N
H103908;21/10/2023;Glasgow Depot;Scotland;CM-350;Concrete Mixer 350L;3;33.9;ACC0224;open;Y
H103909;03/05/2024;Leeds Depot;North;TL-01;Telehandler 4m;2;201.04;ACC0155;completed;Y
H103910;07/10/2023;Cardiff Depot;Wales;SC-22;Scissor Lift 22ft;3;82.44;ACC0241;completed;Y
H103911;04/04/2023;Norwich Depot;East;SF-TOW;Site Tower Light;2;50.02;ACC0085;completed;Y
H103912;05/09/2023;Norwich Depot;East;CM-350;Concrete Mixer 350L;7;32.31;ACC0243;completed;Y
H103913;26/08/2024;Cardiff Depot;Wales;SF-TOW;Site Tower Light;1;51.0;ACC0170;completed;Y
H103914;28/04/2024;Glasgow Depot;Scotland;TL-01;Telehandler 4m;1;179.68;ACC0176;completed;Y
H103915;10/08/2023;Bristol Depot;South West;CM-350;Concrete Mixer 350L;5;32.39;ACC0232;completed;N
H103916;26/11/2024;Bristol Depot;South West;EX-140;13T Excavator;3;286.99;ACC0216;completed;Y
H103917;09/10/2024;Bristol Depot;South West;DM-09;Diesel Dumper 9T;3;142.85;ACC0016;completed;Y
H103918;16/06/2023;Glasgow Depot;Scotland;DM-09;Diesel Dumper 9T;-2;142.7;ACC0125;cancelled;Y
H103919;26/12/2024;Cardiff Depot;Wales;CM-350;Concrete Mixer 350L;1;34.29;ACC0057;completed;N
H103920;27/04/2024;Cardiff Depot;Wales;WP-02;Water Pump 2in;2;24.29;ACC0153;completed;Y
H103921;07/06/2023;Leeds Depot;North;CM-350;Concrete Mixer 350L;2;33.67;ACC0018;completed;Y
H103922;23/10/2024;Cardiff Depot;Wales;SC-22;Scissor Lift 22ft;7;73.2;ACC0125;completed;Y
H103923;03/04/2023;Cardiff Depot;Wales;TL-01;Telehandler 4m;5;173.6;ACC0193;completed;Y
H103924;17/10/2023;Bristol Depot;South West;CM-350;Concrete Mixer 350L;1;33.89;ACC0167;completed;Y
H103925;08/04/2023;Norwich Depot;East;EX-140;13T Excavator;2;313.33;ACC0081;completed;Y
H103926;21/06/2024;Cardiff Depot;Wales;SF-TOW;Site Tower Light;7;54.78;ACC0247;completed;Y
H103927;01/05/2024;Bristol Depot;South West;WP-02;Water Pump 2in;-28;24.08;ACC0140;cancelled;Y
H103928;15/10/2024;Cardiff Depot;Wales;SC-22;Scissor Lift 22ft;3;77.38;ACC0081;completed;N
H103929;01/06/2023;Glasgow Depot;Scotland;SC-22;Scissor Lift 22ft;28;73.56;ACC0208;completed;Y
H103930;25/05/2023;Cardiff Depot;Wales;SC-22;Scissor Lift 22ft;2;79.29;ACC0092;completed;Y
H103931;05/07/2024;Bristol Depot;South West;CM-350;Concrete Mixer 350L;3;31.79;ACC0022;completed;Y
H103932;20/05/2024;Glasgow Depot;Scotland;TL-01;Telehandler 4m;5;181.73;ACC0033;completed;Y
H103933;11/12/2023;Norwich Depot;East;PB-15;Powered Barrow;2;43.91;ACC0201;completed;Y
H103934;04/04/2024;Cardiff Depot;Wales;WP-02;Water Pump 2in;14;22.63;ACC0242;completed;Y
H103935;09/05/2024;Cardiff Depot;Wales;SF-TOW;Site Tower Light;5;53.32;ACC0202;completed;N
H103936;25/08/2024;Leeds Depot;North;PB-15;Powered Barrow;3;40.28;ACC0137;completed;Y
H103937;21/08/2024;Glasgow Depot;Scotland;WP-02;Water Pump 2in;7;23.37;;completed;Y
H103938;19/06/2024;Leeds Depot;North;HD-BRK;Hydraulic Breaker;14;63.08;ACC0098;completed;Y
H103939;21/07/2023;Leeds Depot;North;CM-350;Concrete Mixer 350L;3;34.73;ACC0259;completed;Y
H103940;19/12/2024;Bristol Depot;South West;SC-22;Scissor Lift 22ft;2;74.4;ACC0116;completed;Y
H103941;10/05/2024;Norwich Depot;East;SC-22;Scissor Lift 22ft;1;75.69;ACC0134;completed;Y
H103942;06/08/2024;Bristol Depot;South West;SC-22;Scissor Lift 22ft;5;81.34;ACC0018;completed;Y
H103943;09/01/2024;Cardiff Depot;Wales;WP-02;Water Pump 2in;1;23.44;ACC0073;completed;Y
H103944;27/09/2023;Cardiff Depot;Wales;CM-350;Concrete Mixer 350L;1;34.83;ACC0105;completed;Y
H103945;16/06/2024;Norwich Depot;East;GEN-60;60kVA Generator;2;96.33;ACC0146;completed;Y
H103946;24/05/2024;Bristol Depot;South West;CM-350;Concrete Mixer 350L;5;33.91;ACC0188;completed;Y
H103947;01/10/2024;Norwich Depot;East;SC-22;Scissor Lift 22ft;3;80.8;ACC0006;completed;Y
H103948;07/05/2023;Glasgow Depot;Scotland;WP-02;Water Pump 2in;2;21.18;ACC0043;completed;Y
H103949;13/07/2024;Norwich Depot;East;TL-01;Telehandler 4m;-2;199.12;ACC0105;cancelled;Y
H103950;27/09/2024;Leeds Depot;North;WP-02;Water Pump 2in;1;23.65;ACC0246;completed;Y
H103951;06/03/2024;Cardiff Depot;Wales;GEN-60;60kVA Generator;1;101.3;;completed;Y
H103952;28/01/2024;Glasgow Depot;Scotland;PB-15;Powered Barrow;28;37.93;ACC0198;completed;N
H103953;16/06/2024;Bristol Depot;South West;DM-09;Diesel Dumper 9T;3;146.53;ACC0122;completed;Y
H103954;04/01/2024;Glasgow Depot;Scotland;TL-01;Telehandler 4m;1;200.18;;completed;Y
H103955;03/10/2024;Norwich Depot;East;GEN-60;60kVA Generator;1;95.24;ACC0135;completed;N
H103956;11/04/2024;Norwich Depot;East;WP-02;Water Pump 2in;3;22.59;ACC0123;completed;N
H103957;31/05/2024;Bristol Depot;South West;SF-TOW;Site Tower Light;3;49.11;ACC0101;completed;Y
H103958;14/10/2024;Cardiff Depot;Wales;SC-22;Scissor Lift 22ft;1;84.7;ACC0066;completed;Y
H103959;20/01/2024;Cardiff Depot;Wales;CM-350;Concrete Mixer 350L;2;33.53;ACC0207;open;Y
H103960;13/07/2024;Norwich Depot;East;TL-01;Telehandler 4m;-7;176.27;ACC0108;cancelled;N
H103961;14/12/2024;Cardiff Depot;Wales;SF-TOW;Site Tower Light;-2;50.79;ACC0243;cancelled;Y
H103962;21/05/2024;Bristol Depot;South West;SF-TOW;Site Tower Light;5;55.8;ACC0124;completed;Y
H103963;02/08/2023;Norwich Depot;East;WP-02;Water Pump 2in;-5;22.18;ACC0191;cancelled;Y
H103964;08/07/2024;Glasgow Depot;Scotland;HD-BRK;Hydraulic Breaker;2;64.19;ACC0142;completed;N
H103965;23/11/2024;Cardiff Depot;Wales;SF-TOW;Site Tower Light;3;48.76;;completed;Y
H103966;09/05/2023;Cardiff Depot;Wales;TL-01;Telehandler 4m;2;191.84;ACC0069;completed;Y
H103967;25/08/2024;Norwich Depot;East;GEN-60;60kVA Generator;2;90.31;ACC0171;open;Y
H103968;13/09/2023;Leeds Depot;North;CM-350;Concrete Mixer 350L;5;32.24;ACC0136;completed;Y
H103969;16/04/2024;Cardiff Depot;Wales;EX-140;13T Excavator;1;320.35;ACC0162;completed;N
H103970;27/08/2024;Bristol Depot;South West;WP-02;Water Pump 2in;7;21.54;ACC0065;completed;N
H103971;12/11/2024;Bristol Depot;South West;SF-TOW;Site Tower Light;2;55.92;ACC0065;completed;Y
H103972;28/12/2024;Bristol Depot;South West;PB-15;Powered Barrow;5;39.98;ACC0039;completed;N
H103973;30/04/2024;Norwich Depot;East;SF-TOW;Site Tower Light;28;53.68;ACC0126;completed;Y
H103974;10/07/2023;Leeds Depot;North;CM-350;Concrete Mixer 350L;-1;33.42;ACC0122;cancelled;Y
H103975;15/10/2023;Leeds Depot;North;TL-01;Telehandler 4m;2;179.6;ACC0161;completed;Y
H103976;30/06/2024;Glasgow Depot;Scotland;GEN-60;60kVA Generator;-2;94.49;ACC0216;cancelled;Y
H103977;13/12/2023;Cardiff Depot;Wales;WP-02;Water Pump 2in;2;23.51;ACC0043;completed;Y
H103978;13/07/2024;Norwich Depot;East;WP-02;Water Pump 2in;3;24.03;ACC0053;completed;Y
H103979;26/08/2024;Cardiff Depot;Wales;EX-140;13T Excavator;2;298.5;ACC0088;completed;Y
H103980;04/10/2023;Cardiff Depot;Wales;GEN-60;60kVA Generator;1;100.88;ACC0144;completed;Y
H103981;18/09/2024;Glasgow Depot;Scotland;CM-350;Concrete Mixer 350L;14;35.33;;completed;Y
H103982;13/11/2023;Cardiff Depot;Wales;SC-22;Scissor Lift 22ft;14;82.96;ACC0207;completed;Y
H103983;29/02/2024;Leeds Depot;North;GEN-60;60kVA Generator;1;92.23;ACC0193;completed;Y
H103984;11/04/2024;Glasgow Depot;Scotland;DM-09;Diesel Dumper 9T;3;145.74;ACC0127;completed;Y
H103985;20/11/2024;Bristol Depot;South West;WP-02;Water Pump 2in;5;24.15;ACC0242;completed;Y
H103986;19/09/2024;Bristol Depot;South West;SC-22;Scissor Lift 22ft;1;83.58;;completed;Y
H103987;25/07/2024;Norwich Depot;East;CM-350;Concrete Mixer 350L;3;31.51;ACC0010;completed;N
H103988;15/08/2024;Cardiff Depot;Wales;DM-09;Diesel Dumper 9T;7;148.51;ACC0219;completed;N
H103989;01/12/2023;Cardiff Depot;Wales;CM-350;Concrete Mixer 350L;3;31.87;ACC0024;completed;Y
H103990;19/11/2023;Norwich Depot;East;DM-09;Diesel Dumper 9T;3;147.04;ACC0233;completed;Y
H103991;09/11/2023;Glasgow Depot;Scotland;WP-02;Water Pump 2in;3;23.07;;completed;Y
H103992;02/01/2024;Glasgow Depot;Scotland;CM-350;Concrete Mixer 350L;5;33.52;ACC0096;completed;Y
H103993;24/11/2024;Leeds Depot;North;HD-BRK;Hydraulic Breaker;1;60.31;ACC0125;completed;Y
H103994;29/09/2023;Cardiff Depot;Wales;WP-02;Water Pump 2in;14;23.56;ACC0029;completed;N
H103995;23/04/2023;Bristol Depot;South West;SF-TOW;Site Tower Light;1;54.67;;completed;Y
H103996;18/06/2023;Bristol Depot;South West;HD-BRK;Hydraulic Breaker;2;63.05;ACC0075;completed;N
H103997;03/05/2024;Norwich Depot;East;GEN-60;60kVA Generator;7;95.76;ACC0093;completed;Y
H103998;19/04/2023;Glasgow Depot;Scotland;SF-TOW;Site Tower Light;2;50.5;ACC0137;completed;Y
H103999;09/07/2024;Bristol Depot;South West;CM-350;Concrete Mixer 350L;1;31.38;ACC0146;completed;Y
H104000;27/08/2023;Bristol Depot;South West;SC-22;Scissor Lift 22ft;5;81.49;ACC0202;completed;Y
H104001;15/06/2024;Glasgow Depot;Scotland;PB-15;Powered Barrow;14;41.03;ACC0149;completed;Y
H104002;18/04/2023;Norwich Depot;East;TL-01;Telehandler 4m;2;178.09;ACC0152;completed;Y
H104003;02/08/2023;Bristol Depot;South West;GEN-60;60kVA Generator;1;91.48;ACC0240;completed;N
H104004;09/03/2024;Leeds Depot;North;CM-350;Concrete Mixer 350L;5;31.95;ACC0081;completed;Y
H104005;10/02/2024;Norwich Depot;East;SC-22;Scissor Lift 22ft;2;81.54;ACC0229;completed;Y
H104006;01/01/2024;Bristol Depot;South West;WP-02;Water Pump 2in;14;24.18;ACC0236;completed;Y
H104007;24/12/2024;Cardiff Depot;Wales;TL-01;Telehandler 4m;2;174.75;ACC0230;completed;N
H104008;24/10/2023;Bristol Depot;South West;WP-02;Water Pump 2in;3;22.32;ACC0189;completed;Y
H104009;13/07/2024;Cardiff Depot;Wales;SC-22;Scissor Lift 22ft;3;75.88;ACC0104;completed;N
H104010;27/05/2024;Glasgow Depot;Scotland;SC-22;Scissor Lift 22ft;2;72.36;;completed;Y
H104011;24/10/2024;Leeds Depot;North;DM-09;Diesel Dumper 9T;28;145.54;ACC0095;completed;Y
H104012;04/03/2024;Leeds Depot;North;EX-140;13T Excavator;-14;302.14;ACC0085;cancelled;Y
H104013;02/10/2024;Norwich Depot;East;CM-350;Concrete Mixer 350L;1;35.24;ACC0149;completed;Y
H104014;15/11/2023;Leeds Depot;North;HD-BRK;Hydraulic Breaker;2;60.9;;completed;N
H104015;03/09/2023;Leeds Depot;North;SF-TOW;Site Tower Light;3;55.37;ACC0258;completed;N
H104016;02/09/2023;Cardiff Depot;Wales;TL-01;Telehandler 4m;2;190.62;ACC0080;completed;Y
H104017;27/02/2024;Bristol Depot;South West;SC-22;Scissor Lift 22ft;2;72.27;ACC0065;completed;N
H104018;03/01/2024;Leeds Depot;North;DM-09;Diesel Dumper 9T;1;135.39;ACC0231;completed;N
H104019;06/07/2024;Cardiff Depot;Wales;SF-TOW;Site Tower Light;-3;50.25;ACC0085;cancelled;Y
H104020;08/02/2024;Bristol Depot;South West;CM-350;Concrete Mixer 350L;1;31.39;ACC0041;completed;N
H104021;03/01/2024;Norwich Depot;East;HD-BRK;Hydraulic Breaker;5;59.32;ACC0190;completed;Y
H104022;28/10/2024;Norwich Depot;East;SC-22;Scissor Lift 22ft;3;83.11;ACC0100;completed;Y
H104023;11/01/2024;Cardiff Depot;Wales;HD-BRK;Hydraulic Breaker;-1;65.88;ACC0215;cancelled;Y
H104024;08/10/2024;Norwich Depot;East;SC-22;Scissor Lift 22ft;1;79.31;;completed;Y
H104025;07/04/2023;Bristol Depot;South West;SC-22;Scissor Lift 22ft;1;77.18;ACC0208;completed;N
H104026;17/12/2023;Cardiff Depot;Wales;SC-22;Scissor Lift 22ft;2;80.0;ACC0226;completed;Y
H104027;23/05/2023;Bristol Depot;South West;HD-BRK;Hydraulic Breaker;-14;67.27;ACC0104;cancelled;N
H104028;27/04/2024;Glasgow Depot;Scotland;WP-02;Water Pump 2in;-3;23.11;;cancelled;Y
H104029;18/11/2024;Glasgow Depot;Scotland;TL-01;Telehandler 4m;5;183.69;ACC0233;completed;Y
H104030;08/04/2023;Cardiff Depot;Wales;EX-140;13T Excavator;2;286.9;ACC0193;completed;Y
H104031;03/09/2023;Bristol Depot;South West;WP-02;Water Pump 2in;-1;24.05;ACC0057;cancelled;Y
H104032;17/07/2024;Leeds Depot;North;HD-BRK;Hydraulic Breaker;1;65.18;ACC0217;completed;N
H104033;02/04/2024;Norwich Depot;East;SC-22;Scissor Lift 22ft;5;80.26;ACC0058;completed;Y
H104034;12/04/2024;Bristol Depot;South West;GEN-60;60kVA Generator;5;99.29;ACC0116;completed;Y
H104035;09/06/2024;Glasgow Depot;Scotland;GEN-60;60kVA Generator;1;90.18;ACC0005;completed;N
H104036;16/06/2024;Cardiff Depot;Wales;SF-TOW;Site Tower Light;1;54.13;ACC0244;completed;Y
H104037;16/11/2024;Bristol Depot;South West;SF-TOW;Site Tower Light;7;51.35;ACC0234;completed;Y
H104038;21/09/2023;Leeds Depot;North;TL-01;Telehandler 4m;2;191.51;ACC0170;completed;Y
H104039;30/04/2023;Bristol Depot;South West;GEN-60;60kVA Generator;5;100.86;ACC0153;completed;N
H104040;28/10/2024;Bristol Depot;South West;WP-02;Water Pump 2in;1;24.18;ACC0067;completed;Y
H104041;19/09/2024;Glasgow Depot;Scotland;CM-350;Concrete Mixer 350L;1;31.53;ACC0036;completed;Y
H104042;06/12/2023;Glasgow Depot;Scotland;CM-350;Concrete Mixer 350L;3;31.97;ACC0137;completed;Y
H104043;06/03/2024;Norwich Depot;East;EX-140;13T Excavator;1;329.09;;completed;N
H104044;07/12/2024;Bristol Depot;South West;DM-09;Diesel Dumper 9T;-5;133.9;ACC0132;cancelled;N
H104045;03/06/2024;Leeds Depot;North;WP-02;Water Pump 2in;14;20.96;ACC0171;completed;Y
H104046;20/11/2023;Norwich Depot;East;SC-22;Scissor Lift 22ft;-3;84.17;ACC0064;cancelled;Y
H104047;07/11/2023;Norwich Depot;East;GEN-60;60kVA Generator;1;94.63;;completed;Y
H104048;13/02/2024;Cardiff Depot;Wales;SC-22;Scissor Lift 22ft;1;80.44;;completed;Y
H104049;30/04/2023;Cardiff Depot;Wales;DM-09;Diesel Dumper 9T;14;147.52;ACC0238;completed;Y
H104050;12/10/2023;Norwich Depot;East;SC-22;Scissor Lift 22ft;2;76.33;ACC0229;completed;Y
H104051;01/08/2023;Leeds Depot;North;WP-02;Water Pump 2in;2;21.1;ACC0034;completed;Y
H104052;20/07/2024;Norwich Depot;East;GEN-60;60kVA Generator;28;99.47;ACC0248;completed;Y
H104053;18/03/2024;Bristol Depot;South West;WP-02;Water Pump 2in;3;22.39;ACC0219;completed;Y
H104054;16/07/2023;Cardiff Depot;Wales;HD-BRK;Hydraulic Breaker;5;66.75;ACC0148;completed;N
H104055;17/08/2024;Norwich Depot;East;SF-TOW;Site Tower Light;-7;48.89;ACC0224;cancelled;Y
H104056;04/06/2023;Glasgow Depot;Scotland;SF-TOW;Site Tower Light;7;55.18;ACC0243;completed;N
H104057;12/03/2024;Cardiff Depot;Wales;SC-22;Scissor Lift 22ft;1;81.67;;completed;Y
H104058;27/01/2024;Leeds Depot;North;WP-02;Water Pump 2in;1;23.26;ACC0225;completed;Y
H104059;21/06/2023;Leeds Depot;North;SC-22;Scissor Lift 22ft;1;77.44;ACC0144;completed;Y
H104060;10/02/2024;Glasgow Depot;Scotland;DM-09;Diesel Dumper 9T;14;140.4;ACC0093;completed;Y
H104061;16/06/2024;Bristol Depot;South West;CM-350;Concrete Mixer 350L;2;33.37;ACC0056;completed;Y
H104062;19/12/2023;Leeds Depot;North;WP-02;Water Pump 2in;7;23.81;ACC0156;completed;Y
H104063;05/11/2023;Cardiff Depot;Wales;SC-22;Scissor Lift 22ft;1;76.88;ACC0235;completed;N
H104064;30/09/2024;Cardiff Depot;Wales;CM-350;Concrete Mixer 350L;14;33.09;ACC0080;completed;N
H104065;16/09/2024;Norwich Depot;East;WP-02;Water Pump 2in;3;21.45;ACC0044;completed;Y
H104066;05/05/2023;Cardiff Depot;Wales;WP-02;Water Pump 2in;1;21.62;ACC0109;completed;Y
H104067;14/10/2024;Norwich Depot;East;TL-01;Telehandler 4m;2;184.12;;completed;N
H104068;13/11/2024;Leeds Depot;North;SC-22;Scissor Lift 22ft;7;74.46;;completed;Y
H104069;26/01/2024;Bristol Depot;South West;WP-02;Water Pump 2in;2;22.97;;completed;Y
H104070;12/06/2024;Cardiff Depot;Wales;WP-02;Water Pump 2in;5;21.9;ACC0230;completed;Y
H104071;03/12/2023;Norwich Depot;East;WP-02;Water Pump 2in;7;22.41;ACC0067;completed;Y
H104072;20/06/2023;Cardiff Depot;Wales;TL-01;Telehandler 4m;3;182.45;ACC0185;completed;Y
H104073;13/09/2023;Bristol Depot;South West;TL-01;Telehandler 4m;2;184.64;ACC0054;completed;N
H104074;11/10/2024;Leeds Depot;North;SC-22;Scissor Lift 22ft;2;78.46;ACC0018;completed;Y
H104075;20/09/2024;Leeds Depot;North;SF-TOW;Site Tower Light;1;53.8;ACC0176;open;Y
H104076;03/09/2023;Cardiff Depot;Wales;EX-140;13T Excavator;2;299.8;ACC0023;completed;Y
H104077;28/06/2024;Cardiff Depot;Wales;WP-02;Water Pump 2in;1;20.87;ACC0142;completed;Y
H104078;10/12/2024;Cardiff Depot;Wales;TL-01;Telehandler 4m;3;192.3;ACC0023;completed;N
H104079;15/10/2023;Leeds Depot;North;DM-09;Diesel Dumper 9T;7;136.73;;completed;Y
H104080;28/11/2023;Norwich Depot;East;SF-TOW;Site Tower Light;7;50.21;ACC0208;completed;N
H104081;24/07/2023;Norwich Depot;East;GEN-60;60kVA Generator;28;91.16;ACC0196;completed;Y
H104082;02/05/2023;Glasgow Depot;Scotland;CM-350;Concrete Mixer 350L;14;32.81;ACC0005;completed;Y
H104083;05/07/2024;Glasgow Depot;Scotland;SF-TOW;Site Tower Light;2;50.3;ACC0256;completed;Y
H104084;14/06/2023;Norwich Depot;East;CM-350;Concrete Mixer 350L;14;32.58;ACC0235;completed;Y
H104085;13/12/2024;Cardiff Depot;Wales;SC-22;Scissor Lift 22ft;7;84.2;ACC0139;completed;Y
H104086;27/05/2024;Norwich Depot;East;GEN-60;60kVA Generator;1;102.1;ACC0126;completed;Y
H104087;27/10/2023;Cardiff Depot;Wales;SC-22;Scissor Lift 22ft;3;82.79;ACC0079;completed;N
H104088;10/12/2023;Cardiff Depot;Wales;HD-BRK;Hydraulic Breaker;1;64.64;ACC0260;completed;Y
H104089;27/04/2023;Glasgow Depot;Scotland;WP-02;Water Pump 2in;1;21.03;ACC0247;completed;Y
H104090;23/06/2024;Leeds Depot;North;PB-15;Powered Barrow;2;40.18;ACC0250;completed;Y
H104091;14/08/2024;Glasgow Depot;Scotland;PB-15;Powered Barrow;3;42.15;ACC0083;completed;Y
H104092;22/05/2023;Bristol Depot;South West;WP-02;Water Pump 2in;1;22.05;ACC0199;completed;N
H104093;08/05/2024;Norwich Depot;East;WP-02;Water Pump 2in;7;23.14;ACC0112;completed;Y
H104094;12/06/2023;Norwich Depot;East;WP-02;Water Pump 2in;28;21.07;ACC0100;completed;Y
H104095;09/09/2024;Glasgow Depot;Scotland;HD-BRK;Hydraulic Breaker;2;62.18;ACC0152;completed;Y
H104096;24/09/2024;Bristol Depot;South West;EX-140;13T Excavator;1;301.38;ACC0214;completed;Y
H104097;30/10/2023;Bristol Depot;South West;CM-350;Concrete Mixer 350L;1;34.84;ACC0243;completed;Y
H104098;20/09/2024;Norwich Depot;East;PB-15;Powered Barrow;3;39.15;ACC0260;completed;Y
H104099;20/03/2024;Cardiff Depot;Wales;WP-02;Water Pump 2in;28;22.17;ACC0232;completed;Y
H104100;05/12/2023;Leeds Depot;North;EX-140;13T Excavator;2;293.0;ACC0229;completed;Y
H104101;15/11/2024;Norwich Depot;East;CM-350;Concrete Mixer 350L;1;32.15;ACC0080;completed;Y
H104102;07/11/2023;Norwich Depot;East;TL-01;Telehandler 4m;3;199.24;;completed;N
H104103;08/12/2024;Glasgow Depot;Scotland;EX-140;13T Excavator;14;321.07;ACC0143;completed;N
H104104;18/06/2024;Glasgow Depot;Scotland;TL-01;Telehandler 4m;5;183.26;ACC0101;completed;Y
H104105;09/06/2024;Cardiff Depot;Wales;CM-350;Concrete Mixer 350L;1;31.79;ACC0138;completed;Y
H104106;30/07/2023;Norwich Depot;East;EX-140;13T Excavator;1;322.26;ACC0173;completed;Y
H104107;03/08/2023;Cardiff Depot;Wales;PB-15;Powered Barrow;5;38.78;;completed;Y
H104108;19/12/2024;Cardiff Depot;Wales;SF-TOW;Site Tower Light;14;52.99;ACC0250;completed;N
H104109;23/04/2023;Cardiff Depot;Wales;SF-TOW;Site Tower Light;1;49.25;ACC0077;completed;Y
H104110;17/02/2024;Norwich Depot;East;SF-TOW;Site Tower Light;2;55.43;ACC0075;open;Y
H104111;14/05/2023;Leeds Depot;North;SC-22;Scissor Lift 22ft;1;75.5;ACC0153;completed;Y
H104112;18/12/2023;Norwich Depot;East;WP-02;Water Pump 2in;-2;21.98;ACC0087;cancelled;Y
H104113;18/05/2023;Norwich Depot;East;TL-01;Telehandler 4m;14;201.16;;completed;Y
H104114;02/05/2024;Norwich Depot;East;HD-BRK;Hydraulic Breaker;2;59.94;ACC0137;completed;Y
H104115;25/01/2024;Leeds Depot;North;GEN-60;60kVA Generator;3;95.15;ACC0098;completed;N
H104116;09/04/2024;Bristol Depot;South West;SF-TOW;Site Tower Light;2;51.37;ACC0092;completed;Y
H104117;11/04/2024;Glasgow Depot;Scotland;WP-02;Water Pump 2in;3;22.48;ACC0167;completed;Y
H104118;24/11/2023;Bristol Depot;South West;PB-15;Powered Barrow;-1;40.71;ACC0106;cancelled;Y
H104119;10/12/2024;Glasgow Depot;Scotland;WP-02;Water Pump 2in;1;23.74;;completed;Y
H104120;27/04/2023;Cardiff Depot;Wales;HD-BRK;Hydraulic Breaker;2;61.44;ACC0010;open;N
H104121;01/11/2024;Norwich Depot;East;SC-22;Scissor Lift 22ft;1;74.03;ACC0097;completed;N
H104122;12/05/2024;Norwich Depot;East;CM-350;Concrete Mixer 350L;2;32.54;ACC0165;completed;Y
H104123;26/10/2023;Glasgow Depot;Scotland;TL-01;Telehandler 4m;1;184.42;ACC0194;completed;N
H104124;01/10/2023;Cardiff Depot;Wales;EX-140;13T Excavator;7;308.02;ACC0174;completed;Y
H104125;22/11/2023;Leeds Depot;North;SC-22;Scissor Lift 22ft;2;80.02;ACC0219;completed;Y
H104126;27/02/2024;Glasgow Depot;Scotland;SF-TOW;Site Tower Light;3;50.2;ACC0129;completed;Y
H104127;10/12/2024;Bristol Depot;South West;HD-BRK;Hydraulic Breaker;1;59.99;ACC0036;open;N
H104128;21/11/2023;Bristol Depot;South West;WP-02;Water Pump 2in;3;23.52;;completed;N
H104129;22/08/2023;Norwich Depot;East;DM-09;Diesel Dumper 9T;5;142.76;ACC0231;open;N
H104130;12/04/2024;Norwich Depot;East;HD-BRK;Hydraulic Breaker;1;65.44;ACC0175;completed;Y
H104131;08/08/2023;Cardiff Depot;Wales;CM-350;Concrete Mixer 350L;14;32.95;ACC0037;completed;Y
H104132;05/04/2023;Glasgow Depot;Scotland;WP-02;Water Pump 2in;7;24.28;ACC0187;completed;N
H104133;07/06/2023;Norwich Depot;East;SC-22;Scissor Lift 22ft;5;73.06;ACC0160;completed;Y
H104134;29/06/2024;Norwich Depot;East;CM-350;Concrete Mixer 350L;2;33.58;ACC0186;completed;Y
H104135;02/12/2024;Leeds Depot;North;WP-02;Water Pump 2in;5;22.9;ACC0052;completed;Y
H104136;22/04/2024;Bristol Depot;South West;HD-BRK;Hydraulic Breaker;7;65.13;ACC0127;completed;Y
H104137;30/12/2024;Bristol Depot;South West;CM-350;Concrete Mixer 350L;5;36.0;ACC0231;completed;Y
H104138;24/07/2024;Leeds Depot;North;WP-02;Water Pump 2in;2;22.56;ACC0172;completed;Y
H104139;06/09/2024;Bristol Depot;South West;DM-09;Diesel Dumper 9T;-2;152.09;ACC0082;cancelled;N
H104140;03/11/2023;Bristol Depot;South West;GEN-60;60kVA Generator;1;88.42;ACC0209;completed;Y
H104141;19/03/2024;Glasgow Depot;Scotland;WP-02;Water Pump 2in;1;22.78;ACC0009;completed;Y
H104142;23/04/2023;Norwich Depot;East;CM-350;Concrete Mixer 350L;2;32.5;ACC0176;completed;Y
H104143;08/02/2024;Bristol Depot;South West;SF-TOW;Site Tower Light;2;51.52;ACC0236;completed;N
H104144;13/10/2023;Bristol Depot;South West;PB-15;Powered Barrow;1;42.73;ACC0073;completed;Y
H104145;02/11/2023;Norwich Depot;East;CM-350;Concrete Mixer 350L;1;31.37;ACC0094;completed;Y
H104146;29/10/2023;Cardiff Depot;Wales;CM-350;Concrete Mixer 350L;1;35.58;ACC0170;completed;Y
H104147;10/10/2024;Glasgow Depot;Scotland;DM-09;Diesel Dumper 9T;5;154.66;ACC0078;completed;Y
H104148;10/05/2023;Norwich Depot;East;SC-22;Scissor Lift 22ft;1;82.71;ACC0138;completed;Y
H104149;15/09/2023;Norwich Depot;East;PB-15;Powered Barrow;5;38.46;ACC0182;completed;Y
H104150;24/10/2024;Norwich Depot;East;TL-01;Telehandler 4m;14;182.62;ACC0043;completed;Y
H104151;22/11/2024;Leeds Depot;North;SF-TOW;Site Tower Light;5;50.64;;completed;Y
H104152;12/12/2023;Glasgow Depot;Scotland;SC-22;Scissor Lift 22ft;2;82.68;ACC0164;completed;Y
H104153;09/10/2023;Cardiff Depot;Wales;SC-22;Scissor Lift 22ft;3;77.29;;open;Y
H104154;11/07/2023;Leeds Depot;North;EX-140;13T Excavator;2;314.27;ACC0169;completed;Y
H104155;19/08/2024;Norwich Depot;East;WP-02;Water Pump 2in;1;23.4;;completed;Y
H104156;06/06/2024;Norwich Depot;East;SC-22;Scissor Lift 22ft;1;76.31;ACC0135;completed;Y
H104157;04/07/2023;Bristol Depot;South West;PB-15;Powered Barrow;2;39.52;ACC0255;completed;Y
H104158;17/04/2023;Leeds Depot;North;CM-350;Concrete Mixer 350L;3;35.04;ACC0044;completed;Y
H104159;06/05/2024;Norwich Depot;East;SC-22;Scissor Lift 22ft;-1;83.09;ACC0252;cancelled;Y
H104160;02/07/2023;Norwich Depot;East;CM-350;Concrete Mixer 350L;1;32.57;ACC0187;completed;Y
H104161;15/01/2024;Glasgow Depot;Scotland;EX-140;13T Excavator;1;292.31;ACC0180;completed;N
H104162;05/11/2023;Glasgow Depot;Scotland;WP-02;Water Pump 2in;3;21.37;ACC0213;completed;N
H104163;05/10/2023;Cardiff Depot;Wales;CM-350;Concrete Mixer 350L;-3;36.2;ACC0057;cancelled;Y
H104164;30/11/2024;Bristol Depot;South West;CM-350;Concrete Mixer 350L;7;34.0;ACC0057;completed;Y
H104165;22/12/2024;Bristol Depot;South West;CM-350;Concrete Mixer 350L;1;33.59;ACC0102;completed;Y
H104166;12/01/2024;Leeds Depot;North;HD-BRK;Hydraulic Breaker;5;66.11;ACC0138;completed;Y
H104167;25/02/2024;Norwich Depot;East;SF-TOW;Site Tower Light;1;51.76;ACC0131;completed;Y
H104168;08/03/2024;Glasgow Depot;Scotland;CM-350;Concrete Mixer 350L;2;32.69;ACC0249;completed;Y
H104169;20/05/2023;Glasgow Depot;Scotland;EX-140;13T Excavator;5;313.12;ACC0093;open;Y
H104170;16/04/2023;Glasgow Depot;Scotland;TL-01;Telehandler 4m;5;194.72;ACC0125;completed;Y
H104171;04/10/2023;Norwich Depot;East;CM-350;Concrete Mixer 350L;7;34.04;ACC0217;completed;Y
H104172;19/04/2023;Cardiff Depot;Wales;GEN-60;60kVA Generator;3;91.25;ACC0220;completed;Y
H104173;24/06/2023;Cardiff Depot;Wales;CM-350;Concrete Mixer 350L;1;34.58;ACC0154;completed;N
H104174;23/05/2024;Cardiff Depot;Wales;DM-09;Diesel Dumper 9T;3;136.6;ACC0042;completed;Y
H104175;25/11/2023;Bristol Depot;South West;HD-BRK;Hydraulic Breaker;2;59.24;;open;Y
H104176;30/07/2024;Norwich Depot;East;GEN-60;60kVA Generator;-1;95.09;ACC0130;cancelled;Y
H104177;14/05/2023;Norwich Depot;East;SC-22;Scissor Lift 22ft;2;82.31;ACC0170;completed;Y
H104178;08/12/2024;Norwich Depot;East;GEN-60;60kVA Generator;1;89.48;ACC0017;completed;Y
H104179;20/06/2023;Cardiff Depot;Wales;GEN-60;60kVA Generator;7;92.67;ACC0031;completed;Y
H104180;11/10/2024;Cardiff Depot;Wales;CM-350;Concrete Mixer 350L;3;33.77;;completed;Y
H104181;09/05/2024;Bristol Depot;South West;GEN-60;60kVA Generator;3;93.13;ACC0091;completed;Y
H104182;16/02/2024;Bristol Depot;South West;SF-TOW;Site Tower Light;2;54.97;ACC0116;completed;Y
H104183;08/06/2024;Leeds Depot;North;CM-350;Concrete Mixer 350L;1;36.29;ACC0151;completed;Y
H104184;20/06/2023;Leeds Depot;North;WP-02;Water Pump 2in;5;24.23;ACC0138;completed;N
H104185;06/08/2024;Cardiff Depot;Wales;SC-22;Scissor Lift 22ft;7;82.91;ACC0068;open;Y
H104186;05/06/2023;Glasgow Depot;Scotland;CM-350;Concrete Mixer 350L;3;36.61;ACC0129;completed;Y
H104187;12/05/2023;Glasgow Depot;Scotland;SC-22;Scissor Lift 22ft;1;83.41;ACC0080;completed;Y
H104188;28/09/2024;Leeds Depot;North;PB-15;Powered Barrow;3;38.96;;completed;N
H104189;01/01/2024;Norwich Depot;East;SC-22;Scissor Lift 22ft;7;83.75;ACC0150;completed;Y
H104190;12/06/2023;Leeds Depot;North;SC-22;Scissor Lift 22ft;2;72.93;ACC0111;completed;N
H104191;29/10/2024;Glasgow Depot;Scotland;TL-01;Telehandler 4m;2;184.57;ACC0230;completed;N
H104192;06/02/2024;Leeds Depot;North;HD-BRK;Hydraulic Breaker;2;59.74;ACC0035;completed;Y
H104193;28/10/2024;Leeds Depot;North;HD-BRK;Hydraulic Breaker;1;66.74;ACC0063;completed;Y
H104194;03/04/2023;Cardiff Depot;Wales;GEN-60;60kVA Generator;5;92.95;ACC0001;completed;Y
H104195;22/03/2024;Bristol Depot;South West;WP-02;Water Pump 2in;2;21.24;ACC0204;completed;Y
H104196;22/03/2024;Bristol Depot;South West;CM-350;Concrete Mixer 350L;2;36.53;ACC0074;completed;Y
H104197;19/06/2024;Glasgow Depot;Scotland;DM-09;Diesel Dumper 9T;2;136.97;ACC0258;completed;Y
H104198;08/03/2024;Glasgow Depot;Scotland;HD-BRK;Hydraulic Breaker;14;69.03;;completed;Y
H104199;08/04/2023;Norwich Depot;East;PB-15;Powered Barrow;3;43.91;ACC0130;completed;Y
H104200;22/06/2024;Norwich Depot;East;PB-15;Powered Barrow;3;43.34;ACC0077;completed;Y
H104201;13/06/2023;Norwich Depot;East;GEN-60;60kVA Generator;2;89.38;ACC0029;open;N
H104202;21/08/2024;Glasgow Depot;Scotland;WP-02;Water Pump 2in;1;24.24;ACC0074;completed;Y
H104203;15/02/2024;Cardiff Depot;Wales;CM-350;Concrete Mixer 350L;14;34.98;ACC0135;completed;Y
H104204;02/04/2024;Cardiff Depot;Wales;GEN-60;60kVA Generator;1;102.65;;completed;N
H104205;18/10/2024;Leeds Depot;North;DM-09;Diesel Dumper 9T;14;136.2;ACC0194;completed;Y
H104206;14/12/2024;Glasgow Depot;Scotland;WP-02;Water Pump 2in;5;20.79;ACC0224;completed;Y
H104207;05/11/2024;Norwich Depot;East;HD-BRK;Hydraulic Breaker;5;67.78;ACC0008;completed;N
H104208;25/04/2023;Glasgow Depot;Scotland;SC-22;Scissor Lift 22ft;1;79.69;ACC0119;open;Y
H104209;17/02/2024;Glasgow Depot;Scotland;PB-15;Powered Barrow;1;40.32;ACC0086;completed;Y
H104210;11/10/2023;Norwich Depot;East;DM-09;Diesel Dumper 9T;5;138.08;ACC0015;completed;Y
H104211;10/06/2024;Leeds Depot;North;HD-BRK;Hydraulic Breaker;3;62.25;ACC0240;completed;Y
H104212;20/09/2024;Leeds Depot;North;SF-TOW;Site Tower Light;1;55.71;ACC0173;completed;Y
H104213;18/12/2023;Glasgow Depot;Scotland;CM-350;Concrete Mixer 350L;7;35.2;ACC0114;completed;Y
H104214;07/11/2023;Leeds Depot;North;PB-15;Powered Barrow;7;39.34;ACC0156;completed;Y
H104215;09/11/2024;Glasgow Depot;Scotland;SF-TOW;Site Tower Light;2;49.68;;completed;Y
H104216;23/04/2023;Bristol Depot;South West;PB-15;Powered Barrow;1;43.11;ACC0118;completed;Y
H104217;20/06/2024;Bristol Depot;South West;DM-09;Diesel Dumper 9T;1;150.35;ACC0120;completed;Y
H104218;31/10/2023;Norwich Depot;East;WP-02;Water Pump 2in;2;23.31;ACC0124;completed;Y
H104219;23/12/2024;Glasgow Depot;Scotland;PB-15;Powered Barrow;3;37.76;ACC0234;open;Y
H104220;16/12/2024;Glasgow Depot;Scotland;PB-15;Powered Barrow;14;37.75;;completed;Y
H104221;02/10/2023;Glasgow Depot;Scotland;PB-15;Powered Barrow;28;40.75;ACC0176;completed;Y
H104222;29/08/2024;Norwich Depot;East;WP-02;Water Pump 2in;-2;21.35;ACC0188;cancelled;Y
H104223;09/12/2024;Bristol Depot;South West;SF-TOW;Site Tower Light;3;55.94;ACC0137;completed;Y
H104224;11/08/2023;Bristol Depot;South West;TL-01;Telehandler 4m;1;181.61;ACC0001;completed;Y
H104225;23/09/2023;Glasgow Depot;Scotland;GEN-60;60kVA Generator;5;98.88;;completed;Y
H104226;18/10/2023;Bristol Depot;South West;SC-22;Scissor Lift 22ft;3;80.84;ACC0005;completed;Y
H104227;27/09/2023;Norwich Depot;East;SC-22;Scissor Lift 22ft;2;77.17;ACC0260;completed;Y
H104228;29/06/2023;Leeds Depot;North;CM-350;Concrete Mixer 350L;3;36.41;ACC0115;completed;Y
H104229;11/05/2024;Norwich Depot;East;CM-350;Concrete Mixer 350L;5;32.87;ACC0120;completed;Y
H104230;01/08/2023;Cardiff Depot;Wales;PB-15;Powered Barrow;1;41.62;ACC0099;completed;Y
H104231;29/05/2023;Leeds Depot;North;HD-BRK;Hydraulic Breaker;1;58.99;ACC0028;completed;Y
H104232;18/11/2023;Cardiff Depot;Wales;CM-350;Concrete Mixer 350L;14;31.32;ACC0228;completed;N
H104233;30/06/2024;Norwich Depot;East;SF-TOW;Site Tower Light;2;55.84;ACC0231;completed;Y
H104234;07/09/2024;Glasgow Depot;Scotland;PB-15;Powered Barrow;2;42.57;ACC0013;completed;N
H104235;13/09/2023;Leeds Depot;North;PB-15;Powered Barrow;1;43.29;ACC0094;completed;Y
H104236;02/06/2024;Bristol Depot;South West;CM-350;Concrete Mixer 350L;5;35.63;ACC0023;completed;Y
H104237;18/10/2024;Norwich Depot;East;GEN-60;60kVA Generator;-1;99.97;ACC0238;cancelled;Y
H104238;31/07/2024;Leeds Depot;North;WP-02;Water Pump 2in;-1;23.14;ACC0190;cancelled;N
H104239;04/10/2024;Cardiff Depot;Wales;GEN-60;60kVA Generator;2;92.81;ACC0005;completed;Y
H104240;25/12/2024;Bristol Depot;South West;SF-TOW;Site Tower Light;5;54.97;ACC0026;completed;Y
H104241;28/04/2023;Cardiff Depot;Wales;TL-01;Telehandler 4m;3;192.01;ACC0107;completed;Y
H104242;25/09/2023;Cardiff Depot;Wales;GEN-60;60kVA Generator;1;97.83;;completed;Y
H104243;11/02/2024;Norwich Depot;East;DM-09;Diesel Dumper 9T;5;135.2;ACC0035;completed;Y
H104244;04/12/2023;Norwich Depot;East;PB-15;Powered Barrow;-1;44.07;ACC0174;cancelled;Y
H104245;09/12/2023;Glasgow Depot;Scotland;HD-BRK;Hydraulic Breaker;1;65.89;ACC0077;completed;Y
H104246;11/02/2024;Bristol Depot;South West;PB-15;Powered Barrow;14;39.03;ACC0040;completed;Y
H104247;30/12/2023;Leeds Depot;North;EX-140;13T Excavator;14;324.3;ACC0123;completed;Y
H104248;01/01/2024;Glasgow Depot;Scotland;CM-350;Concrete Mixer 350L;5;36.28;ACC0040;completed;Y
H104249;05/08/2024;Glasgow Depot;Scotland;WP-02;Water Pump 2in;1;21.82;ACC0156;completed;Y
H104250;15/02/2024;Glasgow Depot;Scotland;CM-350;Concrete Mixer 350L;1;32.96;ACC0089;completed;Y
H104251;19/05/2024;Cardiff Depot;Wales;EX-140;13T Excavator;5;296.46;ACC0043;completed;Y
H104252;02/12/2023;Glasgow Depot;Scotland;GEN-60;60kVA Generator;-2;97.93;ACC0250;cancelled;Y
H104253;08/09/2024;Norwich Depot;East;WP-02;Water Pump 2in;-2;22.34;ACC0055;cancelled;Y
H104254;15/12/2024;Glasgow Depot;Scotland;SF-TOW;Site Tower Light;2;52.84;ACC0227;completed;Y
H104255;10/03/2024;Cardiff Depot;Wales;WP-02;Water Pump 2in;5;20.81;ACC0209;completed;Y
H104256;30/06/2024;Leeds Depot;North;SF-TOW;Site Tower Light;5;55.11;ACC0114;open;Y
H104257;13/06/2024;Bristol Depot;South West;HD-BRK;Hydraulic Breaker;1;61.59;ACC0251;completed;Y
H104258;04/09/2023;Bristol Depot;South West;HD-BRK;Hydraulic Breaker;2;68.16;ACC0003;completed;N
H104259;30/05/2023;Leeds Depot;North;DM-09;Diesel Dumper 9T;2;154.38;ACC0185;completed;Y
H104260;24/08/2023;Leeds Depot;North;CM-350;Concrete Mixer 350L;-1;34.91;ACC0008;cancelled;N
H104261;16/06/2023;Cardiff Depot;Wales;DM-09;Diesel Dumper 9T;14;143.39;ACC0107;completed;Y
H104262;16/06/2024;Norwich Depot;East;WP-02;Water Pump 2in;14;22.77;ACC0237;completed;Y
H104263;06/05/2023;Norwich Depot;East;WP-02;Water Pump 2in;5;21.46;ACC0106;completed;Y
H104264;29/07/2023;Norwich Depot;East;WP-02;Water Pump 2in;3;22.62;ACC0115;completed;N
H104265;07/04/2024;Norwich Depot;East;CM-350;Concrete Mixer 350L;1;34.18;ACC0076;completed;Y
H104266;03/06/2023;Cardiff Depot;Wales;EX-140;13T Excavator;2;308.25;ACC0175;completed;Y
H104267;31/07/2024;Leeds Depot;North;SC-22;Scissor Lift 22ft;1;81.06;ACC0109;completed;Y
H104268;07/08/2024;Cardiff Depot;Wales;SF-TOW;Site Tower Light;7;49.57;ACC0174;completed;Y
H104269;27/06/2023;Bristol Depot;South West;WP-02;Water Pump 2in;-7;21.82;ACC0073;cancelled;Y
H104270;07/03/2024;Glasgow Depot;Scotland;DM-09;Diesel Dumper 9T;2;137.89;ACC0199;completed;Y
H104271;22/04/2023;Bristol Depot;South West;CM-350;Concrete Mixer 350L;-2;33.37;ACC0214;cancelled;N
H104272;26/04/2023;Bristol Depot;South West;SC-22;Scissor Lift 22ft;1;73.83;ACC0049;completed;Y
H104273;21/06/2024;Norwich Depot;East;SC-22;Scissor Lift 22ft;5;81.5;ACC0142;completed;Y
H104274;19/01/2024;Glasgow Depot;Scotland;SC-22;Scissor Lift 22ft;2;74.26;ACC0131;completed;Y
H104275;17/06/2023;Glasgow Depot;Scotland;SF-TOW;Site Tower Light;1;54.08;ACC0092;completed;N
H104276;16/01/2024;Bristol Depot;South West;SC-22;Scissor Lift 22ft;5;73.67;ACC0122;completed;Y
H104277;05/05/2024;Bristol Depot;South West;WP-02;Water Pump 2in;7;23.49;ACC0040;completed;Y
H104278;17/04/2023;Bristol Depot;South West;TL-01;Telehandler 4m;2;190.66;ACC0255;completed;Y
H104279;15/08/2024;Bristol Depot;South West;DM-09;Diesel Dumper 9T;1;142.83;ACC0146;completed;Y
H104280;28/06/2024;Glasgow Depot;Scotland;CM-350;Concrete Mixer 350L;2;31.41;;completed;Y
H104281;15/09/2023;Norwich Depot;East;SF-TOW;Site Tower Light;1;52.56;ACC0060;completed;Y
H104282;21/04/2023;Norwich Depot;East;CM-350;Concrete Mixer 350L;3;34.88;ACC0052;completed;N
H104283;15/09/2023;Bristol Depot;South West;TL-01;Telehandler 4m;2;190.65;ACC0189;completed;Y
H104284;03/02/2024;Glasgow Depot;Scotland;CM-350;Concrete Mixer 350L;5;33.34;ACC0138;completed;Y
H104285;30/03/2024;Cardiff Depot;Wales;PB-15;Powered Barrow;1;38.3;ACC0107;completed;N
H104286;23/07/2024;Bristol Depot;South West;SC-22;Scissor Lift 22ft;2;79.1;ACC0063;completed;Y
H104287;14/06/2024;Leeds Depot;North;CM-350;Concrete Mixer 350L;1;35.45;;completed;Y
H104288;25/09/2024;Bristol Depot;South West;CM-350;Concrete Mixer 350L;1;36.41;ACC0179;completed;Y
H104289;12/10/2024;Glasgow Depot;Scotland;EX-140;13T Excavator;14;317.16;ACC0107;completed;Y
H104290;03/06/2023;Cardiff Depot;Wales;SC-22;Scissor Lift 22ft;3;75.24;ACC0175;completed;Y
H104291;05/09/2024;Leeds Depot;North;TL-01;Telehandler 4m;2;177.87;ACC0220;completed;Y
H104292;27/10/2023;Bristol Depot;South West;TL-01;Telehandler 4m;2;176.58;ACC0103;completed;Y
H104293;16/08/2024;Bristol Depot;South West;CM-350;Concrete Mixer 350L;2;33.55;ACC0023;completed;Y
H104294;22/11/2023;Glasgow Depot;Scotland;SC-22;Scissor Lift 22ft;3;84.72;ACC0014;completed;N
H104295;17/06/2023;Cardiff Depot;Wales;SF-TOW;Site Tower Light;7;50.97;ACC0072;completed;Y
H104296;16/06/2023;Glasgow Depot;Scotland;CM-350;Concrete Mixer 350L;2;36.12;;completed;Y
H104297;12/05/2024;Norwich Depot;East;DM-09;Diesel Dumper 9T;1;135.01;ACC0096;completed;Y
H104298;08/09/2023;Bristol Depot;South West;SF-TOW;Site Tower Light;1;53.47;ACC0075;completed;Y
H104299;05/11/2023;Glasgow Depot;Scotland;SC-22;Scissor Lift 22ft;5;72.53;ACC0178;completed;N
H104300;10/12/2024;Glasgow Depot;Scotland;WP-02;Water Pump 2in;7;21.2;ACC0023;completed;N
H104301;16/10/2024;Cardiff Depot;Wales;HD-BRK;Hydraulic Breaker;2;65.78;ACC0229;open;Y
H104302;07/10/2024;Leeds Depot;North;PB-15;Powered Barrow;5;44.01;ACC0003;completed;Y
H104303;21/03/2024;Bristol Depot;South West;SF-TOW;Site Tower Light;7;50.57;ACC0251;completed;Y
H104304;28/03/2024;Glasgow Depot;Scotland;DM-09;Diesel Dumper 9T;7;140.59;ACC0205;completed;Y
H104305;23/04/2023;Norwich Depot;East;PB-15;Powered Barrow;3;40.63;ACC0136;completed;Y
H104306;17/10/2023;Bristol Depot;South West;DM-09;Diesel Dumper 9T;1;140.72;ACC0207;completed;Y
H104307;25/04/2023;Norwich Depot;East;PB-15;Powered Barrow;-1;40.38;ACC0158;cancelled;Y
H104308;03/03/2024;Cardiff Depot;Wales;TL-01;Telehandler 4m;1;181.12;ACC0103;completed;Y
H104309;11/10/2024;Leeds Depot;North;SC-22;Scissor Lift 22ft;2;83.49;ACC0152;completed;Y
H104310;23/06/2024;Glasgow Depot;Scotland;CM-350;Concrete Mixer 350L;1;35.33;ACC0042;open;Y
H104311;14/05/2023;Norwich Depot;East;PB-15;Powered Barrow;5;40.54;ACC0227;completed;Y
H104312;11/07/2023;Cardiff Depot;Wales;SC-22;Scissor Lift 22ft;3;84.74;ACC0115;completed;Y
H104313;28/06/2024;Leeds Depot;North;EX-140;13T Excavator;1;333.33;ACC0055;completed;Y
H104314;25/01/2024;Glasgow Depot;Scotland;CM-350;Concrete Mixer 350L;3;34.64;;completed;Y
H104315;13/06/2024;Cardiff Depot;Wales;PB-15;Powered Barrow;7;39.94;ACC0091;completed;Y
H104316;22/02/2024;Cardiff Depot;Wales;DM-09;Diesel Dumper 9T;1;141.64;ACC0055;completed;Y
H104317;04/04/2023;Glasgow Depot;Scotland;DM-09;Diesel Dumper 9T;7;134.23;ACC0156;completed;Y
H104318;13/10/2024;Cardiff Depot;Wales;GEN-60;60kVA Generator;7;100.19;ACC0016;completed;Y
H104319;14/08/2024;Bristol Depot;South West;HD-BRK;Hydraulic Breaker;7;61.06;ACC0202;completed;Y
H104320;25/01/2024;Norwich Depot;East;WP-02;Water Pump 2in;2;24.21;ACC0248;completed;Y
H104321;05/10/2024;Cardiff Depot;Wales;SC-22;Scissor Lift 22ft;5;81.62;ACC0053;completed;Y
H104322;04/07/2024;Glasgow Depot;Scotland;PB-15;Powered Barrow;2;40.53;ACC0242;completed;N
H104323;28/11/2023;Glasgow Depot;Scotland;CM-350;Concrete Mixer 350L;1;32.63;ACC0183;completed;Y
H104324;17/07/2023;Bristol Depot;South West;CM-350;Concrete Mixer 350L;2;36.52;ACC0022;completed;Y
H104325;14/01/2024;Glasgow Depot;Scotland;SF-TOW;Site Tower Light;2;51.53;ACC0073;open;Y
H104326;03/07/2024;Bristol Depot;South West;TL-01;Telehandler 4m;1;197.33;ACC0207;completed;Y
H104327;11/09/2024;Glasgow Depot;Scotland;PB-15;Powered Barrow;3;44.05;ACC0198;completed;Y
H104328;13/01/2024;Cardiff Depot;Wales;HD-BRK;Hydraulic Breaker;2;62.17;ACC0002;completed;Y
H104329;06/11/2023;Norwich Depot;East;PB-15;Powered Barrow;5;41.22;ACC0182;completed;Y
H104330;17/10/2024;Glasgow Depot;Scotland;HD-BRK;Hydraulic Breaker;5;67.08;;completed;Y
H104331;10/10/2023;Bristol Depot;South West;SC-22;Scissor Lift 22ft;3;72.52;ACC0044;open;Y
H104332;25/10/2024;Leeds Depot;North;WP-02;Water Pump 2in;1;22.82;ACC0216;completed;Y
H104333;28/08/2023;Glasgow Depot;Scotland;GEN-60;60kVA Generator;28;88.41;ACC0226;open;Y
H104334;18/04/2023;Bristol Depot;South West;WP-02;Water Pump 2in;7;21.24;ACC0021;completed;Y
H104335;26/08/2023;Norwich Depot;East;HD-BRK;Hydraulic Breaker;2;63.49;ACC0255;completed;Y
H104336;10/10/2024;Glasgow Depot;Scotland;GEN-60;60kVA Generator;3;90.68;;completed;Y
H104337;26/07/2024;Glasgow Depot;Scotland;HD-BRK;Hydraulic Breaker;3;62.0;ACC0193;completed;N
H104338;10/11/2023;Leeds Depot;North;HD-BRK;Hydraulic Breaker;3;64.77;ACC0021;completed;Y
H104339;31/07/2024;Norwich Depot;East;HD-BRK;Hydraulic Breaker;28;64.36;ACC0116;completed;Y
H104340;20/11/2023;Norwich Depot;East;DM-09;Diesel Dumper 9T;2;133.97;ACC0219;completed;Y
H104341;23/09/2024;Bristol Depot;South West;TL-01;Telehandler 4m;14;178.03;ACC0176;completed;Y
H104342;02/09/2024;Bristol Depot;South West;HD-BRK;Hydraulic Breaker;-1;62.05;ACC0076;cancelled;Y
H104343;30/09/2023;Norwich Depot;East;WP-02;Water Pump 2in;1;21.9;ACC0198;completed;Y
H104344;19/12/2024;Cardiff Depot;Wales;CM-350;Concrete Mixer 350L;2;36.35;ACC0105;completed;Y
H104345;30/01/2024;Norwich Depot;East;CM-350;Concrete Mixer 350L;1;32.1;ACC0182;completed;Y
H104346;29/02/2024;Leeds Depot;North;GEN-60;60kVA Generator;2;88.45;ACC0223;completed;N
H104347;01/08/2024;Norwich Depot;East;TL-01;Telehandler 4m;3;198.23;ACC0109;completed;Y
H104348;21/11/2024;Bristol Depot;South West;WP-02;Water Pump 2in;1;22.32;ACC0107;completed;Y
H104349;13/11/2023;Bristol Depot;South West;WP-02;Water Pump 2in;3;22.79;ACC0211;completed;Y
H104350;18/10/2024;Glasgow Depot;Scotland;CM-350;Concrete Mixer 350L;2;35.57;ACC0139;completed;Y
H104351;08/10/2024;Glasgow Depot;Scotland;SF-TOW;Site Tower Light;1;54.97;ACC0089;completed;Y
H104352;22/11/2023;Norwich Depot;East;SF-TOW;Site Tower Light;1;51.36;;completed;N
H104353;22/10/2023;Glasgow Depot;Scotland;WP-02;Water Pump 2in;2;23.52;ACC0245;completed;Y
H104354;07/07/2023;Bristol Depot;South West;DM-09;Diesel Dumper 9T;1;136.29;ACC0003;completed;Y
H104355;28/06/2024;Cardiff Depot;Wales;SF-TOW;Site Tower Light;-7;51.58;ACC0214;cancelled;Y
H104356;25/07/2024;Leeds Depot;North;GEN-60;60kVA Generator;1;90.54;;open;Y
H104357;16/06/2024;Bristol Depot;South West;WP-02;Water Pump 2in;7;21.99;ACC0044;completed;Y
H104358;15/06/2024;Glasgow Depot;Scotland;GEN-60;60kVA Generator;2;94.41;ACC0052;completed;N
H104359;19/06/2024;Leeds Depot;North;SF-TOW;Site Tower Light;2;50.38;;completed;Y
H104360;21/12/2023;Bristol Depot;South West;WP-02;Water Pump 2in;2;24.2;ACC0045;completed;Y
H104361;17/04/2024;Leeds Depot;North;SF-TOW;Site Tower Light;3;55.87;ACC0260;completed;Y
H104362;12/01/2024;Glasgow Depot;Scotland;SF-TOW;Site Tower Light;2;48.94;ACC0107;completed;Y
H104363;02/08/2024;Leeds Depot;North;DM-09;Diesel Dumper 9T;1;139.58;ACC0120;completed;Y
H104364;27/06/2023;Leeds Depot;North;PB-15;Powered Barrow;-1;39.55;ACC0218;cancelled;Y
H104365;11/05/2023;Bristol Depot;South West;HD-BRK;Hydraulic Breaker;5;63.55;ACC0132;completed;Y
H104366;10/11/2023;Bristol Depot;South West;CM-350;Concrete Mixer 350L;1;35.32;ACC0115;completed;Y
H104367;08/04/2023;Leeds Depot;North;WP-02;Water Pump 2in;2;23.06;ACC0224;completed;N
H104368;09/07/2024;Bristol Depot;South West;WP-02;Water Pump 2in;28;23.7;ACC0043;completed;N
H104369;15/09/2023;Cardiff Depot;Wales;PB-15;Powered Barrow;3;44.2;ACC0045;completed;Y
H104370;29/07/2024;Leeds Depot;North;PB-15;Powered Barrow;1;43.04;ACC0041;completed;Y
H104371;01/10/2024;Bristol Depot;South West;PB-15;Powered Barrow;5;38.25;ACC0210;completed;Y
H104372;10/06/2023;Glasgow Depot;Scotland;PB-15;Powered Barrow;1;40.85;ACC0145;completed;Y
H104373;04/04/2023;Bristol Depot;South West;DM-09;Diesel Dumper 9T;-5;154.42;ACC0043;cancelled;N
H104374;16/04/2023;Norwich Depot;East;CM-350;Concrete Mixer 350L;1;33.07;ACC0145;completed;Y
H104375;29/12/2023;Leeds Depot;North;SC-22;Scissor Lift 22ft;1;78.97;ACC0059;completed;Y
H104376;26/10/2023;Leeds Depot;North;SC-22;Scissor Lift 22ft;1;72.97;ACC0165;completed;Y
H104377;24/02/2024;Glasgow Depot;Scotland;GEN-60;60kVA Generator;1;100.25;ACC0203;completed;Y
H104378;19/12/2023;Bristol Depot;South West;CM-350;Concrete Mixer 350L;2;32.03;ACC0217;completed;Y
H104379;29/10/2023;Leeds Depot;North;DM-09;Diesel Dumper 9T;2;139.16;;completed;Y
H104380;26/12/2024;Glasgow Depot;Scotland;SC-22;Scissor Lift 22ft;1;76.32;ACC0165;completed;Y
H104381;23/01/2024;Glasgow Depot;Scotland;HD-BRK;Hydraulic Breaker;1;67.1;ACC0167;completed;Y
H104382;21/10/2023;Norwich Depot;East;SC-22;Scissor Lift 22ft;2;81.17;ACC0191;completed;Y
H104383;14/12/2024;Norwich Depot;East;DM-09;Diesel Dumper 9T;-1;136.86;;cancelled;N
H104384;07/02/2024;Cardiff Depot;Wales;GEN-60;60kVA Generator;14;91.12;ACC0049;completed;Y
H104385;06/11/2023;Leeds Depot;North;EX-140;13T Excavator;1;298.58;ACC0028;completed;Y
H104386;31/10/2023;Cardiff Depot;Wales;WP-02;Water Pump 2in;1;23.66;ACC0073;open;Y
H104387;10/02/2024;Bristol Depot;South West;TL-01;Telehandler 4m;1;174.44;;completed;Y
H104388;18/10/2023;Norwich Depot;East;GEN-60;60kVA Generator;3;101.62;ACC0110;completed;N
H104389;15/12/2024;Leeds Depot;North;SF-TOW;Site Tower Light;1;48.47;ACC0144;completed;Y
H104390;21/11/2023;Cardiff Depot;Wales;SF-TOW;Site Tower Light;2;51.67;;completed;Y
H104391;07/04/2023;Cardiff Depot;Wales;WP-02;Water Pump 2in;7;23.65;ACC0015;completed;Y
H104392;29/01/2024;Leeds Depot;North;DM-09;Diesel Dumper 9T;14;133.53;ACC0031;completed;N
H104393;15/07/2023;Cardiff Depot;Wales;CM-350;Concrete Mixer 350L;1;36.57;ACC0178;completed;Y
H104394;22/05/2023;Leeds Depot;North;TL-01;Telehandler 4m;1;174.62;ACC0011;completed;Y
H104395;10/11/2024;Glasgow Depot;Scotland;PB-15;Powered Barrow;3;40.45;ACC0242;completed;Y
H104396;06/02/2024;Cardiff Depot;Wales;SC-22;Scissor Lift 22ft;14;77.3;ACC0221;completed;Y
H104397;06/06/2024;Leeds Depot;North;SC-22;Scissor Lift 22ft;7;78.62;ACC0112;completed;Y
H104398;21/08/2024;Cardiff Depot;Wales;TL-01;Telehandler 4m;3;202.4;ACC0029;completed;Y
H104399;02/06/2024;Norwich Depot;East;SF-TOW;Site Tower Light;2;52.56;ACC0055;completed;Y
H104400;23/07/2024;Leeds Depot;North;PB-15;Powered Barrow;-28;41.26;ACC0030;cancelled;Y
H104401;06/05/2023;Bristol Depot;South West;CM-350;Concrete Mixer 350L;2;32.3;ACC0053;completed;Y
H104402;23/01/2024;Glasgow Depot;Scotland;DM-09;Diesel Dumper 9T;3;138.92;ACC0068;completed;Y
H104403;14/06/2023;Cardiff Depot;Wales;WP-02;Water Pump 2in;3;22.08;ACC0223;completed;Y
H104404;04/11/2024;Norwich Depot;East;CM-350;Concrete Mixer 350L;2;33.85;ACC0242;completed;Y
H104405;10/04/2024;Cardiff Depot;Wales;SF-TOW;Site Tower Light;1;52.3;ACC0169;open;N
H104406;14/09/2023;Bristol Depot;South West;DM-09;Diesel Dumper 9T;2;144.06;ACC0235;completed;Y
H104407;03/12/2023;Cardiff Depot;Wales;CM-350;Concrete Mixer 350L;-2;32.02;ACC0178;cancelled;Y
H104408;24/12/2024;Glasgow Depot;Scotland;WP-02;Water Pump 2in;3;22.5;ACC0247;completed;Y
H104409;09/07/2024;Bristol Depot;South West;TL-01;Telehandler 4m;-2;174.88;;cancelled;Y
H104410;12/05/2024;Cardiff Depot;Wales;SC-22;Scissor Lift 22ft;1;83.98;;completed;Y
H104411;27/12/2024;Bristol Depot;South West;PB-15;Powered Barrow;1;39.13;ACC0024;open;Y
H104412;12/08/2023;Bristol Depot;South West;SC-22;Scissor Lift 22ft;5;79.36;ACC0139;completed;Y
H104413;17/04/2023;Cardiff Depot;Wales;DM-09;Diesel Dumper 9T;14;145.18;ACC0085;completed;Y
H104414;16/06/2024;Glasgow Depot;Scotland;GEN-60;60kVA Generator;14;93.56;ACC0001;completed;Y
H104415;23/02/2024;Bristol Depot;South West;CM-350;Concrete Mixer 350L;3;32.0;ACC0249;completed;N
H104416;23/10/2023;Glasgow Depot;Scotland;CM-350;Concrete Mixer 350L;3;35.21;ACC0047;completed;N
H104417;24/10/2023;Cardiff Depot;Wales;CM-350;Concrete Mixer 350L;1;34.6;;completed;Y
H104418;05/08/2023;Glasgow Depot;Scotland;GEN-60;60kVA Generator;1;101.55;ACC0026;completed;Y
H104419;28/05/2023;Cardiff Depot;Wales;CM-350;Concrete Mixer 350L;2;31.85;ACC0258;completed;Y
H104420;11/04/2024;Glasgow Depot;Scotland;TL-01;Telehandler 4m;-3;187.61;ACC0064;cancelled;Y
H104421;15/11/2024;Norwich Depot;East;EX-140;13T Excavator;1;319.13;ACC0044;completed;Y
H104422;11/04/2023;Cardiff Depot;Wales;TL-01;Telehandler 4m;3;201.18;ACC0088;completed;Y
H104423;06/04/2023;Leeds Depot;North;GEN-60;60kVA Generator;14;95.38;ACC0239;completed;Y
H104424;05/12/2023;Glasgow Depot;Scotland;WP-02;Water Pump 2in;2;23.98;ACC0036;open;N
H104425;21/04/2023;Leeds Depot;North;GEN-60;60kVA Generator;2;102.73;ACC0019;completed;Y
H104426;01/07/2023;Bristol Depot;South West;CM-350;Concrete Mixer 350L;2;34.66;ACC0254;completed;Y
H104427;31/05/2023;Norwich Depot;East;CM-350;Concrete Mixer 350L;1;32.91;ACC0062;completed;Y
H104428;03/11/2024;Bristol Depot;South West;HD-BRK;Hydraulic Breaker;1;61.52;ACC0099;completed;Y
H104429;20/11/2023;Cardiff Depot;Wales;HD-BRK;Hydraulic Breaker;5;66.33;ACC0031;completed;Y
H104430;16/05/2024;Bristol Depot;South West;DM-09;Diesel Dumper 9T;-28;140.65;ACC0028;cancelled;Y
H104431;08/09/2023;Glasgow Depot;Scotland;HD-BRK;Hydraulic Breaker;-1;59.81;;cancelled;Y
H104432;04/01/2024;Bristol Depot;South West;GEN-60;60kVA Generator;14;89.4;ACC0125;completed;Y
H104433;20/07/2024;Bristol Depot;South West;DM-09;Diesel Dumper 9T;28;136.79;ACC0069;completed;Y
H104434;05/07/2023;Cardiff Depot;Wales;GEN-60;60kVA Generator;2;94.18;ACC0145;completed;Y
H104435;16/12/2023;Norwich Depot;East;WP-02;Water Pump 2in;2;24.18;ACC0124;completed;N
H104436;09/06/2024;Norwich Depot;East;SC-22;Scissor Lift 22ft;2;76.55;ACC0245;completed;Y
H104437;23/09/2023;Glasgow Depot;Scotland;WP-02;Water Pump 2in;1;21.35;ACC0149;open;Y
H104438;14/09/2024;Cardiff Depot;Wales;SC-22;Scissor Lift 22ft;1;84.19;ACC0100;completed;Y
H104439;18/09/2023;Cardiff Depot;Wales;TL-01;Telehandler 4m;2;174.91;ACC0217;completed;Y
H104440;26/11/2024;Norwich Depot;East;SF-TOW;Site Tower Light;1;50.48;ACC0230;completed;N
H104441;25/12/2024;Bristol Depot;South West;SF-TOW;Site Tower Light;14;50.11;ACC0017;completed;Y
H104442;14/10/2023;Glasgow Depot;Scotland;WP-02;Water Pump 2in;5;23.07;ACC0170;completed;N
H104443;28/03/2024;Leeds Depot;North;SC-22;Scissor Lift 22ft;5;82.39;ACC0069;completed;Y
H104444;13/04/2024;Leeds Depot;North;GEN-60;60kVA Generator;3;90.39;ACC0196;completed;Y
H104445;10/12/2024;Cardiff Depot;Wales;SC-22;Scissor Lift 22ft;1;81.64;ACC0135;open;Y
H104446;09/12/2024;Glasgow Depot;Scotland;TL-01;Telehandler 4m;1;194.51;ACC0013;completed;Y
H104447;28/12/2023;Bristol Depot;South West;PB-15;Powered Barrow;1;39.0;ACC0123;open;Y
H104448;24/02/2024;Norwich Depot;East;HD-BRK;Hydraulic Breaker;1;61.71;ACC0243;completed;Y
H104449;30/10/2024;Glasgow Depot;Scotland;TL-01;Telehandler 4m;3;178.29;ACC0071;completed;Y
H104450;07/02/2024;Leeds Depot;North;PB-15;Powered Barrow;1;42.56;ACC0013;completed;N
H104451;09/11/2023;Leeds Depot;North;CM-350;Concrete Mixer 350L;3;34.0;ACC0171;completed;Y
H104452;12/12/2024;Bristol Depot;South West;DM-09;Diesel Dumper 9T;7;152.1;ACC0183;completed;N
H104453;02/04/2024;Glasgow Depot;Scotland;DM-09;Diesel Dumper 9T;14;138.84;ACC0108;completed;Y
H104454;21/07/2024;Leeds Depot;North;CM-350;Concrete Mixer 350L;1;36.3;ACC0245;open;Y
H104455;21/01/2024;Cardiff Depot;Wales;WP-02;Water Pump 2in;1;23.72;ACC0106;completed;Y
H104456;04/07/2024;Cardiff Depot;Wales;SF-TOW;Site Tower Light;1;51.28;ACC0163;completed;N
H104457;26/05/2024;Norwich Depot;East;CM-350;Concrete Mixer 350L;14;32.41;ACC0201;completed;Y
H104458;27/07/2024;Bristol Depot;South West;EX-140;13T Excavator;5;316.38;;completed;Y
H104459;25/08/2023;Norwich Depot;East;SF-TOW;Site Tower Light;14;52.51;ACC0154;completed;Y
H104460;13/05/2023;Cardiff Depot;Wales;CM-350;Concrete Mixer 350L;5;31.85;ACC0250;open;Y
H104461;24/02/2024;Norwich Depot;East;WP-02;Water Pump 2in;5;23.43;ACC0047;completed;Y
H104462;11/01/2024;Leeds Depot;North;WP-02;Water Pump 2in;5;23.58;ACC0202;completed;Y
H104463;28/04/2023;Bristol Depot;South West;WP-02;Water Pump 2in;2;21.83;;completed;Y
H104464;01/05/2024;Cardiff Depot;Wales;SC-22;Scissor Lift 22ft;2;80.27;ACC0250;completed;N
H104465;18/10/2024;Cardiff Depot;Wales;TL-01;Telehandler 4m;2;185.15;ACC0170;completed;Y
H104466;19/12/2024;Cardiff Depot;Wales;DM-09;Diesel Dumper 9T;7;154.18;ACC0176;completed;Y
H104467;29/11/2024;Glasgow Depot;Scotland;WP-02;Water Pump 2in;3;23.11;ACC0062;completed;Y
H104468;04/06/2024;Glasgow Depot;Scotland;EX-140;13T Excavator;-1;321.52;ACC0053;cancelled;N
H104469;25/12/2024;Glasgow Depot;Scotland;WP-02;Water Pump 2in;3;20.8;ACC0243;completed;Y
H104470;01/06/2024;Glasgow Depot;Scotland;WP-02;Water Pump 2in;2;21.41;ACC0019;completed;Y
H104471;20/05/2023;Norwich Depot;East;HD-BRK;Hydraulic Breaker;2;66.98;ACC0143;completed;Y
H104472;04/08/2023;Glasgow Depot;Scotland;CM-350;Concrete Mixer 350L;1;32.63;ACC0005;completed;Y
H104473;14/05/2024;Bristol Depot;South West;WP-02;Water Pump 2in;1;23.58;ACC0042;completed;Y
H104474;09/05/2023;Bristol Depot;South West;WP-02;Water Pump 2in;1;20.91;ACC0150;completed;Y
H104475;23/02/2024;Norwich Depot;East;WP-02;Water Pump 2in;1;23.26;ACC0047;completed;Y
H104476;28/07/2023;Norwich Depot;East;CM-350;Concrete Mixer 350L;1;35.95;ACC0111;completed;Y
H104477;18/01/2024;Cardiff Depot;Wales;WP-02;Water Pump 2in;3;23.36;ACC0166;completed;Y
H104478;16/11/2023;Glasgow Depot;Scotland;SF-TOW;Site Tower Light;7;51.68;ACC0151;completed;Y
H104479;22/11/2024;Glasgow Depot;Scotland;CM-350;Concrete Mixer 350L;1;31.87;ACC0066;completed;Y
H104480;18/10/2023;Cardiff Depot;Wales;SC-22;Scissor Lift 22ft;5;84.37;ACC0122;completed;Y
H104481;06/11/2023;Cardiff Depot;Wales;WP-02;Water Pump 2in;28;22.66;ACC0120;completed;Y
H104482;02/02/2024;Leeds Depot;North;DM-09;Diesel Dumper 9T;-7;147.89;ACC0145;cancelled;Y
H104483;04/07/2023;Glasgow Depot;Scotland;SF-TOW;Site Tower Light;1;55.32;ACC0041;completed;Y
H104484;11/05/2023;Glasgow Depot;Scotland;WP-02;Water Pump 2in;3;22.95;ACC0145;completed;Y
H104485;15/06/2024;Leeds Depot;North;CM-350;Concrete Mixer 350L;1;32.2;ACC0219;completed;Y
H104486;31/08/2023;Cardiff Depot;Wales;SF-TOW;Site Tower Light;3;52.1;ACC0216;completed;Y
H104487;08/09/2024;Bristol Depot;South West;DM-09;Diesel Dumper 9T;14;146.94;ACC0185;open;Y
H104488;16/07/2024;Glasgow Depot;Scotland;WP-02;Water Pump 2in;-14;22.92;ACC0074;cancelled;Y
H104489;26/10/2024;Bristol Depot;South West;WP-02;Water Pump 2in;1;22.49;ACC0088;completed;Y
H104490;17/10/2024;Bristol Depot;South West;GEN-60;60kVA Generator;3;96.13;ACC0178;completed;N
H104491;18/09/2024;Glasgow Depot;Scotland;EX-140;13T Excavator;2;315.59;ACC0073;completed;Y
H104492;21/10/2023;Bristol Depot;South West;SC-22;Scissor Lift 22ft;1;81.87;ACC0102;completed;Y
H104493;18/03/2024;Leeds Depot;North;CM-350;Concrete Mixer 350L;1;33.15;ACC0182;completed;Y
H104494;07/04/2023;Bristol Depot;South West;GEN-60;60kVA Generator;2;89.38;ACC0069;completed;Y
H104495;01/04/2023;Norwich Depot;East;WP-02;Water Pump 2in;-3;23.13;ACC0244;cancelled;Y
H104496;04/07/2024;Leeds Depot;North;GEN-60;60kVA Generator;3;98.61;ACC0196;completed;N
H104497;19/10/2024;Leeds Depot;North;WP-02;Water Pump 2in;2;23.03;ACC0037;completed;Y
H104498;10/08/2024;Leeds Depot;North;EX-140;13T Excavator;7;307.8;ACC0122;completed;Y
H104499;29/07/2024;Bristol Depot;South West;SF-TOW;Site Tower Light;1;55.69;ACC0017;completed;N
H104500;27/12/2024;Glasgow Depot;Scotland;WP-02;Water Pump 2in;14;21.95;;completed;Y
H104501;01/06/2024;Norwich Depot;East;HD-BRK;Hydraulic Breaker;2;65.88;ACC0164;completed;N
H104502;15/07/2023;Bristol Depot;South West;DM-09;Diesel Dumper 9T;3;154.43;ACC0166;open;N
H104503;28/08/2023;Cardiff Depot;Wales;HD-BRK;Hydraulic Breaker;2;67.92;ACC0235;completed;N
H104504;13/11/2024;Norwich Depot;East;SC-22;Scissor Lift 22ft;3;82.21;ACC0103;completed;Y
H104505;11/07/2024;Leeds Depot;North;WP-02;Water Pump 2in;5;22.19;ACC0232;completed;Y
H104506;31/10/2024;Cardiff Depot;Wales;TL-01;Telehandler 4m;1;190.42;ACC0133;completed;Y
H104507;12/07/2023;Leeds Depot;North;PB-15;Powered Barrow;1;42.82;ACC0223;completed;N
H104508;17/04/2023;Leeds Depot;North;DM-09;Diesel Dumper 9T;1;144.65;ACC0194;completed;Y
H104509;02/07/2024;Bristol Depot;South West;CM-350;Concrete Mixer 350L;1;36.08;ACC0197;completed;N
H104510;25/06/2023;Norwich Depot;East;WP-02;Water Pump 2in;1;20.8;ACC0220;completed;Y
H104511;14/09/2023;Glasgow Depot;Scotland;TL-01;Telehandler 4m;1;174.89;;completed;Y
H104512;05/10/2023;Cardiff Depot;Wales;HD-BRK;Hydraulic Breaker;1;60.39;ACC0050;completed;Y
H104513;22/11/2023;Leeds Depot;North;SC-22;Scissor Lift 22ft;7;74.61;ACC0178;completed;Y
H104514;13/12/2024;Norwich Depot;East;WP-02;Water Pump 2in;3;23.47;ACC0136;completed;Y
H104515;11/12/2023;Norwich Depot;East;TL-01;Telehandler 4m;5;178.64;ACC0142;completed;Y
H104516;06/07/2024;Leeds Depot;North;GEN-60;60kVA Generator;7;101.21;ACC0092;completed;Y
H104517;23/01/2024;Cardiff Depot;Wales;PB-15;Powered Barrow;1;40.26;ACC0180;completed;Y
H104518;02/06/2023;Cardiff Depot;Wales;GEN-60;60kVA Generator;5;95.6;ACC0100;completed;N
H104519;17/06/2024;Cardiff Depot;Wales;SC-22;Scissor Lift 22ft;1;82.33;ACC0022;completed;Y
H104520;15/08/2023;Norwich Depot;East;WP-02;Water Pump 2in;3;20.78;ACC0098;completed;Y
H104521;10/10/2023;Leeds Depot;North;WP-02;Water Pump 2in;14;23.84;ACC0178;completed;Y
H104522;08/08/2023;Glasgow Depot;Scotland;WP-02;Water Pump 2in;2;23.33;ACC0174;completed;Y
H104523;16/04/2024;Norwich Depot;East;SF-TOW;Site Tower Light;14;50.02;ACC0212;completed;Y
H104524;01/08/2023;Glasgow Depot;Scotland;PB-15;Powered Barrow;3;44.12;;completed;N
H104525;30/11/2023;Norwich Depot;East;GEN-60;60kVA Generator;2;96.27;ACC0241;completed;Y
H104526;03/07/2024;Glasgow Depot;Scotland;WP-02;Water Pump 2in;1;23.03;ACC0236;completed;N
H104527;23/04/2024;Glasgow Depot;Scotland;GEN-60;60kVA Generator;2;91.34;ACC0050;completed;Y
H104528;15/01/2024;Norwich Depot;East;CM-350;Concrete Mixer 350L;3;32.37;ACC0239;completed;Y
H104529;28/08/2024;Glasgow Depot;Scotland;SC-22;Scissor Lift 22ft;2;78.14;ACC0033;completed;Y
H104530;10/02/2024;Bristol Depot;South West;SC-22;Scissor Lift 22ft;2;74.95;ACC0048;completed;N
H104531;15/08/2024;Cardiff Depot;Wales;PB-15;Powered Barrow;1;42.32;ACC0068;completed;Y
H104532;19/04/2024;Norwich Depot;East;WP-02;Water Pump 2in;3;23.23;ACC0150;completed;N
H104533;05/07/2023;Bristol Depot;South West;DM-09;Diesel Dumper 9T;3;138.36;ACC0257;completed;Y
H104534;26/10/2024;Norwich Depot;East;SF-TOW;Site Tower Light;2;51.65;;completed;Y
H104535;17/08/2024;Glasgow Depot;Scotland;GEN-60;60kVA Generator;28;91.64;;completed;Y
H104536;18/11/2024;Norwich Depot;East;CM-350;Concrete Mixer 350L;28;32.35;ACC0143;completed;Y
H104537;03/09/2023;Leeds Depot;North;SC-22;Scissor Lift 22ft;1;74.99;ACC0050;completed;Y
H104538;25/03/2024;Leeds Depot;North;PB-15;Powered Barrow;3;39.86;ACC0055;open;Y
H104539;22/12/2023;Leeds Depot;North;SF-TOW;Site Tower Light;1;56.09;ACC0043;completed;Y
H104540;30/06/2024;Norwich Depot;East;DM-09;Diesel Dumper 9T;2;134.64;ACC0189;completed;N
H104541;25/11/2023;Leeds Depot;North;DM-09;Diesel Dumper 9T;2;147.73;ACC0100;completed;N
H104542;24/05/2023;Norwich Depot;East;WP-02;Water Pump 2in;1;21.82;;completed;Y
H104543;27/09/2023;Norwich Depot;East;PB-15;Powered Barrow;5;38.28;ACC0189;completed;Y
H104544;26/02/2024;Bristol Depot;South West;DM-09;Diesel Dumper 9T;2;151.8;ACC0032;completed;Y
H104545;04/06/2023;Cardiff Depot;Wales;SC-22;Scissor Lift 22ft;2;77.28;ACC0079;completed;Y
H104546;06/05/2023;Bristol Depot;South West;CM-350;Concrete Mixer 350L;-2;36.06;ACC0003;cancelled;Y
H104547;10/03/2024;Norwich Depot;East;SF-TOW;Site Tower Light;5;51.64;ACC0229;open;N
H104548;09/11/2023;Norwich Depot;East;TL-01;Telehandler 4m;7;182.78;ACC0209;completed;N
H104549;27/02/2024;Glasgow Depot;Scotland;DM-09;Diesel Dumper 9T;28;138.45;ACC0007;completed;Y
H104550;31/10/2023;Norwich Depot;East;SF-TOW;Site Tower Light;1;51.18;ACC0119;completed;Y
H104551;22/03/2024;Norwich Depot;East;HD-BRK;Hydraulic Breaker;1;64.28;;completed;Y
H104552;31/05/2023;Norwich Depot;East;SC-22;Scissor Lift 22ft;1;75.3;ACC0025;completed;Y
H104553;27/10/2023;Norwich Depot;East;PB-15;Powered Barrow;5;37.9;;completed;Y
H104554;21/08/2024;Glasgow Depot;Scotland;SF-TOW;Site Tower Light;1;48.07;ACC0180;completed;Y
H104555;15/06/2023;Bristol Depot;South West;WP-02;Water Pump 2in;5;22.78;ACC0247;completed;Y
H104556;02/09/2023;Norwich Depot;East;GEN-60;60kVA Generator;5;100.23;;completed;Y
H104557;23/04/2024;Leeds Depot;North;SF-TOW;Site Tower Light;1;48.05;ACC0255;completed;Y
H104558;02/09/2024;Bristol Depot;South West;SC-22;Scissor Lift 22ft;1;72.48;;completed;N
H104559;25/07/2023;Norwich Depot;East;GEN-60;60kVA Generator;5;102.89;ACC0035;completed;N
H104560;07/06/2024;Cardiff Depot;Wales;SC-22;Scissor Lift 22ft;-5;72.41;ACC0009;cancelled;Y
H104561;12/01/2024;Cardiff Depot;Wales;SF-TOW;Site Tower Light;1;47.97;ACC0003;completed;Y
H104562;28/06/2023;Cardiff Depot;Wales;CM-350;Concrete Mixer 350L;2;34.07;ACC0210;completed;Y
H104563;03/03/2024;Cardiff Depot;Wales;HD-BRK;Hydraulic Breaker;2;68.61;ACC0166;completed;Y
H104564;22/11/2024;Norwich Depot;East;EX-140;13T Excavator;14;305.73;ACC0044;open;Y
H104565;17/07/2023;Leeds Depot;North;DM-09;Diesel Dumper 9T;3;134.52;ACC0169;completed;N
H104566;26/04/2023;Glasgow Depot;Scotland;WP-02;Water Pump 2in;3;22.33;ACC0091;completed;Y
H104567;01/05/2023;Glasgow Depot;Scotland;DM-09;Diesel Dumper 9T;5;153.07;ACC0148;completed;Y
H104568;18/07/2024;Glasgow Depot;Scotland;CM-350;Concrete Mixer 350L;1;35.51;ACC0153;completed;Y
H104569;07/04/2024;Cardiff Depot;Wales;SF-TOW;Site Tower Light;7;56.05;ACC0084;completed;Y
H104570;28/11/2024;Norwich Depot;East;EX-140;13T Excavator;3;323.36;ACC0192;completed;Y
H104571;22/09/2023;Norwich Depot;East;DM-09;Diesel Dumper 9T;3;151.6;ACC0091;completed;Y
H104572;04/04/2023;Norwich Depot;East;SC-22;Scissor Lift 22ft;3;74.38;ACC0057;completed;Y
H104573;01/12/2023;Glasgow Depot;Scotland;WP-02;Water Pump 2in;1;23.31;;completed;Y
H104574;20/07/2023;Norwich Depot;East;PB-15;Powered Barrow;2;38.48;;completed;Y
H104575;05/01/2024;Leeds Depot;North;EX-140;13T Excavator;5;334.49;ACC0141;completed;Y
H104576;26/04/2024;Bristol Depot;South West;WP-02;Water Pump 2in;3;21.96;ACC0259;completed;Y
H104577;20/07/2023;Glasgow Depot;Scotland;WP-02;Water Pump 2in;3;22.59;ACC0252;completed;Y
H104578;12/09/2023;Glasgow Depot;Scotland;DM-09;Diesel Dumper 9T;5;135.72;;open;Y
H104579;12/10/2024;Glasgow Depot;Scotland;SC-22;Scissor Lift 22ft;5;82.23;ACC0128;completed;Y
H104580;08/06/2024;Leeds Depot;North;SC-22;Scissor Lift 22ft;1;72.93;;completed;Y
H104581;17/02/2024;Bristol Depot;South West;WP-02;Water Pump 2in;1;20.8;ACC0108;completed;N
H104582;19/12/2023;Glasgow Depot;Scotland;EX-140;13T Excavator;7;321.12;ACC0240;completed;Y
H104583;26/10/2023;Bristol Depot;South West;TL-01;Telehandler 4m;3;202.77;ACC0069;completed;Y
H104584;15/02/2024;Cardiff Depot;Wales;GEN-60;60kVA Generator;3;101.77;;completed;N
H104585;25/01/2024;Bristol Depot;South West;GEN-60;60kVA Generator;-1;94.65;ACC0249;cancelled;N
H104586;14/07/2023;Leeds Depot;North;EX-140;13T Excavator;-1;292.03;ACC0011;cancelled;Y
H104587;01/07/2024;Leeds Depot;North;CM-350;Concrete Mixer 350L;7;32.15;ACC0007;completed;Y
H104588;18/11/2024;Bristol Depot;South West;SF-TOW;Site Tower Light;3;55.66;ACC0046;completed;Y
H104589;05/07/2023;Cardiff Depot;Wales;SF-TOW;Site Tower Light;2;51.3;ACC0239;completed;Y
H104590;13/07/2023;Bristol Depot;South West;SC-22;Scissor Lift 22ft;3;84.03;ACC0193;open;Y
H104591;08/11/2024;Glasgow Depot;Scotland;PB-15;Powered Barrow;7;42.7;ACC0230;completed;Y
H104592;09/04/2024;Cardiff Depot;Wales;GEN-60;60kVA Generator;1;98.6;ACC0049;open;Y
H104593;15/05/2024;Leeds Depot;North;PB-15;Powered Barrow;5;38.59;ACC0093;completed;Y
H104594;02/09/2023;Norwich Depot;East;SF-TOW;Site Tower Light;5;50.77;ACC0019;completed;Y
H104595;06/09/2024;Bristol Depot;South West;WP-02;Water Pump 2in;1;23.71;ACC0162;completed;Y
H104596;09/06/2023;Norwich Depot;East;WP-02;Water Pump 2in;1;20.74;ACC0111;completed;Y
H104597;05/12/2024;Glasgow Depot;Scotland;SF-TOW;Site Tower Light;7;56.1;;completed;Y
H104598;21/12/2024;Glasgow Depot;Scotland;DM-09;Diesel Dumper 9T;2;149.68;ACC0011;completed;Y
H104599;29/10/2024;Bristol Depot;South West;EX-140;13T Excavator;1;305.37;ACC0051;completed;Y
H104600;11/08/2023;Bristol Depot;South West;SC-22;Scissor Lift 22ft;28;76.69;;completed;N
H104601;08/09/2023;Leeds Depot;North;DM-09;Diesel Dumper 9T;2;145.81;ACC0256;completed;Y
H104602;28/10/2023;Bristol Depot;South West;WP-02;Water Pump 2in;-2;23.32;ACC0213;cancelled;N
H104603;09/09/2023;Bristol Depot;South West;WP-02;Water Pump 2in;1;23.47;ACC0113;completed;Y
H104604;18/05/2024;Cardiff Depot;Wales;PB-15;Powered Barrow;1;43.16;ACC0081;completed;Y
H104605;01/12/2023;Bristol Depot;South West;DM-09;Diesel Dumper 9T;2;138.19;ACC0144;open;N
H104606;25/08/2024;Glasgow Depot;Scotland;PB-15;Powered Barrow;1;39.51;ACC0002;completed;Y
H104607;15/05/2023;Leeds Depot;North;DM-09;Diesel Dumper 9T;28;147.14;ACC0255;completed;Y
H104608;15/09/2023;Bristol Depot;South West;CM-350;Concrete Mixer 350L;28;32.86;ACC0012;completed;Y
H104609;10/06/2024;Glasgow Depot;Scotland;WP-02;Water Pump 2in;7;22.91;ACC0253;open;N
H104610;05/09/2023;Leeds Depot;North;CM-350;Concrete Mixer 350L;2;34.46;ACC0164;completed;N
H104611;19/04/2023;Bristol Depot;South West;WP-02;Water Pump 2in;3;21.58;;open;Y
H104612;17/07/2023;Cardiff Depot;Wales;EX-140;13T Excavator;3;308.2;ACC0078;completed;Y
H104613;20/07/2024;Norwich Depot;East;PB-15;Powered Barrow;7;42.25;;completed;Y
H104614;10/10/2023;Bristol Depot;South West;WP-02;Water Pump 2in;1;22.38;ACC0204;completed;Y
H104615;12/06/2023;Norwich Depot;East;SF-TOW;Site Tower Light;5;51.66;ACC0221;completed;N
H104616;07/07/2024;Glasgow Depot;Scotland;SC-22;Scissor Lift 22ft;1;78.17;ACC0145;completed;Y
H104617;28/09/2024;Norwich Depot;East;SF-TOW;Site Tower Light;2;48.42;ACC0053;completed;Y
H104618;30/04/2024;Leeds Depot;North;EX-140;13T Excavator;3;305.27;;completed;Y
H104619;31/12/2023;Leeds Depot;North;SC-22;Scissor Lift 22ft;2;78.84;ACC0145;completed;Y
H104620;21/02/2024;Glasgow Depot;Scotland;WP-02;Water Pump 2in;7;22.69;ACC0071;completed;Y
H104621;07/12/2023;Norwich Depot;East;HD-BRK;Hydraulic Breaker;2;66.43;ACC0088;completed;Y
H104622;09/12/2024;Leeds Depot;North;GEN-60;60kVA Generator;7;101.43;ACC0258;completed;Y
H104623;12/03/2024;Leeds Depot;North;PB-15;Powered Barrow;1;40.75;ACC0160;completed;Y
H104624;13/10/2023;Glasgow Depot;Scotland;HD-BRK;Hydraulic Breaker;1;65.79;ACC0101;completed;Y
H104625;21/08/2023;Bristol Depot;South West;DM-09;Diesel Dumper 9T;1;151.59;ACC0021;completed;N
H104626;23/08/2024;Norwich Depot;East;DM-09;Diesel Dumper 9T;7;156.12;ACC0103;completed;Y
H104627;09/08/2023;Leeds Depot;North;SF-TOW;Site Tower Light;1;51.88;ACC0089;completed;Y
H104628;04/07/2023;Bristol Depot;South West;DM-09;Diesel Dumper 9T;3;139.94;ACC0123;completed;Y
H104629;07/10/2023;Glasgow Depot;Scotland;WP-02;Water Pump 2in;2;24.29;ACC0117;completed;Y
H104630;03/11/2023;Leeds Depot;North;SC-22;Scissor Lift 22ft;1;81.32;ACC0240;completed;Y
H104631;24/10/2024;Cardiff Depot;Wales;WP-02;Water Pump 2in;3;21.86;ACC0138;completed;Y
H104632;14/12/2024;Glasgow Depot;Scotland;WP-02;Water Pump 2in;7;23.18;ACC0104;completed;Y
H104633;15/07/2023;Cardiff Depot;Wales;DM-09;Diesel Dumper 9T;1;152.38;;completed;Y
H104634;29/10/2024;Glasgow Depot;Scotland;TL-01;Telehandler 4m;2;187.93;ACC0180;completed;Y
H104635;19/04/2024;Bristol Depot;South West;DM-09;Diesel Dumper 9T;1;149.56;ACC0148;completed;Y
H104636;13/12/2023;Leeds Depot;North;DM-09;Diesel Dumper 9T;1;150.94;ACC0205;completed;N
H104637;24/06/2023;Bristol Depot;South West;WP-02;Water Pump 2in;3;22.79;ACC0028;completed;Y
H104638;09/06/2024;Leeds Depot;North;EX-140;13T Excavator;2;331.77;;open;Y
H104639;03/01/2024;Leeds Depot;North;GEN-60;60kVA Generator;2;102.31;ACC0253;completed;Y
H104640;16/04/2024;Cardiff Depot;Wales;CM-350;Concrete Mixer 350L;3;36.02;ACC0251;completed;Y
H104641;21/12/2024;Cardiff Depot;Wales;WP-02;Water Pump 2in;14;22.8;ACC0068;completed;Y
H104642;18/11/2024;Norwich Depot;East;GEN-60;60kVA Generator;14;98.71;ACC0123;completed;Y
H104643;13/09/2023;Norwich Depot;East;PB-15;Powered Barrow;7;42.9;ACC0182;completed;Y
H104644;22/09/2023;Leeds Depot;North;SF-TOW;Site Tower Light;5;53.91;ACC0111;completed;Y
H104645;09/04/2023;Leeds Depot;North;GEN-60;60kVA Generator;2;101.97;ACC0248;completed;Y
H104646;09/06/2024;Bristol Depot;South West;PB-15;Powered Barrow;5;41.42;ACC0226;completed;Y
H104647;06/11/2024;Bristol Depot;South West;WP-02;Water Pump 2in;1;21.51;ACC0015;completed;Y
H104648;23/10/2023;Cardiff Depot;Wales;SC-22;Scissor Lift 22ft;7;79.39;ACC0161;completed;N
H104649;29/06/2024;Leeds Depot;North;TL-01;Telehandler 4m;1;187.75;ACC0232;completed;Y
H104650;02/09/2024;Norwich Depot;East;WP-02;Water Pump 2in;1;22.77;ACC0151;completed;Y
H104651;24/11/2023;Cardiff Depot;Wales;PB-15;Powered Barrow;2;43.52;;completed;N
H104652;13/05/2023;Cardiff Depot;Wales;DM-09;Diesel Dumper 9T;1;136.18;ACC0042;completed;N
H104653;26/07/2024;Glasgow Depot;Scotland;GEN-60;60kVA Generator;1;95.89;ACC0120;completed;Y
H104654;26/11/2023;Norwich Depot;East;SF-TOW;Site Tower Light;1;49.13;ACC0079;completed;Y
H104655;25/05/2024;Cardiff Depot;Wales;WP-02;Water Pump 2in;1;21.88;ACC0167;completed;N
H104656;19/10/2024;Cardiff Depot;Wales;WP-02;Water Pump 2in;5;20.79;ACC0233;completed;Y
H104657;01/09/2023;Bristol Depot;South West;SF-TOW;Site Tower Light;-2;55.37;ACC0138;cancelled;Y
H104658;08/12/2024;Norwich Depot;East;WP-02;Water Pump 2in;3;23.69;;completed;N
H104659;09/07/2023;Cardiff Depot;Wales;HD-BRK;Hydraulic Breaker;2;67.7;ACC0222;completed;Y
H104660;24/04/2023;Glasgow Depot;Scotland;GEN-60;60kVA Generator;7;89.92;ACC0163;completed;N
H104661;15/11/2024;Bristol Depot;South West;CM-350;Concrete Mixer 350L;7;32.37;ACC0210;completed;Y
H104662;11/01/2024;Bristol Depot;South West;CM-350;Concrete Mixer 350L;-5;36.03;ACC0054;cancelled;Y
H104663;16/04/2023;Bristol Depot;South West;CM-350;Concrete Mixer 350L;28;35.9;ACC0027;completed;Y
H104664;10/07/2023;Glasgow Depot;Scotland;TL-01;Telehandler 4m;1;185.6;ACC0248;completed;N
H104665;11/10/2023;Bristol Depot;South West;CM-350;Concrete Mixer 350L;5;36.52;ACC0061;completed;Y
H104666;07/08/2024;Glasgow Depot;Scotland;CM-350;Concrete Mixer 350L;5;34.71;;completed;N
H104667;25/09/2023;Norwich Depot;East;CM-350;Concrete Mixer 350L;-5;36.02;ACC0025;cancelled;Y
H104668;23/05/2024;Norwich Depot;East;DM-09;Diesel Dumper 9T;5;134.85;ACC0240;completed;N
H104669;19/10/2024;Cardiff Depot;Wales;SC-22;Scissor Lift 22ft;3;77.22;ACC0194;completed;Y
H104670;31/08/2024;Bristol Depot;South West;PB-15;Powered Barrow;1;40.63;ACC0149;completed;Y
H104671;05/05/2024;Leeds Depot;North;CM-350;Concrete Mixer 350L;7;32.75;ACC0234;completed;N
H104672;15/01/2024;Glasgow Depot;Scotland;HD-BRK;Hydraulic Breaker;1;61.45;;open;Y
H104673;15/10/2024;Glasgow Depot;Scotland;PB-15;Powered Barrow;3;39.55;ACC0240;completed;Y
H104674;15/03/2024;Leeds Depot;North;DM-09;Diesel Dumper 9T;1;154.85;ACC0243;completed;Y
H104675;18/07/2024;Cardiff Depot;Wales;SF-TOW;Site Tower Light;2;52.71;ACC0104;completed;Y
H104676;30/12/2023;Glasgow Depot;Scotland;GEN-60;60kVA Generator;1;89.4;ACC0090;completed;Y
H104677;07/09/2024;Cardiff Depot;Wales;TL-01;Telehandler 4m;14;182.03;ACC0142;completed;N
H104678;10/11/2023;Norwich Depot;East;GEN-60;60kVA Generator;1;101.29;ACC0044;completed;Y
H104679;20/06/2024;Cardiff Depot;Wales;SF-TOW;Site Tower Light;-3;54.2;ACC0239;cancelled;N
H104680;11/06/2023;Norwich Depot;East;SC-22;Scissor Lift 22ft;1;83.51;ACC0250;open;Y
H104681;26/11/2024;Leeds Depot;North;WP-02;Water Pump 2in;7;23.77;ACC0222;completed;Y
H104682;17/11/2023;Glasgow Depot;Scotland;PB-15;Powered Barrow;5;41.66;ACC0060;open;N
H104683;16/06/2024;Glasgow Depot;Scotland;WP-02;Water Pump 2in;1;22.28;ACC0011;completed;Y
H104684;24/05/2024;Norwich Depot;East;PB-15;Powered Barrow;1;41.83;ACC0128;completed;Y
H104685;14/12/2024;Glasgow Depot;Scotland;DM-09;Diesel Dumper 9T;7;153.56;ACC0058;completed;N
H104686;01/04/2024;Norwich Depot;East;HD-BRK;Hydraulic Breaker;2;68.28;;completed;Y
H104687;30/11/2024;Glasgow Depot;Scotland;SF-TOW;Site Tower Light;1;50.5;ACC0196;completed;Y
H104688;23/08/2023;Cardiff Depot;Wales;PB-15;Powered Barrow;1;41.06;ACC0118;completed;Y
H104689;21/07/2024;Leeds Depot;North;EX-140;13T Excavator;2;321.29;ACC0159;completed;Y
H104690;15/01/2024;Cardiff Depot;Wales;HD-BRK;Hydraulic Breaker;2;59.59;ACC0241;completed;Y
H104691;04/04/2023;Norwich Depot;East;DM-09;Diesel Dumper 9T;14;135.44;;completed;Y
H104692;03/06/2023;Glasgow Depot;Scotland;WP-02;Water Pump 2in;7;24.29;ACC0059;completed;Y
H104693;14/07/2024;Glasgow Depot;Scotland;CM-350;Concrete Mixer 350L;2;34.84;;completed;N
H104694;05/12/2023;Bristol Depot;South West;GEN-60;60kVA Generator;1;93.8;ACC0196;completed;Y
H104695;06/09/2024;Norwich Depot;East;GEN-60;60kVA Generator;3;88.52;ACC0111;completed;Y
H104696;18/05/2023;Norwich Depot;East;CM-350;Concrete Mixer 350L;1;32.93;ACC0028;completed;Y
H104697;12/06/2023;Cardiff Depot;Wales;DM-09;Diesel Dumper 9T;2;135.3;ACC0079;completed;Y
H104698;29/08/2024;Cardiff Depot;Wales;SF-TOW;Site Tower Light;28;55.23;ACC0076;completed;Y
H104699;20/05/2023;Cardiff Depot;Wales;SC-22;Scissor Lift 22ft;1;81.5;ACC0083;completed;Y
H104700;19/11/2023;Bristol Depot;South West;TL-01;Telehandler 4m;1;188.65;;completed;Y
H104701;04/02/2024;Cardiff Depot;Wales;WP-02;Water Pump 2in;1;23.85;ACC0233;completed;Y
H104702;01/08/2024;Bristol Depot;South West;GEN-60;60kVA Generator;2;99.27;ACC0216;completed;Y
H104703;23/10/2024;Glasgow Depot;Scotland;SC-22;Scissor Lift 22ft;1;75.39;ACC0041;completed;Y
H104704;28/06/2024;Leeds Depot;North;SC-22;Scissor Lift 22ft;1;80.62;;completed;Y
H104705;20/09/2024;Cardiff Depot;Wales;PB-15;Powered Barrow;1;39.53;ACC0106;completed;Y
H104706;07/09/2023;Leeds Depot;North;EX-140;13T Excavator;3;322.68;ACC0251;completed;Y
H104707;21/10/2023;Cardiff Depot;Wales;EX-140;13T Excavator;7;292.68;ACC0182;completed;N
H104708;27/07/2024;Bristol Depot;South West;DM-09;Diesel Dumper 9T;1;141.19;ACC0108;completed;N
H104709;07/07/2023;Leeds Depot;North;GEN-60;60kVA Generator;1;93.86;ACC0112;completed;N
H104710;06/05/2023;Cardiff Depot;Wales;CM-350;Concrete Mixer 350L;3;36.68;ACC0046;open;Y
H104711;25/03/2024;Leeds Depot;North;EX-140;13T Excavator;2;300.96;ACC0184;completed;N
H104712;12/10/2023;Norwich Depot;East;WP-02;Water Pump 2in;1;23.85;ACC0251;completed;Y
H104713;03/06/2023;Cardiff Depot;Wales;SC-22;Scissor Lift 22ft;3;84.76;;completed;Y
H104714;06/08/2023;Cardiff Depot;Wales;WP-02;Water Pump 2in;3;24.17;ACC0014;completed;Y
H104715;24/07/2023;Bristol Depot;South West;HD-BRK;Hydraulic Breaker;2;66.91;ACC0195;completed;Y
H104716;14/02/2024;Cardiff Depot;Wales;TL-01;Telehandler 4m;1;183.17;ACC0248;completed;Y
H104717;30/06/2023;Norwich Depot;East;WP-02;Water Pump 2in;3;24.13;ACC0199;completed;N
H104718;15/02/2024;Cardiff Depot;Wales;WP-02;Water Pump 2in;1;22.38;ACC0074;completed;Y
H104719;19/06/2023;Glasgow Depot;Scotland;CM-350;Concrete Mixer 350L;1;34.17;ACC0100;completed;Y
H104720;05/05/2023;Cardiff Depot;Wales;SF-TOW;Site Tower Light;14;49.84;ACC0198;completed;Y
H104721;08/03/2024;Glasgow Depot;Scotland;EX-140;13T Excavator;3;307.49;ACC0121;completed;Y
H104722;05/10/2023;Norwich Depot;East;WP-02;Water Pump 2in;1;22.82;ACC0115;completed;Y
H104723;18/06/2024;Bristol Depot;South West;HD-BRK;Hydraulic Breaker;1;65.29;;completed;Y
H104724;04/09/2023;Cardiff Depot;Wales;TL-01;Telehandler 4m;1;190.68;ACC0072;completed;Y
H104725;22/07/2024;Bristol Depot;South West;WP-02;Water Pump 2in;7;21.86;ACC0143;completed;Y
H104726;25/05/2023;Bristol Depot;South West;DM-09;Diesel Dumper 9T;2;137.95;ACC0144;completed;Y
H104727;05/10/2023;Leeds Depot;North;PB-15;Powered Barrow;1;38.67;ACC0183;completed;N
H104728;26/06/2024;Bristol Depot;South West;HD-BRK;Hydraulic Breaker;2;59.55;ACC0211;completed;Y
H104729;16/12/2023;Glasgow Depot;Scotland;DM-09;Diesel Dumper 9T;5;147.31;ACC0018;completed;N
H104730;25/11/2024;Norwich Depot;East;WP-02;Water Pump 2in;1;23.19;ACC0107;completed;Y
H104731;13/11/2023;Leeds Depot;North;PB-15;Powered Barrow;2;40.25;ACC0072;completed;Y
H104732;03/07/2024;Leeds Depot;North;PB-15;Powered Barrow;28;42.28;ACC0218;completed;Y
H104733;31/08/2024;Bristol Depot;South West;CM-350;Concrete Mixer 350L;1;33.67;ACC0035;completed;Y
H104734;21/11/2023;Glasgow Depot;Scotland;WP-02;Water Pump 2in;1;23.85;ACC0050;completed;Y
H104735;05/06/2024;Leeds Depot;North;CM-350;Concrete Mixer 350L;5;36.2;;completed;Y
H104736;13/05/2024;Glasgow Depot;Scotland;TL-01;Telehandler 4m;28;185.64;ACC0159;completed;Y
H104737;01/11/2024;Norwich Depot;East;WP-02;Water Pump 2in;-1;20.94;ACC0208;cancelled;N
H104738;02/08/2023;Cardiff Depot;Wales;WP-02;Water Pump 2in;2;22.06;ACC0053;completed;Y
H104739;12/08/2023;Glasgow Depot;Scotland;TL-01;Telehandler 4m;2;174.6;ACC0023;completed;Y
H104740;22/06/2024;Cardiff Depot;Wales;SC-22;Scissor Lift 22ft;1;84.48;ACC0155;completed;Y
H104741;13/07/2023;Cardiff Depot;Wales;GEN-60;60kVA Generator;-5;95.26;ACC0130;cancelled;N
H104742;26/06/2024;Leeds Depot;North;PB-15;Powered Barrow;2;40.38;ACC0249;completed;Y
H104743;18/08/2024;Leeds Depot;North;SC-22;Scissor Lift 22ft;7;79.21;ACC0038;completed;Y
H104744;14/11/2023;Bristol Depot;South West;EX-140;13T Excavator;1;296.07;ACC0259;completed;Y
H104745;22/12/2023;Leeds Depot;North;WP-02;Water Pump 2in;5;24.25;ACC0116;completed;Y
H104746;21/09/2024;Bristol Depot;South West;PB-15;Powered Barrow;1;40.01;ACC0029;completed;Y
H104747;28/11/2023;Leeds Depot;North;WP-02;Water Pump 2in;1;22.73;;completed;Y
H104748;12/04/2023;Leeds Depot;North;SC-22;Scissor Lift 22ft;2;80.66;ACC0249;completed;Y
H104749;09/03/2024;Leeds Depot;North;WP-02;Water Pump 2in;7;23.87;ACC0210;completed;Y
H104750;11/10/2024;Bristol Depot;South West;TL-01;Telehandler 4m;14;197.01;ACC0080;completed;Y
H104751;21/02/2024;Cardiff Depot;Wales;SF-TOW;Site Tower Light;1;50.86;ACC0178;completed;Y
H104752;28/06/2024;Glasgow Depot;Scotland;HD-BRK;Hydraulic Breaker;1;59.45;ACC0180;completed;Y
H104753;26/04/2024;Glasgow Depot;Scotland;SC-22;Scissor Lift 22ft;2;82.04;ACC0060;completed;Y
H104754;01/10/2024;Bristol Depot;South West;CM-350;Concrete Mixer 350L;14;34.71;ACC0097;completed;Y
H104755;02/02/2024;Glasgow Depot;Scotland;TL-01;Telehandler 4m;1;184.16;ACC0078;completed;Y
H104756;14/07/2023;Norwich Depot;East;SC-22;Scissor Lift 22ft;3;78.98;ACC0145;completed;Y
H104757;17/05/2023;Leeds Depot;North;WP-02;Water Pump 2in;5;22.94;ACC0205;completed;N
H104758;17/05/2023;Norwich Depot;East;GEN-60;60kVA Generator;3;91.55;ACC0056;open;Y
H104759;07/08/2024;Cardiff Depot;Wales;GEN-60;60kVA Generator;3;94.46;ACC0069;completed;Y
H104760;21/04/2023;Glasgow Depot;Scotland;GEN-60;60kVA Generator;5;88.48;ACC0257;completed;N
H104761;03/06/2024;Glasgow Depot;Scotland;PB-15;Powered Barrow;7;42.56;ACC0177;completed;Y
H104762;13/10/2023;Leeds Depot;North;DM-09;Diesel Dumper 9T;14;152.75;ACC0099;completed;Y
H104763;04/02/2024;Bristol Depot;South West;WP-02;Water Pump 2in;5;24.15;ACC0135;completed;Y
H104764;27/05/2023;Bristol Depot;South West;SC-22;Scissor Lift 22ft;2;72.51;ACC0149;completed;N
H104765;01/06/2023;Glasgow Depot;Scotland;TL-01;Telehandler 4m;3;174.71;ACC0260;completed;Y
H104766;12/12/2023;Norwich Depot;East;CM-350;Concrete Mixer 350L;5;35.6;ACC0019;completed;Y
H104767;29/11/2023;Cardiff Depot;Wales;GEN-60;60kVA Generator;2;96.11;ACC0195;completed;Y
H104768;15/06/2024;Leeds Depot;North;CM-350;Concrete Mixer 350L;28;35.24;ACC0057;completed;Y
H104769;24/08/2024;Glasgow Depot;Scotland;SC-22;Scissor Lift 22ft;5;75.79;ACC0164;completed;Y
H104770;10/03/2024;Cardiff Depot;Wales;WP-02;Water Pump 2in;2;22.72;;completed;Y
H104771;03/09/2023;Leeds Depot;North;CM-350;Concrete Mixer 350L;3;35.69;ACC0247;completed;Y
H104772;28/07/2023;Leeds Depot;North;DM-09;Diesel Dumper 9T;14;133.66;ACC0115;completed;Y
H104773;11/11/2024;Norwich Depot;East;WP-02;Water Pump 2in;5;23.73;ACC0086;completed;N
H104774;27/06/2023;Bristol Depot;South West;WP-02;Water Pump 2in;7;24.07;ACC0138;completed;N
H104775;18/10/2024;Bristol Depot;South West;WP-02;Water Pump 2in;1;24.0;ACC0050;completed;Y
H104776;06/09/2023;Cardiff Depot;Wales;SC-22;Scissor Lift 22ft;1;82.06;;open;Y
H104777;20/07/2024;Norwich Depot;East;GEN-60;60kVA Generator;1;89.5;;completed;Y
H104778;15/08/2024;Cardiff Depot;Wales;DM-09;Diesel Dumper 9T;3;146.73;ACC0192;completed;N
H104779;23/06/2024;Glasgow Depot;Scotland;PB-15;Powered Barrow;-2;39.38;ACC0152;cancelled;Y
H104780;21/08/2023;Glasgow Depot;Scotland;CM-350;Concrete Mixer 350L;2;35.21;ACC0186;completed;Y
H104781;20/04/2023;Cardiff Depot;Wales;HD-BRK;Hydraulic Breaker;2;63.54;ACC0194;completed;N
H104782;04/07/2023;Bristol Depot;South West;SC-22;Scissor Lift 22ft;3;80.67;ACC0253;completed;N
H104783;18/11/2024;Glasgow Depot;Scotland;DM-09;Diesel Dumper 9T;1;152.03;ACC0241;completed;Y
H104784;13/10/2023;Glasgow Depot;Scotland;TL-01;Telehandler 4m;14;198.89;ACC0017;completed;N
H104785;04/06/2024;Leeds Depot;North;HD-BRK;Hydraulic Breaker;2;67.8;ACC0104;completed;Y
H104786;28/12/2023;Leeds Depot;North;HD-BRK;Hydraulic Breaker;1;68.97;;completed;Y
H104787;02/06/2024;Bristol Depot;South West;SC-22;Scissor Lift 22ft;1;82.29;ACC0254;completed;Y
H104788;09/07/2023;Cardiff Depot;Wales;WP-02;Water Pump 2in;14;21.81;ACC0035;completed;N
H104789;14/11/2023;Bristol Depot;South West;WP-02;Water Pump 2in;2;22.12;;completed;Y
H104790;03/07/2023;Leeds Depot;North;TL-01;Telehandler 4m;2;188.62;;completed;Y
H104791;20/04/2023;Glasgow Depot;Scotland;PB-15;Powered Barrow;1;43.76;ACC0008;completed;Y
H104792;13/04/2024;Bristol Depot;South West;CM-350;Concrete Mixer 350L;2;33.48;ACC0235;completed;Y
H104793;17/06/2024;Bristol Depot;South West;CM-350;Concrete Mixer 350L;2;36.6;ACC0232;completed;N
H104794;24/03/2024;Bristol Depot;South West;SC-22;Scissor Lift 22ft;14;73.8;ACC0074;completed;Y
H104795;15/04/2023;Leeds Depot;North;CM-350;Concrete Mixer 350L;2;34.22;ACC0035;completed;Y
H104796;02/07/2023;Leeds Depot;North;DM-09;Diesel Dumper 9T;5;143.99;;completed;Y
H104797;03/09/2023;Cardiff Depot;Wales;TL-01;Telehandler 4m;2;196.66;ACC0150;completed;Y
H104798;15/10/2023;Leeds Depot;North;GEN-60;60kVA Generator;-2;92.13;ACC0112;cancelled;Y
H104799;25/03/2024;Cardiff Depot;Wales;CM-350;Concrete Mixer 350L;14;33.31;ACC0223;completed;Y
H104800;04/12/2024;Cardiff Depot;Wales;GEN-60;60kVA Generator;1;99.89;;completed;Y
H104801;19/03/2024;Norwich Depot;East;SC-22;Scissor Lift 22ft;2;76.31;ACC0229;completed;Y
H104802;29/01/2024;Glasgow Depot;Scotland;GEN-60;60kVA Generator;1;91.74;ACC0138;completed;Y
H104803;19/09/2023;Glasgow Depot;Scotland;DM-09;Diesel Dumper 9T;2;138.22;ACC0103;completed;Y
H104804;25/10/2023;Leeds Depot;North;TL-01;Telehandler 4m;28;187.28;ACC0167;completed;Y
H104805;28/06/2024;Cardiff Depot;Wales;SF-TOW;Site Tower Light;5;51.6;ACC0021;completed;Y
H104806;11/11/2024;Glasgow Depot;Scotland;CM-350;Concrete Mixer 350L;7;33.54;;completed;Y
H104807;05/10/2023;Norwich Depot;East;WP-02;Water Pump 2in;1;24.14;ACC0075;completed;Y
H104808;16/11/2024;Cardiff Depot;Wales;GEN-60;60kVA Generator;2;92.42;ACC0161;completed;Y
H104809;15/12/2024;Cardiff Depot;Wales;HD-BRK;Hydraulic Breaker;7;61.49;ACC0072;completed;Y
H104810;14/07/2024;Cardiff Depot;Wales;EX-140;13T Excavator;14;326.03;ACC0092;completed;N
H104811;21/04/2023;Leeds Depot;North;SC-22;Scissor Lift 22ft;3;73.93;ACC0197;completed;Y
H104812;09/07/2023;Cardiff Depot;Wales;EX-140;13T Excavator;3;321.04;ACC0118;completed;N
H104813;29/04/2024;Cardiff Depot;Wales;DM-09;Diesel Dumper 9T;5;155.59;ACC0239;completed;Y
H104814;12/06/2024;Cardiff Depot;Wales;CM-350;Concrete Mixer 350L;2;35.24;ACC0197;completed;Y
H104815;29/06/2024;Leeds Depot;North;WP-02;Water Pump 2in;7;21.26;ACC0215;completed;Y
H104816;15/04/2024;Norwich Depot;East;WP-02;Water Pump 2in;5;23.46;ACC0203;completed;Y
H104817;31/05/2024;Cardiff Depot;Wales;CM-350;Concrete Mixer 350L;5;35.38;ACC0086;completed;Y
H104818;30/10/2024;Bristol Depot;South West;SF-TOW;Site Tower Light;5;50.67;ACC0193;completed;Y
H104819;16/01/2024;Bristol Depot;South West;DM-09;Diesel Dumper 9T;7;138.28;ACC0150;completed;Y
H104820;11/10/2023;Leeds Depot;North;PB-15;Powered Barrow;1;40.07;ACC0125;completed;Y
H104821;01/12/2023;Norwich Depot;East;SC-22;Scissor Lift 22ft;2;73.2;ACC0156;open;N
H104822;08/10/2023;Norwich Depot;East;WP-02;Water Pump 2in;1;23.78;ACC0220;open;Y
H104823;14/09/2024;Glasgow Depot;Scotland;PB-15;Powered Barrow;14;38.4;;completed;Y
H104824;25/12/2024;Leeds Depot;North;GEN-60;60kVA Generator;1;90.17;ACC0164;completed;Y
H104825;08/12/2024;Cardiff Depot;Wales;PB-15;Powered Barrow;7;44.03;ACC0096;open;Y
H104826;07/03/2024;Glasgow Depot;Scotland;TL-01;Telehandler 4m;1;194.41;;completed;Y
H104827;12/05/2024;Leeds Depot;North;GEN-60;60kVA Generator;2;94.92;ACC0233;completed;Y
H104828;01/05/2023;Bristol Depot;South West;TL-01;Telehandler 4m;7;194.3;ACC0142;completed;Y
H104829;17/06/2023;Leeds Depot;North;GEN-60;60kVA Generator;3;100.84;ACC0163;completed;Y
H104830;19/10/2023;Norwich Depot;East;CM-350;Concrete Mixer 350L;-7;35.75;ACC0165;cancelled;Y
H104831;21/04/2023;Leeds Depot;North;PB-15;Powered Barrow;7;38.55;ACC0170;completed;Y
H104832;24/09/2024;Bristol Depot;South West;CM-350;Concrete Mixer 350L;5;34.55;ACC0099;completed;Y
H104833;29/12/2023;Cardiff Depot;Wales;DM-09;Diesel Dumper 9T;3;147.09;ACC0192;completed;N
H104834;20/12/2023;Norwich Depot;East;HD-BRK;Hydraulic Breaker;1;63.18;ACC0017;completed;N
H104835;06/03/2024;Cardiff Depot;Wales;TL-01;Telehandler 4m;1;184.5;ACC0157;completed;Y
H104836;13/10/2024;Glasgow Depot;Scotland;WP-02;Water Pump 2in;14;23.99;ACC0232;completed;N
H104837;14/05/2023;Glasgow Depot;Scotland;TL-01;Telehandler 4m;-7;191.28;;cancelled;Y
H104838;02/12/2023;Cardiff Depot;Wales;SC-22;Scissor Lift 22ft;7;81.26;ACC0065;completed;Y
H104839;10/03/2024;Glasgow Depot;Scotland;TL-01;Telehandler 4m;2;190.25;ACC0184;completed;Y
H104840;27/03/2024;Cardiff Depot;Wales;SC-22;Scissor Lift 22ft;-1;81.26;ACC0133;cancelled;Y
H104841;25/02/2024;Glasgow Depot;Scotland;GEN-60;60kVA Generator;7;94.7;ACC0038;completed;N
H104842;06/06/2023;Leeds Depot;North;TL-01;Telehandler 4m;5;188.56;ACC0218;completed;Y
H104843;16/05/2024;Bristol Depot;South West;GEN-60;60kVA Generator;5;100.65;ACC0008;completed;Y
H104844;06/12/2023;Leeds Depot;North;SC-22;Scissor Lift 22ft;2;79.39;ACC0190;completed;Y
H104845;04/06/2024;Norwich Depot;East;HD-BRK;Hydraulic Breaker;3;65.55;ACC0260;open;Y
H104846;20/10/2024;Norwich Depot;East;WP-02;Water Pump 2in;1;23.25;ACC0253;completed;Y
H104847;31/08/2024;Bristol Depot;South West;WP-02;Water Pump 2in;2;23.31;ACC0091;completed;N
H104848;21/05/2023;Leeds Depot;North;PB-15;Powered Barrow;2;37.92;ACC0180;completed;Y
H104849;18/10/2023;Cardiff Depot;Wales;WP-02;Water Pump 2in;1;24.04;ACC0127;completed;Y
H104850;11/09/2023;Leeds Depot;North;WP-02;Water Pump 2in;7;23.95;ACC0116;completed;Y
H104851;21/11/2024;Cardiff Depot;Wales;TL-01;Telehandler 4m;2;173.49;ACC0171;completed;Y
H104852;30/12/2024;Glasgow Depot;Scotland;TL-01;Telehandler 4m;5;182.01;;completed;N
H104853;27/10/2024;Cardiff Depot;Wales;CM-350;Concrete Mixer 350L;1;35.99;ACC0065;completed;Y
H104854;26/06/2024;Glasgow Depot;Scotland;WP-02;Water Pump 2in;1;22.8;ACC0132;completed;Y
H104855;04/03/2024;Bristol Depot;South West;SC-22;Scissor Lift 22ft;2;82.3;ACC0053;completed;N
H104856;18/12/2024;Norwich Depot;East;SF-TOW;Site Tower Light;1;52.3;;completed;Y
H104857;26/06/2024;Glasgow Depot;Scotland;SF-TOW;Site Tower Light;3;53.66;ACC0061;completed;Y
H104858;30/10/2023;Glasgow Depot;Scotland;WP-02;Water Pump 2in;2;24.12;ACC0131;completed;Y
H104859;19/09/2024;Bristol Depot;South West;WP-02;Water Pump 2in;1;21.7;;completed;Y
H104860;08/05/2024;Cardiff Depot;Wales;WP-02;Water Pump 2in;3;23.71;ACC0196;completed;N
H104861;23/10/2024;Bristol Depot;South West;PB-15;Powered Barrow;3;37.74;ACC0119;completed;Y
H104862;25/11/2024;Glasgow Depot;Scotland;CM-350;Concrete Mixer 350L;2;35.27;ACC0053;completed;Y
H104863;02/05/2023;Glasgow Depot;Scotland;DM-09;Diesel Dumper 9T;7;153.53;ACC0080;open;Y
H104864;12/09/2024;Norwich Depot;East;HD-BRK;Hydraulic Breaker;1;59.74;ACC0016;completed;Y
H104865;04/08/2024;Norwich Depot;East;CM-350;Concrete Mixer 350L;1;32.37;ACC0195;completed;N
H104866;23/06/2024;Cardiff Depot;Wales;SF-TOW;Site Tower Light;3;53.65;ACC0048;open;Y
H104867;20/05/2023;Cardiff Depot;Wales;SF-TOW;Site Tower Light;2;53.61;ACC0105;open;Y
H104868;20/07/2024;Leeds Depot;North;SC-22;Scissor Lift 22ft;1;83.05;ACC0182;open;Y
H104869;29/08/2023;Norwich Depot;East;SC-22;Scissor Lift 22ft;1;84.14;ACC0253;completed;Y
H104870;17/04/2024;Glasgow Depot;Scotland;PB-15;Powered Barrow;2;41.93;ACC0023;completed;Y
H104871;27/04/2024;Bristol Depot;South West;SC-22;Scissor Lift 22ft;1;76.47;ACC0082;completed;Y
H104872;10/07/2024;Glasgow Depot;Scotland;WP-02;Water Pump 2in;3;22.49;ACC0220;completed;Y
H104873;03/12/2024;Leeds Depot;North;HD-BRK;Hydraulic Breaker;1;66.95;ACC0215;open;Y
H104874;19/04/2024;Glasgow Depot;Scotland;GEN-60;60kVA Generator;5;90.6;ACC0180;completed;Y
H104875;10/07/2024;Bristol Depot;South West;WP-02;Water Pump 2in;-1;23.77;ACC0001;cancelled;N
H104876;21/09/2024;Leeds Depot;North;GEN-60;60kVA Generator;2;103.58;ACC0057;completed;Y
H104877;15/12/2023;Norwich Depot;East;EX-140;13T Excavator;7;319.82;ACC0068;completed;Y
H104878;12/05/2024;Bristol Depot;South West;GEN-60;60kVA Generator;1;91.18;ACC0117;completed;N
H104879;12/01/2024;Glasgow Depot;Scotland;CM-350;Concrete Mixer 350L;5;34.98;ACC0155;completed;Y
H104880;07/04/2023;Bristol Depot;South West;DM-09;Diesel Dumper 9T;3;133.48;;completed;N
H104881;13/11/2023;Cardiff Depot;Wales;HD-BRK;Hydraulic Breaker;28;64.2;ACC0188;completed;Y
H104882;02/02/2024;Leeds Depot;North;TL-01;Telehandler 4m;1;185.72;ACC0050;completed;N
H104883;23/09/2024;Cardiff Depot;Wales;SF-TOW;Site Tower Light;2;49.18;ACC0181;completed;Y
H104884;26/08/2024;Glasgow Depot;Scotland;HD-BRK;Hydraulic Breaker;5;66.33;;completed;Y
H104885;23/02/2024;Bristol Depot;South West;SF-TOW;Site Tower Light;3;53.54;ACC0132;completed;Y
H104886;30/09/2023;Cardiff Depot;Wales;CM-350;Concrete Mixer 350L;7;34.16;ACC0072;completed;Y
H104887;30/10/2023;Leeds Depot;North;SF-TOW;Site Tower Light;3;55.38;ACC0055;completed;Y
H104888;28/10/2023;Bristol Depot;South West;CM-350;Concrete Mixer 350L;5;32.43;ACC0224;completed;Y
H104889;21/02/2024;Norwich Depot;East;GEN-60;60kVA Generator;7;90.32;ACC0214;completed;Y
H104890;26/08/2024;Leeds Depot;North;SF-TOW;Site Tower Light;3;48.47;ACC0208;completed;Y
H104891;30/09/2024;Norwich Depot;East;PB-15;Powered Barrow;2;38.79;ACC0103;completed;Y
H104892;09/11/2023;Norwich Depot;East;CM-350;Concrete Mixer 350L;3;34.64;ACC0224;completed;Y
H104893;13/04/2023;Cardiff Depot;Wales;WP-02;Water Pump 2in;3;20.81;ACC0135;completed;Y
H104894;22/06/2024;Leeds Depot;North;GEN-60;60kVA Generator;3;88.94;ACC0170;completed;Y
H104895;24/11/2023;Glasgow Depot;Scotland;CM-350;Concrete Mixer 350L;1;32.04;ACC0090;completed;Y
H104896;11/06/2024;Glasgow Depot;Scotland;TL-01;Telehandler 4m;7;184.23;ACC0130;completed;Y
H104897;17/11/2023;Glasgow Depot;Scotland;HD-BRK;Hydraulic Breaker;5;60.0;ACC0258;completed;Y
H104898;12/10/2024;Glasgow Depot;Scotland;WP-02;Water Pump 2in;14;20.94;ACC0127;completed;Y
H104899;27/09/2024;Bristol Depot;South West;SC-22;Scissor Lift 22ft;14;72.38;ACC0072;completed;Y
H104900;08/05/2024;Glasgow Depot;Scotland;SC-22;Scissor Lift 22ft;1;74.27;ACC0224;completed;Y
H104901;08/08/2024;Cardiff Depot;Wales;GEN-60;60kVA Generator;14;89.38;ACC0186;completed;Y
H104902;18/05/2024;Cardiff Depot;Wales;SF-TOW;Site Tower Light;2;48.62;ACC0215;completed;Y
H104903;03/12/2023;Glasgow Depot;Scotland;WP-02;Water Pump 2in;14;21.54;ACC0224;completed;Y
H104904;03/12/2024;Bristol Depot;South West;GEN-60;60kVA Generator;14;103.59;ACC0230;completed;Y
H104905;27/12/2023;Norwich Depot;East;WP-02;Water Pump 2in;1;20.97;ACC0048;completed;Y
H104906;04/04/2023;Bristol Depot;South West;TL-01;Telehandler 4m;1;181.45;ACC0164;completed;N
H104907;19/04/2023;Glasgow Depot;Scotland;GEN-60;60kVA Generator;7;103.36;ACC0013;completed;Y
H104908;07/05/2024;Bristol Depot;South West;SC-22;Scissor Lift 22ft;2;82.37;ACC0186;completed;Y
H104909;18/05/2023;Glasgow Depot;Scotland;WP-02;Water Pump 2in;28;23.04;ACC0184;completed;N
H104910;18/04/2023;Glasgow Depot;Scotland;TL-01;Telehandler 4m;1;177.96;ACC0161;open;Y
H104911;09/11/2024;Norwich Depot;East;TL-01;Telehandler 4m;5;184.77;ACC0089;completed;N
H104912;30/07/2023;Leeds Depot;North;PB-15;Powered Barrow;7;42.26;ACC0167;completed;Y
H104913;25/09/2024;Norwich Depot;East;HD-BRK;Hydraulic Breaker;1;63.99;ACC0148;completed;Y
H104914;16/04/2024;Bristol Depot;South West;CM-350;Concrete Mixer 350L;-5;34.26;ACC0219;cancelled;Y
H104915;16/02/2024;Norwich Depot;East;CM-350;Concrete Mixer 350L;2;33.69;ACC0155;completed;Y
H104916;16/10/2023;Bristol Depot;South West;WP-02;Water Pump 2in;2;23.36;ACC0095;completed;Y
H104917;09/10/2024;Leeds Depot;North;DM-09;Diesel Dumper 9T;1;152.43;ACC0151;completed;Y
H104918;18/01/2024;Bristol Depot;South West;PB-15;Powered Barrow;7;43.46;;completed;Y
H104919;24/09/2023;Cardiff Depot;Wales;WP-02;Water Pump 2in;5;22.27;ACC0027;completed;Y
H104920;05/02/2024;Cardiff Depot;Wales;SF-TOW;Site Tower Light;2;54.71;ACC0121;completed;Y
H104921;27/11/2023;Bristol Depot;South West;CM-350;Concrete Mixer 350L;7;32.04;ACC0171;completed;Y
H104922;16/09/2023;Cardiff Depot;Wales;DM-09;Diesel Dumper 9T;1;135.28;ACC0001;completed;Y
H104923;14/04/2024;Glasgow Depot;Scotland;PB-15;Powered Barrow;2;43.35;ACC0092;completed;Y
H104924;27/06/2023;Glasgow Depot;Scotland;WP-02;Water Pump 2in;5;22.72;ACC0035;completed;Y
H104925;18/06/2023;Glasgow Depot;Scotland;EX-140;13T Excavator;1;330.22;ACC0157;completed;Y
H104926;16/10/2024;Leeds Depot;North;SF-TOW;Site Tower Light;5;49.55;;completed;N
H104927;12/11/2023;Bristol Depot;South West;CM-350;Concrete Mixer 350L;1;32.36;ACC0169;completed;Y
H104928;21/10/2023;Norwich Depot;East;WP-02;Water Pump 2in;2;23.56;ACC0219;completed;Y
H104929;26/05/2024;Glasgow Depot;Scotland;SF-TOW;Site Tower Light;1;54.69;ACC0010;completed;Y
H104930;06/01/2024;Norwich Depot;East;SC-22;Scissor Lift 22ft;5;73.21;;completed;Y
H104931;30/12/2023;Norwich Depot;East;SF-TOW;Site Tower Light;2;49.59;ACC0220;completed;Y
H104932;13/08/2023;Bristol Depot;South West;SC-22;Scissor Lift 22ft;1;83.76;ACC0020;completed;Y
H104933;10/10/2023;Glasgow Depot;Scotland;HD-BRK;Hydraulic Breaker;3;67.27;ACC0153;completed;N
H104934;16/05/2024;Glasgow Depot;Scotland;SF-TOW;Site Tower Light;1;51.27;;completed;Y
H104935;07/12/2023;Glasgow Depot;Scotland;GEN-60;60kVA Generator;3;102.84;ACC0082;completed;Y
H104936;03/07/2023;Norwich Depot;East;WP-02;Water Pump 2in;2;21.6;;completed;Y
H104937;05/10/2024;Norwich Depot;East;WP-02;Water Pump 2in;7;23.93;ACC0130;completed;Y
H104938;11/02/2024;Leeds Depot;North;SF-TOW;Site Tower Light;3;50.29;ACC0187;completed;Y
H104939;30/04/2024;Leeds Depot;North;CM-350;Concrete Mixer 350L;1;35.96;ACC0150;open;Y
H104940;18/10/2023;Cardiff Depot;Wales;PB-15;Powered Barrow;2;40.53;ACC0092;completed;Y
H104941;22/02/2024;Bristol Depot;South West;SC-22;Scissor Lift 22ft;-1;73.63;ACC0201;cancelled;Y
H104942;21/05/2023;Glasgow Depot;Scotland;WP-02;Water Pump 2in;14;23.74;ACC0090;completed;N
H104943;03/09/2023;Cardiff Depot;Wales;CM-350;Concrete Mixer 350L;3;31.75;ACC0080;completed;Y
H104944;28/03/2024;Glasgow Depot;Scotland;HD-BRK;Hydraulic Breaker;1;59.1;ACC0102;completed;Y
H104945;29/11/2024;Cardiff Depot;Wales;SF-TOW;Site Tower Light;2;53.07;;completed;Y
H104946;01/02/2024;Leeds Depot;North;SC-22;Scissor Lift 22ft;1;78.53;ACC0227;open;Y
H104947;29/06/2023;Cardiff Depot;Wales;EX-140;13T Excavator;1;290.74;ACC0002;completed;Y
H104948;14/12/2023;Bristol Depot;South West;EX-140;13T Excavator;1;317.82;;completed;Y
H104949;25/11/2024;Bristol Depot;South West;CM-350;Concrete Mixer 350L;1;34.94;ACC0211;open;Y
H104950;01/11/2024;Cardiff Depot;Wales;SC-22;Scissor Lift 22ft;3;80.24;ACC0219;completed;Y
H104951;29/06/2024;Norwich Depot;East;SF-TOW;Site Tower Light;3;54.85;ACC0038;open;Y
H104952;27/11/2023;Norwich Depot;East;PB-15;Powered Barrow;7;39.49;ACC0094;completed;Y
H104953;31/07/2024;Cardiff Depot;Wales;SF-TOW;Site Tower Light;1;50.92;ACC0164;completed;Y
H104954;10/02/2024;Glasgow Depot;Scotland;EX-140;13T Excavator;5;332.26;ACC0257;completed;Y
H104955;04/08/2023;Bristol Depot;South West;WP-02;Water Pump 2in;5;23.7;ACC0118;completed;Y
H104956;31/01/2024;Glasgow Depot;Scotland;DM-09;Diesel Dumper 9T;2;154.75;ACC0215;completed;Y
H104957;31/05/2024;Norwich Depot;East;DM-09;Diesel Dumper 9T;1;149.64;ACC0243;completed;Y
H104958;24/09/2023;Glasgow Depot;Scotland;SC-22;Scissor Lift 22ft;7;75.95;ACC0128;completed;Y
H104959;15/09/2023;Cardiff Depot;Wales;SF-TOW;Site Tower Light;1;52.41;ACC0003;completed;N
H104960;18/07/2024;Cardiff Depot;Wales;HD-BRK;Hydraulic Breaker;7;67.96;;completed;N
H104961;23/02/2024;Glasgow Depot;Scotland;SF-TOW;Site Tower Light;28;47.86;ACC0082;completed;Y
H104962;16/12/2023;Glasgow Depot;Scotland;HD-BRK;Hydraulic Breaker;1;69.08;ACC0153;completed;Y
H104963;10/12/2023;Norwich Depot;East;SC-22;Scissor Lift 22ft;5;72.56;ACC0097;completed;Y
H104964;17/07/2024;Leeds Depot;North;PB-15;Powered Barrow;28;38.13;ACC0159;completed;Y
H104965;27/12/2024;Leeds Depot;North;SF-TOW;Site Tower Light;28;52.58;ACC0200;open;N
H104966;16/09/2023;Cardiff Depot;Wales;DM-09;Diesel Dumper 9T;3;133.84;;completed;Y
H104967;03/05/2023;Glasgow Depot;Scotland;CM-350;Concrete Mixer 350L;-5;32.0;ACC0215;cancelled;Y
H104968;29/12/2024;Cardiff Depot;Wales;DM-09;Diesel Dumper 9T;1;154.7;ACC0100;open;Y
H104969;07/04/2023;Glasgow Depot;Scotland;TL-01;Telehandler 4m;3;188.45;ACC0184;completed;N
H104970;09/09/2023;Leeds Depot;North;HD-BRK;Hydraulic Breaker;3;60.74;ACC0005;completed;Y
H104971;26/11/2024;Bristol Depot;South West;WP-02;Water Pump 2in;1;23.7;;completed;Y
H104972;07/06/2023;Bristol Depot;South West;DM-09;Diesel Dumper 9T;1;149.38;ACC0095;completed;N
H104973;27/08/2024;Cardiff Depot;Wales;SF-TOW;Site Tower Light;2;54.45;ACC0064;completed;Y
H104974;28/12/2023;Leeds Depot;North;WP-02;Water Pump 2in;1;22.28;ACC0048;completed;Y
H104975;18/08/2023;Cardiff Depot;Wales;TL-01;Telehandler 4m;28;180.68;ACC0188;completed;Y
H104976;03/11/2024;Bristol Depot;South West;GEN-60;60kVA Generator;1;90.54;ACC0132;completed;Y
H104977;16/03/2024;Leeds Depot;North;SF-TOW;Site Tower Light;7;51.96;ACC0067;completed;Y
H104978;28/07/2024;Glasgow Depot;Scotland;CM-350;Concrete Mixer 350L;1;32.37;ACC0149;completed;N
H104979;15/06/2023;Norwich Depot;East;SF-TOW;Site Tower Light;3;49.02;ACC0130;completed;Y
H104980;28/11/2024;Glasgow Depot;Scotland;SC-22;Scissor Lift 22ft;7;84.32;ACC0200;completed;Y
H104981;30/09/2023;Glasgow Depot;Scotland;SC-22;Scissor Lift 22ft;14;72.67;;completed;Y
H104982;06/04/2024;Bristol Depot;South West;CM-350;Concrete Mixer 350L;2;31.57;ACC0098;completed;Y
H104983;07/08/2024;Norwich Depot;East;HD-BRK;Hydraulic Breaker;14;66.19;ACC0151;completed;Y
H104984;05/08/2023;Glasgow Depot;Scotland;SC-22;Scissor Lift 22ft;14;76.03;ACC0016;completed;Y
H104985;18/01/2024;Bristol Depot;South West;EX-140;13T Excavator;2;297.18;ACC0111;open;Y
H104986;04/05/2023;Glasgow Depot;Scotland;HD-BRK;Hydraulic Breaker;3;60.25;ACC0028;completed;N
H104987;20/06/2024;Leeds Depot;North;CM-350;Concrete Mixer 350L;1;35.47;ACC0017;completed;Y
H104988;08/09/2024;Leeds Depot;North;WP-02;Water Pump 2in;2;22.1;ACC0110;open;Y
H104989;06/06/2024;Glasgow Depot;Scotland;CM-350;Concrete Mixer 350L;2;35.45;ACC0165;open;Y
H104990;23/10/2023;Bristol Depot;South West;DM-09;Diesel Dumper 9T;2;142.18;ACC0218;completed;Y
H104991;09/12/2024;Norwich Depot;East;SC-22;Scissor Lift 22ft;3;81.33;ACC0185;completed;Y
H104992;11/07/2023;Cardiff Depot;Wales;CM-350;Concrete Mixer 350L;1;35.7;ACC0045;completed;Y
H104993;03/04/2023;Leeds Depot;North;WP-02;Water Pump 2in;1;20.77;;completed;Y
H104994;31/03/2024;Leeds Depot;North;SF-TOW;Site Tower Light;2;53.78;;completed;Y
H104995;30/01/2024;Cardiff Depot;Wales;PB-15;Powered Barrow;3;44.1;;completed;Y
H104996;25/05/2023;Glasgow Depot;Scotland;DM-09;Diesel Dumper 9T;1;144.83;ACC0240;completed;N
H104997;30/07/2024;Glasgow Depot;Scotland;DM-09;Diesel Dumper 9T;3;143.13;ACC0200;completed;N
H104998;21/08/2024;Leeds Depot;North;DM-09;Diesel Dumper 9T;2;152.79;ACC0105;completed;Y
H104999;05/07/2024;Leeds Depot;North;CM-350;Concrete Mixer 350L;1;33.13;ACC0235;completed;Y
H105000;09/04/2023;Norwich Depot;East;SC-22;Scissor Lift 22ft;3;81.05;ACC0106;completed;Y
H105001;01/04/2024;Glasgow Depot;Scotland;DM-09;Diesel Dumper 9T;3;153.82;ACC0023;completed;Y
H105002;01/11/2023;Leeds Depot;North;CM-350;Concrete Mixer 350L;1;31.4;ACC0088;completed;Y
H105003;26/11/2023;Bristol Depot;South West;WP-02;Water Pump 2in;2;24.25;ACC0126;completed;Y
H105004;01/02/2024;Leeds Depot;North;GEN-60;60kVA Generator;5;95.11;ACC0096;completed;Y
H105005;22/11/2024;Cardiff Depot;Wales;GEN-60;60kVA Generator;2;101.89;;completed;Y
H105006;07/04/2024;Norwich Depot;East;HD-BRK;Hydraulic Breaker;2;66.72;ACC0038;open;Y
H105007;04/11/2023;Norwich Depot;East;GEN-60;60kVA Generator;14;95.85;ACC0073;completed;N
H105008;28/03/2024;Cardiff Depot;Wales;CM-350;Concrete Mixer 350L;14;32.31;ACC0242;completed;Y
H105009;17/02/2024;Glasgow Depot;Scotland;CM-350;Concrete Mixer 350L;2;35.73;ACC0045;completed;Y
H105010;06/09/2024;Cardiff Depot;Wales;GEN-60;60kVA Generator;2;97.66;ACC0017;completed;Y
H105011;06/06/2023;Cardiff Depot;Wales;SF-TOW;Site Tower Light;2;56.12;ACC0233;completed;Y
H105012;10/08/2024;Leeds Depot;North;GEN-60;60kVA Generator;7;88.76;ACC0035;completed;Y
H105013;16/05/2023;Norwich Depot;East;GEN-60;60kVA Generator;2;92.19;ACC0168;completed;N
H105014;24/10/2023;Leeds Depot;North;SF-TOW;Site Tower Light;3;55.68;ACC0037;completed;Y
H105015;10/05/2023;Leeds Depot;North;HD-BRK;Hydraulic Breaker;3;64.67;ACC0020;completed;Y
H105016;28/10/2023;Cardiff Depot;Wales;EX-140;13T Excavator;2;334.53;ACC0007;completed;Y
H105017;11/05/2023;Norwich Depot;East;PB-15;Powered Barrow;1;43.96;ACC0238;completed;Y
H105018;18/04/2024;Norwich Depot;East;WP-02;Water Pump 2in;5;21.01;ACC0107;completed;Y
H105019;25/09/2023;Glasgow Depot;Scotland;TL-01;Telehandler 4m;28;199.34;ACC0210;completed;Y
H105020;13/02/2024;Bristol Depot;South West;CM-350;Concrete Mixer 350L;3;31.56;ACC0083;open;Y
H105021;03/09/2024;Norwich Depot;East;DM-09;Diesel Dumper 9T;1;134.43;ACC0191;completed;Y
H105022;07/08/2023;Norwich Depot;East;SF-TOW;Site Tower Light;3;48.07;ACC0246;completed;Y
H105023;17/08/2023;Cardiff Depot;Wales;WP-02;Water Pump 2in;1;21.5;ACC0082;completed;Y
H105024;23/01/2024;Glasgow Depot;Scotland;GEN-60;60kVA Generator;1;100.23;ACC0191;open;Y
H105025;07/07/2024;Norwich Depot;East;PB-15;Powered Barrow;14;38.36;;completed;Y
H105026;06/03/2024;Bristol Depot;South West;TL-01;Telehandler 4m;1;185.75;ACC0167;completed;Y
H105027;29/09/2023;Norwich Depot;East;PB-15;Powered Barrow;28;39.35;ACC0149;completed;Y
H105028;30/10/2023;Leeds Depot;North;GEN-60;60kVA Generator;1;90.2;ACC0105;completed;Y
H105029;25/11/2024;Glasgow Depot;Scotland;PB-15;Powered Barrow;3;40.76;ACC0118;completed;Y
H105030;27/10/2024;Leeds Depot;North;SC-22;Scissor Lift 22ft;1;82.77;ACC0106;completed;Y
H105031;31/10/2023;Norwich Depot;East;DM-09;Diesel Dumper 9T;1;150.31;ACC0239;completed;Y
H105032;16/10/2024;Cardiff Depot;Wales;GEN-60;60kVA Generator;3;93.4;ACC0012;completed;Y
H105033;18/09/2024;Cardiff Depot;Wales;WP-02;Water Pump 2in;5;20.81;;completed;N
H105034;05/11/2024;Bristol Depot;South West;SF-TOW;Site Tower Light;7;53.06;ACC0165;completed;Y
H105035;08/09/2024;Norwich Depot;East;PB-15;Powered Barrow;5;40.61;;completed;Y
H105036;09/03/2024;Bristol Depot;South West;WP-02;Water Pump 2in;28;21.55;ACC0089;completed;N
H105037;07/01/2024;Bristol Depot;South West;GEN-60;60kVA Generator;3;96.68;ACC0199;completed;Y
H105038;21/07/2023;Leeds Depot;North;GEN-60;60kVA Generator;14;93.79;ACC0073;completed;Y
H105039;23/07/2024;Bristol Depot;South West;CM-350;Concrete Mixer 350L;1;35.24;ACC0137;completed;N
H105040;17/10/2023;Cardiff Depot;Wales;WP-02;Water Pump 2in;1;22.69;ACC0141;completed;Y
H105041;28/08/2023;Glasgow Depot;Scotland;GEN-60;60kVA Generator;3;94.39;ACC0044;completed;Y
H105042;15/12/2024;Bristol Depot;South West;GEN-60;60kVA Generator;2;90.67;ACC0142;completed;N
H105043;07/10/2024;Cardiff Depot;Wales;HD-BRK;Hydraulic Breaker;3;63.98;ACC0208;completed;N
H105044;16/04/2024;Norwich Depot;East;DM-09;Diesel Dumper 9T;2;141.6;ACC0190;completed;Y
H105045;21/10/2023;Bristol Depot;South West;SC-22;Scissor Lift 22ft;3;72.23;ACC0016;completed;Y
H105046;10/03/2024;Glasgow Depot;Scotland;HD-BRK;Hydraulic Breaker;2;59.59;ACC0008;completed;Y
H105047;27/02/2024;Cardiff Depot;Wales;GEN-60;60kVA Generator;1;102.3;ACC0229;completed;Y
H105048;24/03/2024;Bristol Depot;South West;SC-22;Scissor Lift 22ft;2;77.33;ACC0249;completed;Y
H105049;11/09/2023;Cardiff Depot;Wales;WP-02;Water Pump 2in;5;23.33;ACC0106;completed;Y
H105050;31/10/2024;Glasgow Depot;Scotland;DM-09;Diesel Dumper 9T;1;154.47;ACC0160;completed;Y
H105051;14/06/2023;Leeds Depot;North;DM-09;Diesel Dumper 9T;5;148.71;ACC0078;completed;Y
H105052;20/07/2024;Bristol Depot;South West;SC-22;Scissor Lift 22ft;2;77.76;ACC0007;completed;Y
H105053;25/07/2023;Bristol Depot;South West;PB-15;Powered Barrow;-1;40.82;ACC0122;cancelled;Y
H105054;17/11/2024;Norwich Depot;East;EX-140;13T Excavator;2;292.97;;completed;Y
H105055;24/09/2024;Leeds Depot;North;CM-350;Concrete Mixer 350L;2;36.23;ACC0053;completed;Y
H105056;26/02/2024;Cardiff Depot;Wales;EX-140;13T Excavator;28;333.99;ACC0077;completed;Y
H105057;27/10/2023;Leeds Depot;North;CM-350;Concrete Mixer 350L;2;34.53;ACC0208;completed;Y
H105058;16/02/2024;Cardiff Depot;Wales;EX-140;13T Excavator;1;330.99;;completed;Y
H105059;15/07/2024;Glasgow Depot;Scotland;GEN-60;60kVA Generator;2;96.76;ACC0260;open;Y
H105060;26/05/2024;Norwich Depot;East;WP-02;Water Pump 2in;3;23.5;ACC0067;completed;Y
H105061;14/06/2023;Norwich Depot;East;GEN-60;60kVA Generator;2;90.66;ACC0039;completed;Y
H105062;24/01/2024;Bristol Depot;South West;SF-TOW;Site Tower Light;1;49.64;ACC0122;completed;Y
H105063;30/05/2024;Leeds Depot;North;SC-22;Scissor Lift 22ft;-14;75.85;ACC0252;cancelled;Y
H105064;25/10/2024;Glasgow Depot;Scotland;GEN-60;60kVA Generator;2;98.49;ACC0060;completed;Y
H105065;19/01/2024;Bristol Depot;South West;GEN-60;60kVA Generator;1;94.57;ACC0047;completed;Y
H105066;20/09/2024;Glasgow Depot;Scotland;GEN-60;60kVA Generator;-3;98.91;ACC0103;cancelled;N
H105067;20/06/2024;Leeds Depot;North;SC-22;Scissor Lift 22ft;1;76.64;ACC0142;completed;Y
H105068;17/12/2024;Glasgow Depot;Scotland;SF-TOW;Site Tower Light;-5;48.44;ACC0078;cancelled;Y
H105069;06/09/2023;Bristol Depot;South West;CM-350;Concrete Mixer 350L;1;36.69;ACC0086;completed;N
H105070;20/04/2023;Glasgow Depot;Scotland;GEN-60;60kVA Generator;-1;90.71;ACC0206;cancelled;N
H105071;03/09/2024;Cardiff Depot;Wales;CM-350;Concrete Mixer 350L;3;36.64;ACC0229;completed;Y
H105072;22/10/2024;Cardiff Depot;Wales;SC-22;Scissor Lift 22ft;3;78.88;ACC0045;completed;Y
H105073;19/06/2023;Glasgow Depot;Scotland;SC-22;Scissor Lift 22ft;2;79.62;ACC0221;completed;Y
H105074;19/08/2024;Cardiff Depot;Wales;EX-140;13T Excavator;3;332.91;ACC0082;completed;Y
H105075;06/01/2024;Leeds Depot;North;TL-01;Telehandler 4m;1;181.35;ACC0115;completed;Y
H105076;15/11/2023;Bristol Depot;South West;WP-02;Water Pump 2in;28;23.41;ACC0043;completed;Y
H105077;01/12/2023;Cardiff Depot;Wales;TL-01;Telehandler 4m;3;198.31;ACC0089;completed;Y
H105078;22/09/2024;Bristol Depot;South West;TL-01;Telehandler 4m;14;202.46;ACC0207;completed;Y
H105079;11/06/2023;Cardiff Depot;Wales;SF-TOW;Site Tower Light;2;50.04;ACC0018;completed;Y
H105080;21/12/2024;Cardiff Depot;Wales;DM-09;Diesel Dumper 9T;1;151.89;ACC0159;completed;Y
H105081;08/11/2024;Norwich Depot;East;GEN-60;60kVA Generator;1;102.19;ACC0059;open;Y
H105082;18/12/2023;Glasgow Depot;Scotland;GEN-60;60kVA Generator;5;99.68;ACC0027;completed;Y
H105083;13/05/2023;Bristol Depot;South West;WP-02;Water Pump 2in;2;21.88;ACC0220;completed;Y
H105084;11/11/2024;Glasgow Depot;Scotland;SF-TOW;Site Tower Light;7;49.12;ACC0195;completed;Y
H105085;17/01/2024;Glasgow Depot;Scotland;SC-22;Scissor Lift 22ft;5;74.0;ACC0095;completed;N
H105086;14/03/2024;Glasgow Depot;Scotland;SF-TOW;Site Tower Light;1;49.15;ACC0004;completed;Y
H105087;19/07/2024;Glasgow Depot;Scotland;SF-TOW;Site Tower Light;3;54.33;ACC0092;completed;Y
H105088;25/01/2024;Glasgow Depot;Scotland;TL-01;Telehandler 4m;2;187.36;ACC0149;completed;Y
H105089;31/12/2023;Norwich Depot;East;WP-02;Water Pump 2in;5;24.16;ACC0167;completed;Y
H105090;30/05/2023;Leeds Depot;North;SF-TOW;Site Tower Light;28;54.33;ACC0046;completed;Y
H105091;20/11/2023;Cardiff Depot;Wales;WP-02;Water Pump 2in;5;24.06;ACC0201;completed;N
H105092;22/08/2023;Cardiff Depot;Wales;DM-09;Diesel Dumper 9T;1;139.01;ACC0029;completed;N
H105093;10/10/2024;Cardiff Depot;Wales;GEN-60;60kVA Generator;5;93.77;;completed;Y
H105094;22/12/2023;Glasgow Depot;Scotland;EX-140;13T Excavator;7;314.13;ACC0118;completed;Y
H105095;07/04/2024;Norwich Depot;East;SF-TOW;Site Tower Light;1;55.4;ACC0189;completed;Y
H105096;21/12/2023;Norwich Depot;East;TL-01;Telehandler 4m;5;192.99;ACC0146;completed;Y
H105097;29/08/2024;Cardiff Depot;Wales;PB-15;Powered Barrow;2;39.72;ACC0246;completed;Y
H105098;01/12/2024;Bristol Depot;South West;EX-140;13T Excavator;2;330.42;ACC0096;completed;Y
H105099;15/05/2023;Norwich Depot;East;TL-01;Telehandler 4m;1;194.61;ACC0019;completed;Y
H105100;30/12/2024;Norwich Depot;East;GEN-60;60kVA Generator;2;97.3;ACC0002;completed;Y
H105101;25/02/2024;Norwich Depot;East;HD-BRK;Hydraulic Breaker;7;60.56;ACC0172;completed;Y
H105102;13/11/2023;Glasgow Depot;Scotland;HD-BRK;Hydraulic Breaker;1;62.02;ACC0221;completed;Y
H105103;07/03/2024;Bristol Depot;South West;HD-BRK;Hydraulic Breaker;2;65.98;;open;Y
H105104;04/05/2023;Cardiff Depot;Wales;SF-TOW;Site Tower Light;7;50.4;;completed;Y
H105105;01/12/2024;Bristol Depot;South West;CM-350;Concrete Mixer 350L;5;34.45;ACC0008;completed;Y
H105106;04/11/2024;Glasgow Depot;Scotland;WP-02;Water Pump 2in;5;22.34;ACC0214;open;Y
H105107;25/07/2024;Cardiff Depot;Wales;TL-01;Telehandler 4m;3;196.65;ACC0081;completed;Y
H105108;01/07/2024;Glasgow Depot;Scotland;SC-22;Scissor Lift 22ft;2;72.59;ACC0193;completed;Y
H105109;24/10/2024;Cardiff Depot;Wales;CM-350;Concrete Mixer 350L;2;32.09;ACC0224;completed;Y
H105110;21/12/2024;Norwich Depot;East;HD-BRK;Hydraulic Breaker;1;65.84;ACC0116;completed;Y
H105111;08/09/2023;Bristol Depot;South West;PB-15;Powered Barrow;5;39.22;ACC0003;completed;Y
H105112;12/05/2023;Leeds Depot;North;PB-15;Powered Barrow;3;40.09;ACC0127;completed;Y
H105113;06/05/2023;Cardiff Depot;Wales;CM-350;Concrete Mixer 350L;1;35.04;ACC0125;completed;Y
H105114;17/11/2023;Cardiff Depot;Wales;PB-15;Powered Barrow;1;41.03;;completed;N
H105115;02/10/2023;Glasgow Depot;Scotland;CM-350;Concrete Mixer 350L;14;32.06;ACC0043;completed;Y
H105116;13/09/2023;Leeds Depot;North;EX-140;13T Excavator;3;291.18;ACC0026;completed;Y
H105117;23/05/2023;Norwich Depot;East;DM-09;Diesel Dumper 9T;2;154.41;;completed;Y
H105118;01/08/2023;Bristol Depot;South West;HD-BRK;Hydraulic Breaker;3;59.18;ACC0018;completed;Y
H105119;18/10/2023;Bristol Depot;South West;HD-BRK;Hydraulic Breaker;7;65.77;ACC0052;completed;Y
H105120;30/12/2024;Norwich Depot;East;WP-02;Water Pump 2in;3;23.12;ACC0066;completed;Y
H105121;18/04/2023;Norwich Depot;East;HD-BRK;Hydraulic Breaker;1;58.92;ACC0252;completed;Y
H105122;03/12/2024;Leeds Depot;North;CM-350;Concrete Mixer 350L;1;34.05;ACC0236;completed;N
H105123;30/05/2023;Glasgow Depot;Scotland;SC-22;Scissor Lift 22ft;5;77.44;ACC0025;completed;Y
H105124;31/08/2024;Bristol Depot;South West;SF-TOW;Site Tower Light;14;52.13;ACC0029;completed;Y
H105125;08/07/2023;Bristol Depot;South West;TL-01;Telehandler 4m;1;174.08;ACC0204;completed;Y
H105126;11/05/2023;Glasgow Depot;Scotland;SF-TOW;Site Tower Light;1;49.01;ACC0007;completed;Y
H105127;29/09/2024;Norwich Depot;East;GEN-60;60kVA Generator;7;100.8;ACC0059;completed;Y
H105128;17/03/2024;Leeds Depot;North;SF-TOW;Site Tower Light;3;53.5;ACC0211;completed;Y
H105129;07/05/2023;Bristol Depot;South West;TL-01;Telehandler 4m;7;186.03;ACC0128;completed;Y
H105130;06/05/2023;Glasgow Depot;Scotland;SC-22;Scissor Lift 22ft;1;74.76;ACC0132;completed;Y
H105131;29/10/2024;Bristol Depot;South West;SF-TOW;Site Tower Light;14;55.99;ACC0234;completed;Y
H105132;24/06/2023;Bristol Depot;South West;SC-22;Scissor Lift 22ft;1;72.27;;completed;N
H105133;15/02/2024;Glasgow Depot;Scotland;GEN-60;60kVA Generator;1;94.36;ACC0186;completed;Y
H105134;20/08/2023;Norwich Depot;East;DM-09;Diesel Dumper 9T;2;152.5;ACC0032;completed;Y
H105135;07/12/2023;Cardiff Depot;Wales;PB-15;Powered Barrow;1;42.65;;completed;Y
H105136;01/06/2024;Leeds Depot;North;WP-02;Water Pump 2in;3;22.76;ACC0029;completed;Y
H105137;22/04/2024;Norwich Depot;East;EX-140;13T Excavator;1;315.01;ACC0098;completed;Y
H105138;04/05/2023;Norwich Depot;East;CM-350;Concrete Mixer 350L;7;35.35;ACC0067;completed;Y
H105139;08/06/2024;Leeds Depot;North;PB-15;Powered Barrow;2;37.93;ACC0068;completed;Y
H105140;11/07/2024;Leeds Depot;North;SC-22;Scissor Lift 22ft;2;81.39;ACC0098;completed;Y
H105141;11/10/2024;Cardiff Depot;Wales;DM-09;Diesel Dumper 9T;1;152.92;ACC0184;completed;Y
H105142;05/08/2024;Glasgow Depot;Scotland;CM-350;Concrete Mixer 350L;1;34.93;ACC0131;completed;Y
H105143;18/10/2023;Norwich Depot;East;SC-22;Scissor Lift 22ft;1;76.49;ACC0083;completed;Y
H105144;17/10/2024;Glasgow Depot;Scotland;CM-350;Concrete Mixer 350L;2;36.55;ACC0004;completed;Y
H105145;23/08/2024;Cardiff Depot;Wales;SF-TOW;Site Tower Light;1;54.47;ACC0094;completed;Y
H105146;16/04/2024;Leeds Depot;North;WP-02;Water Pump 2in;1;21.31;ACC0060;completed;N
H105147;09/08/2024;Leeds Depot;North;HD-BRK;Hydraulic Breaker;3;67.94;ACC0015;completed;Y
H105148;09/08/2023;Norwich Depot;East;DM-09;Diesel Dumper 9T;1;153.12;;completed;Y
H105149;05/02/2024;Norwich Depot;East;WP-02;Water Pump 2in;7;23.44;ACC0056;completed;Y
H105150;24/02/2024;Norwich Depot;East;SC-22;Scissor Lift 22ft;5;76.49;;completed;Y
H105151;22/02/2024;Leeds Depot;North;CM-350;Concrete Mixer 350L;5;36.67;ACC0062;completed;Y
H105152;23/07/2023;Cardiff Depot;Wales;EX-140;13T Excavator;7;325.7;ACC0161;completed;Y
H105153;02/08/2023;Bristol Depot;South West;PB-15;Powered Barrow;28;39.5;;completed;Y
H105154;14/09/2024;Leeds Depot;North;CM-350;Concrete Mixer 350L;1;36.71;ACC0217;completed;Y
H105155;12/07/2024;Norwich Depot;East;WP-02;Water Pump 2in;3;23.81;;completed;Y
H105156;11/08/2024;Bristol Depot;South West;PB-15;Powered Barrow;-2;40.2;ACC0241;cancelled;Y
H105157;12/05/2023;Leeds Depot;North;DM-09;Diesel Dumper 9T;3;138.61;ACC0157;completed;Y
H105158;29/07/2024;Bristol Depot;South West;SF-TOW;Site Tower Light;5;55.24;ACC0166;completed;Y
H105159;10/09/2024;Leeds Depot;North;GEN-60;60kVA Generator;3;96.84;ACC0102;completed;Y
H105160;18/12/2023;Leeds Depot;North;CM-350;Concrete Mixer 350L;3;34.27;ACC0042;completed;Y
H105161;06/03/2024;Glasgow Depot;Scotland;TL-01;Telehandler 4m;1;187.1;;completed;Y
H105162;22/05/2024;Bristol Depot;South West;DM-09;Diesel Dumper 9T;5;143.57;;completed;Y
H105163;09/05/2023;Norwich Depot;East;TL-01;Telehandler 4m;1;185.68;ACC0090;completed;N
H105164;16/08/2024;Leeds Depot;North;TL-01;Telehandler 4m;1;190.45;ACC0210;completed;Y
H105165;11/06/2024;Cardiff Depot;Wales;WP-02;Water Pump 2in;7;22.05;ACC0062;completed;Y
H105166;18/01/2024;Glasgow Depot;Scotland;SC-22;Scissor Lift 22ft;2;78.55;ACC0112;completed;Y
H105167;11/01/2024;Cardiff Depot;Wales;SF-TOW;Site Tower Light;1;48.32;;completed;N
H105168;10/04/2023;Cardiff Depot;Wales;SC-22;Scissor Lift 22ft;2;78.27;ACC0181;completed;Y
H105169;18/10/2024;Bristol Depot;South West;SC-22;Scissor Lift 22ft;2;81.64;ACC0168;open;Y
H105170;24/11/2023;Bristol Depot;South West;CM-350;Concrete Mixer 350L;2;35.02;ACC0002;open;Y
H105171;26/04/2023;Leeds Depot;North;DM-09;Diesel Dumper 9T;2;150.78;ACC0152;completed;Y
H105172;12/07/2024;Glasgow Depot;Scotland;HD-BRK;Hydraulic Breaker;2;66.57;ACC0216;completed;Y
H105173;12/05/2023;Norwich Depot;East;GEN-60;60kVA Generator;-14;99.17;;cancelled;Y
H105174;12/12/2024;Leeds Depot;North;DM-09;Diesel Dumper 9T;3;155.45;ACC0260;completed;Y
H105175;12/12/2023;Glasgow Depot;Scotland;GEN-60;60kVA Generator;14;97.81;ACC0136;completed;Y
H105176;24/04/2024;Norwich Depot;East;CM-350;Concrete Mixer 350L;1;31.36;ACC0053;completed;Y
H105177;04/05/2024;Norwich Depot;East;WP-02;Water Pump 2in;3;21.05;ACC0256;completed;Y
H105178;26/10/2023;Leeds Depot;North;SC-22;Scissor Lift 22ft;7;77.31;ACC0188;completed;Y
H105179;09/11/2023;Leeds Depot;North;WP-02;Water Pump 2in;1;20.93;ACC0123;completed;Y
H105180;07/01/2024;Bristol Depot;South West;WP-02;Water Pump 2in;3;23.47;ACC0106;completed;Y
H105181;31/07/2024;Leeds Depot;North;SF-TOW;Site Tower Light;5;53.01;ACC0021;completed;Y
H105182;09/09/2023;Cardiff Depot;Wales;HD-BRK;Hydraulic Breaker;14;61.19;ACC0126;completed;Y
H105183;27/11/2023;Cardiff Depot;Wales;TL-01;Telehandler 4m;2;184.29;ACC0128;completed;Y
H105184;11/01/2024;Leeds Depot;North;PB-15;Powered Barrow;-2;40.47;ACC0167;cancelled;Y
H105185;02/05/2024;Bristol Depot;South West;WP-02;Water Pump 2in;1;23.57;ACC0240;completed;N
H105186;22/01/2024;Glasgow Depot;Scotland;WP-02;Water Pump 2in;3;22.21;ACC0150;open;Y
H105187;12/05/2023;Norwich Depot;East;EX-140;13T Excavator;7;309.59;ACC0090;completed;Y
H105188;02/03/2024;Glasgow Depot;Scotland;GEN-60;60kVA Generator;5;90.65;ACC0254;completed;Y
H105189;25/02/2024;Bristol Depot;South West;WP-02;Water Pump 2in;5;23.23;ACC0052;completed;Y
H105190;19/12/2024;Cardiff Depot;Wales;CM-350;Concrete Mixer 350L;3;35.73;ACC0062;completed;Y
H105191;14/10/2024;Leeds Depot;North;SC-22;Scissor Lift 22ft;7;81.91;ACC0171;completed;Y
H105192;03/07/2023;Bristol Depot;South West;HD-BRK;Hydraulic Breaker;2;64.52;ACC0022;open;Y
H105193;30/04/2024;Cardiff Depot;Wales;WP-02;Water Pump 2in;28;20.86;ACC0176;completed;N
H105194;25/08/2024;Norwich Depot;East;PB-15;Powered Barrow;3;42.25;ACC0068;completed;Y
H105195;05/10/2023;Glasgow Depot;Scotland;CM-350;Concrete Mixer 350L;2;35.65;;completed;Y
H105196;08/09/2023;Glasgow Depot;Scotland;DM-09;Diesel Dumper 9T;1;134.84;ACC0252;open;Y
H105197;29/05/2023;Bristol Depot;South West;EX-140;13T Excavator;7;290.67;ACC0215;completed;Y
H105198;26/05/2024;Cardiff Depot;Wales;WP-02;Water Pump 2in;2;23.23;ACC0061;completed;Y
H105199;25/08/2023;Leeds Depot;North;EX-140;13T Excavator;14;288.01;ACC0179;completed;Y
H105200;28/05/2023;Bristol Depot;South West;HD-BRK;Hydraulic Breaker;2;68.97;ACC0225;completed;Y
H105201;21/09/2023;Norwich Depot;East;SC-22;Scissor Lift 22ft;1;76.32;;completed;Y
H105202;10/08/2023;Bristol Depot;South West;DM-09;Diesel Dumper 9T;2;138.76;;completed;Y
H105203;23/09/2024;Norwich Depot;East;SC-22;Scissor Lift 22ft;14;82.63;ACC0211;completed;Y
H105204;21/07/2024;Norwich Depot;East;SF-TOW;Site Tower Light;2;52.36;ACC0256;completed;N
H105205;15/01/2024;Bristol Depot;South West;GEN-60;60kVA Generator;7;93.07;ACC0145;completed;Y
H105206;28/04/2024;Cardiff Depot;Wales;SF-TOW;Site Tower Light;1;54.32;ACC0115;completed;Y
H105207;31/08/2023;Leeds Depot;North;WP-02;Water Pump 2in;2;21.02;ACC0127;completed;Y
H105208;02/11/2024;Bristol Depot;South West;HD-BRK;Hydraulic Breaker;1;62.64;ACC0181;completed;Y
H105209;20/07/2024;Bristol Depot;South West;CM-350;Concrete Mixer 350L;3;32.53;ACC0069;completed;Y
H105210;19/10/2024;Cardiff Depot;Wales;GEN-60;60kVA Generator;2;98.36;ACC0092;completed;Y
H105211;10/07/2023;Cardiff Depot;Wales;SF-TOW;Site Tower Light;1;53.42;;completed;Y
H105212;01/03/2024;Cardiff Depot;Wales;EX-140;13T Excavator;2;314.6;ACC0213;completed;Y
H105213;02/12/2024;Cardiff Depot;Wales;EX-140;13T Excavator;2;313.16;ACC0105;completed;N
H105214;14/09/2023;Bristol Depot;South West;SC-22;Scissor Lift 22ft;5;83.66;ACC0198;completed;Y
H105215;03/04/2023;Bristol Depot;South West;WP-02;Water Pump 2in;2;21.29;ACC0237;completed;Y
H105216;25/01/2024;Cardiff Depot;Wales;CM-350;Concrete Mixer 350L;1;33.01;;completed;Y
H105217;24/07/2023;Bristol Depot;South West;SF-TOW;Site Tower Light;3;49.57;ACC0126;completed;Y
H105218;22/04/2023;Bristol Depot;South West;CM-350;Concrete Mixer 350L;2;34.41;ACC0006;completed;Y
H105219;15/03/2024;Glasgow Depot;Scotland;GEN-60;60kVA Generator;1;101.62;ACC0212;completed;Y
H105220;19/10/2024;Bristol Depot;South West;PB-15;Powered Barrow;7;39.59;;completed;Y
H105221;16/12/2023;Cardiff Depot;Wales;WP-02;Water Pump 2in;1;20.95;ACC0113;completed;Y
H105222;17/08/2023;Bristol Depot;South West;HD-BRK;Hydraulic Breaker;1;59.43;ACC0189;completed;Y
H105223;30/05/2024;Leeds Depot;North;WP-02;Water Pump 2in;3;21.46;ACC0171;completed;N
H105224;22/10/2023;Glasgow Depot;Scotland;PB-15;Powered Barrow;7;41.26;ACC0189;completed;Y
H105225;08/10/2024;Glasgow Depot;Scotland;SC-22;Scissor Lift 22ft;1;77.49;ACC0035;completed;Y
H105226;29/05/2023;Cardiff Depot;Wales;CM-350;Concrete Mixer 350L;5;35.45;ACC0010;completed;Y
H105227;30/09/2024;Cardiff Depot;Wales;CM-350;Concrete Mixer 350L;1;35.4;ACC0182;completed;Y
H105228;06/09/2023;Bristol Depot;South West;SC-22;Scissor Lift 22ft;7;82.92;ACC0224;completed;Y
H105229;15/03/2024;Leeds Depot;North;CM-350;Concrete Mixer 350L;3;33.12;ACC0151;completed;Y
H105230;16/12/2024;Leeds Depot;North;CM-350;Concrete Mixer 350L;1;35.07;ACC0093;completed;Y
H105231;18/10/2024;Cardiff Depot;Wales;WP-02;Water Pump 2in;5;22.68;ACC0248;completed;Y
H105232;05/11/2023;Leeds Depot;North;CM-350;Concrete Mixer 350L;-5;32.48;;cancelled;Y
H105233;06/01/2024;Bristol Depot;South West;CM-350;Concrete Mixer 350L;1;32.28;ACC0165;completed;N
H105234;20/09/2024;Glasgow Depot;Scotland;SC-22;Scissor Lift 22ft;1;76.4;ACC0239;completed;Y
H105235;25/04/2024;Glasgow Depot;Scotland;HD-BRK;Hydraulic Breaker;1;65.18;ACC0004;completed;Y
H105236;22/07/2024;Cardiff Depot;Wales;CM-350;Concrete Mixer 350L;2;34.61;ACC0094;completed;Y
H105237;24/12/2023;Bristol Depot;South West;GEN-60;60kVA Generator;14;91.08;ACC0011;completed;Y
H105238;24/11/2024;Bristol Depot;South West;CM-350;Concrete Mixer 350L;3;31.56;ACC0140;completed;Y
H105239;09/10/2024;Bristol Depot;South West;SC-22;Scissor Lift 22ft;5;75.08;ACC0196;completed;N
H105240;25/06/2024;Cardiff Depot;Wales;DM-09;Diesel Dumper 9T;2;149.64;ACC0112;completed;N
H105241;23/01/2024;Leeds Depot;North;CM-350;Concrete Mixer 350L;2;32.46;ACC0126;completed;Y
H105242;07/09/2024;Leeds Depot;North;PB-15;Powered Barrow;-5;43.49;ACC0093;cancelled;Y
H105243;17/07/2023;Glasgow Depot;Scotland;DM-09;Diesel Dumper 9T;5;141.0;ACC0037;completed;Y
H105244;20/12/2023;Cardiff Depot;Wales;CM-350;Concrete Mixer 350L;1;35.53;ACC0078;completed;Y
H105245;19/09/2023;Norwich Depot;East;SC-22;Scissor Lift 22ft;3;73.4;ACC0228;completed;Y
H105246;01/04/2024;Bristol Depot;South West;WP-02;Water Pump 2in;2;23.85;ACC0070;completed;Y
H105247;30/11/2023;Bristol Depot;South West;SC-22;Scissor Lift 22ft;2;77.03;ACC0189;completed;N
H105248;15/12/2024;Norwich Depot;East;WP-02;Water Pump 2in;2;21.3;ACC0115;completed;Y
H105249;20/08/2023;Cardiff Depot;Wales;HD-BRK;Hydraulic Breaker;7;59.67;ACC0141;completed;N
H105250;29/05/2024;Cardiff Depot;Wales;TL-01;Telehandler 4m;2;182.05;ACC0165;completed;Y
H105251;04/06/2024;Leeds Depot;North;HD-BRK;Hydraulic Breaker;3;67.29;ACC0043;completed;Y
H105252;16/08/2024;Bristol Depot;South West;SC-22;Scissor Lift 22ft;3;72.84;ACC0011;completed;N
H105253;04/07/2024;Cardiff Depot;Wales;HD-BRK;Hydraulic Breaker;2;60.89;ACC0203;completed;Y
H105254;10/04/2023;Bristol Depot;South West;SC-22;Scissor Lift 22ft;1;75.63;ACC0255;completed;Y
H105255;15/10/2023;Cardiff Depot;Wales;SF-TOW;Site Tower Light;-3;52.71;;cancelled;Y
H105256;01/12/2023;Norwich Depot;East;CM-350;Concrete Mixer 350L;5;33.81;;completed;Y
H105257;21/08/2024;Leeds Depot;North;SC-22;Scissor Lift 22ft;3;77.02;ACC0223;completed;Y
H105258;24/08/2024;Cardiff Depot;Wales;DM-09;Diesel Dumper 9T;-3;138.03;ACC0205;cancelled;Y
H105259;21/04/2023;Bristol Depot;South West;SC-22;Scissor Lift 22ft;1;74.23;;completed;Y
H105260;31/01/2024;Norwich Depot;East;WP-02;Water Pump 2in;7;23.92;ACC0188;completed;Y
H105261;09/05/2023;Glasgow Depot;Scotland;DM-09;Diesel Dumper 9T;3;140.08;ACC0213;completed;Y
H105262;15/04/2023;Leeds Depot;North;SF-TOW;Site Tower Light;3;48.78;ACC0208;completed;Y
H105263;12/05/2024;Cardiff Depot;Wales;CM-350;Concrete Mixer 350L;7;32.11;ACC0113;completed;N
H105264;14/02/2024;Bristol Depot;South West;WP-02;Water Pump 2in;3;22.99;ACC0120;completed;N
H105265;19/03/2024;Cardiff Depot;Wales;TL-01;Telehandler 4m;1;194.38;ACC0235;completed;Y
H105266;01/01/2024;Leeds Depot;North;WP-02;Water Pump 2in;2;21.09;ACC0138;completed;N
H105267;27/12/2023;Cardiff Depot;Wales;EX-140;13T Excavator;2;314.22;ACC0045;completed;N
H105268;18/10/2023;Glasgow Depot;Scotland;CM-350;Concrete Mixer 350L;1;32.28;ACC0085;completed;Y
H105269;28/12/2023;Leeds Depot;North;PB-15;Powered Barrow;-2;43.29;ACC0203;cancelled;Y
H105270;03/08/2024;Cardiff Depot;Wales;SF-TOW;Site Tower Light;1;51.23;ACC0178;completed;Y
H105271;12/06/2024;Bristol Depot;South West;HD-BRK;Hydraulic Breaker;2;60.17;ACC0121;completed;Y
H105272;04/09/2023;Leeds Depot;North;GEN-60;60kVA Generator;-5;97.35;ACC0021;cancelled;Y
H105273;13/10/2024;Norwich Depot;East;CM-350;Concrete Mixer 350L;3;32.06;ACC0060;open;Y
H105274;08/08/2023;Leeds Depot;North;SF-TOW;Site Tower Light;2;50.04;ACC0003;completed;Y
H105275;02/08/2024;Glasgow Depot;Scotland;WP-02;Water Pump 2in;28;22.3;ACC0096;completed;N
H105276;06/08/2024;Leeds Depot;North;SF-TOW;Site Tower Light;-7;49.67;ACC0058;cancelled;Y
H105277;29/08/2023;Leeds Depot;North;WP-02;Water Pump 2in;1;24.11;ACC0157;completed;Y
H105278;16/08/2024;Cardiff Depot;Wales;SC-22;Scissor Lift 22ft;2;74.34;ACC0133;completed;Y
H105279;15/05/2024;Cardiff Depot;Wales;PB-15;Powered Barrow;1;40.71;ACC0073;completed;Y
H105280;19/09/2023;Norwich Depot;East;GEN-60;60kVA Generator;1;101.8;ACC0187;completed;Y
H105281;10/07/2024;Norwich Depot;East;DM-09;Diesel Dumper 9T;14;154.95;ACC0173;completed;Y
H105282;06/10/2024;Leeds Depot;North;SC-22;Scissor Lift 22ft;7;73.55;ACC0212;completed;Y
H105283;22/07/2023;Cardiff Depot;Wales;WP-02;Water Pump 2in;1;22.49;ACC0086;completed;Y
H105284;30/04/2024;Glasgow Depot;Scotland;CM-350;Concrete Mixer 350L;-2;33.07;ACC0173;cancelled;Y
H105285;17/02/2024;Cardiff Depot;Wales;GEN-60;60kVA Generator;3;92.26;ACC0248;completed;Y
H105286;03/08/2024;Cardiff Depot;Wales;CM-350;Concrete Mixer 350L;28;36.67;ACC0226;completed;Y
H105287;27/12/2023;Cardiff Depot;Wales;GEN-60;60kVA Generator;5;99.71;;completed;Y
H105288;22/06/2024;Norwich Depot;East;SC-22;Scissor Lift 22ft;1;78.22;ACC0002;completed;Y
H105289;21/12/2024;Leeds Depot;North;SC-22;Scissor Lift 22ft;3;81.43;ACC0019;completed;Y
H105290;10/02/2024;Cardiff Depot;Wales;CM-350;Concrete Mixer 350L;2;32.0;ACC0130;completed;Y
H105291;03/10/2023;Cardiff Depot;Wales;SC-22;Scissor Lift 22ft;1;80.65;ACC0003;completed;Y
H105292;11/07/2024;Norwich Depot;East;HD-BRK;Hydraulic Breaker;5;67.91;;completed;N
H105293;04/10/2023;Bristol Depot;South West;CM-350;Concrete Mixer 350L;7;33.06;ACC0117;completed;N
H105294;12/07/2024;Leeds Depot;North;DM-09;Diesel Dumper 9T;1;140.44;;completed;Y
H105295;22/10/2024;Norwich Depot;East;WP-02;Water Pump 2in;5;23.47;ACC0046;completed;Y
H105296;11/09/2023;Bristol Depot;South West;TL-01;Telehandler 4m;1;192.7;ACC0005;completed;Y
H105297;06/10/2024;Bristol Depot;South West;HD-BRK;Hydraulic Breaker;2;61.41;ACC0108;completed;Y
H105298;06/10/2024;Leeds Depot;North;SC-22;Scissor Lift 22ft;1;76.0;ACC0019;completed;Y
H105299;27/11/2024;Bristol Depot;South West;CM-350;Concrete Mixer 350L;14;31.43;ACC0076;completed;Y
H105300;26/09/2024;Glasgow Depot;Scotland;CM-350;Concrete Mixer 350L;1;34.16;ACC0118;completed;Y
H105301;01/05/2024;Glasgow Depot;Scotland;PB-15;Powered Barrow;2;41.35;ACC0130;completed;Y
H105302;16/06/2023;Cardiff Depot;Wales;SF-TOW;Site Tower Light;1;53.29;ACC0235;completed;N
H105303;22/01/2024;Cardiff Depot;Wales;PB-15;Powered Barrow;5;38.1;ACC0007;completed;Y
H105304;04/11/2024;Bristol Depot;South West;HD-BRK;Hydraulic Breaker;5;66.79;ACC0233;completed;Y
H105305;06/08/2023;Cardiff Depot;Wales;HD-BRK;Hydraulic Breaker;2;64.69;ACC0037;completed;Y
H105306;11/05/2024;Glasgow Depot;Scotland;HD-BRK;Hydraulic Breaker;1;63.51;;completed;N
H105307;29/04/2023;Cardiff Depot;Wales;EX-140;13T Excavator;3;292.14;ACC0213;completed;Y
H105308;02/11/2024;Cardiff Depot;Wales;DM-09;Diesel Dumper 9T;3;148.42;ACC0089;completed;Y
H105309;25/05/2024;Cardiff Depot;Wales;TL-01;Telehandler 4m;1;198.4;;completed;Y
H105310;22/03/2024;Leeds Depot;North;DM-09;Diesel Dumper 9T;7;136.92;ACC0114;completed;N
H105311;07/08/2024;Bristol Depot;South West;GEN-60;60kVA Generator;1;100.37;ACC0108;completed;Y
H105312;18/03/2024;Leeds Depot;North;WP-02;Water Pump 2in;1;21.74;ACC0093;completed;Y
H105313;31/12/2023;Cardiff Depot;Wales;WP-02;Water Pump 2in;5;21.48;ACC0186;completed;Y
H105314;09/06/2024;Norwich Depot;East;DM-09;Diesel Dumper 9T;3;143.83;ACC0154;completed;Y
H105315;01/06/2024;Cardiff Depot;Wales;GEN-60;60kVA Generator;3;93.58;ACC0196;completed;Y
H105316;03/08/2024;Norwich Depot;East;SF-TOW;Site Tower Light;2;52.69;ACC0113;completed;N
H105317;31/10/2024;Leeds Depot;North;WP-02;Water Pump 2in;1;23.33;ACC0185;completed;Y
H105318;03/08/2023;Glasgow Depot;Scotland;SC-22;Scissor Lift 22ft;1;73.21;ACC0250;completed;Y
H105319;15/10/2024;Leeds Depot;North;DM-09;Diesel Dumper 9T;7;154.21;ACC0204;completed;N
H105320;25/01/2024;Norwich Depot;East;SF-TOW;Site Tower Light;1;47.99;;completed;Y
H105321;03/02/2024;Cardiff Depot;Wales;TL-01;Telehandler 4m;1;192.63;;completed;N
H105322;24/06/2023;Leeds Depot;North;PB-15;Powered Barrow;7;38.27;ACC0167;completed;Y
H105323;07/10/2023;Bristol Depot;South West;HD-BRK;Hydraulic Breaker;5;64.84;ACC0008;completed;Y
H105324;08/11/2023;Bristol Depot;South West;CM-350;Concrete Mixer 350L;3;34.26;ACC0215;completed;Y
H105325;28/08/2024;Bristol Depot;South West;SC-22;Scissor Lift 22ft;5;81.7;ACC0229;completed;Y
H105326;05/07/2024;Cardiff Depot;Wales;SC-22;Scissor Lift 22ft;1;80.79;;open;Y
H105327;21/12/2023;Norwich Depot;East;SF-TOW;Site Tower Light;1;50.59;ACC0207;completed;Y
H105328;19/11/2023;Norwich Depot;East;SC-22;Scissor Lift 22ft;1;73.56;ACC0125;completed;Y
H105329;31/05/2024;Norwich Depot;East;WP-02;Water Pump 2in;2;22.74;ACC0023;completed;N
H105330;05/12/2023;Norwich Depot;East;SF-TOW;Site Tower Light;3;54.06;ACC0030;completed;Y
H105331;27/09/2024;Norwich Depot;East;WP-02;Water Pump 2in;2;22.98;;open;Y
H105332;02/07/2023;Bristol Depot;South West;GEN-60;60kVA Generator;7;89.72;ACC0014;completed;N
H105333;07/06/2023;Bristol Depot;South West;SF-TOW;Site Tower Light;2;51.37;ACC0147;completed;Y
H105334;25/08/2023;Glasgow Depot;Scotland;WP-02;Water Pump 2in;2;23.95;ACC0169;open;Y
H105335;19/01/2024;Cardiff Depot;Wales;TL-01;Telehandler 4m;2;195.09;ACC0114;completed;N
H105336;12/09/2023;Norwich Depot;East;PB-15;Powered Barrow;5;37.86;ACC0049;open;Y
H105337;06/08/2023;Cardiff Depot;Wales;GEN-60;60kVA Generator;3;99.48;ACC0256;completed;N
H105338;10/03/2024;Bristol Depot;South West;CM-350;Concrete Mixer 350L;3;36.35;;completed;N
H105339;11/11/2024;Cardiff Depot;Wales;GEN-60;60kVA Generator;3;89.15;ACC0159;completed;Y
H105340;13/04/2024;Leeds Depot;North;DM-09;Diesel Dumper 9T;14;139.59;ACC0032;completed;Y
H105341;26/12/2023;Bristol Depot;South West;CM-350;Concrete Mixer 350L;1;34.61;ACC0137;completed;Y
H105342;22/12/2023;Glasgow Depot;Scotland;CM-350;Concrete Mixer 350L;2;36.18;ACC0219;completed;Y
H105343;26/07/2023;Leeds Depot;North;SF-TOW;Site Tower Light;2;54.94;ACC0221;completed;Y
H105344;04/02/2024;Leeds Depot;North;CM-350;Concrete Mixer 350L;1;33.13;;completed;Y
H105345;07/06/2023;Glasgow Depot;Scotland;PB-15;Powered Barrow;3;41.41;ACC0125;completed;Y
H105346;20/07/2023;Bristol Depot;South West;WP-02;Water Pump 2in;3;24.17;ACC0185;completed;Y
H105347;08/08/2024;Bristol Depot;South West;TL-01;Telehandler 4m;5;186.87;ACC0203;completed;Y
H105348;17/05/2023;Cardiff Depot;Wales;CM-350;Concrete Mixer 350L;1;32.85;ACC0252;completed;Y
H105349;10/11/2023;Glasgow Depot;Scotland;CM-350;Concrete Mixer 350L;5;32.02;ACC0202;completed;Y
H105350;25/04/2023;Cardiff Depot;Wales;HD-BRK;Hydraulic Breaker;3;60.74;ACC0196;completed;Y
H105351;18/05/2023;Leeds Depot;North;EX-140;13T Excavator;1;298.98;ACC0002;completed;N
H105352;17/02/2024;Glasgow Depot;Scotland;PB-15;Powered Barrow;2;43.86;ACC0260;completed;Y
H105353;04/06/2024;Cardiff Depot;Wales;TL-01;Telehandler 4m;1;193.29;ACC0132;completed;N
H105354;12/05/2023;Cardiff Depot;Wales;DM-09;Diesel Dumper 9T;2;143.81;ACC0241;completed;Y
H105355;14/03/2024;Cardiff Depot;Wales;WP-02;Water Pump 2in;2;21.84;ACC0236;completed;Y
H105356;18/06/2023;Leeds Depot;North;SC-22;Scissor Lift 22ft;1;84.59;ACC0021;open;N
H105357;06/07/2023;Norwich Depot;East;SC-22;Scissor Lift 22ft;2;74.37;ACC0130;completed;Y
H105358;30/11/2024;Bristol Depot;South West;GEN-60;60kVA Generator;14;89.94;ACC0109;completed;Y
H105359;21/11/2023;Norwich Depot;East;CM-350;Concrete Mixer 350L;1;31.5;;completed;N
H105360;16/07/2023;Bristol Depot;South West;SF-TOW;Site Tower Light;2;53.43;ACC0251;completed;Y
H105361;25/10/2023;Leeds Depot;North;SC-22;Scissor Lift 22ft;5;82.86;ACC0078;completed;Y
H105362;10/08/2023;Norwich Depot;East;WP-02;Water Pump 2in;1;22.24;;completed;Y
H105363;24/03/2024;Cardiff Depot;Wales;WP-02;Water Pump 2in;1;21.44;ACC0194;completed;Y
H105364;21/05/2024;Bristol Depot;South West;CM-350;Concrete Mixer 350L;5;34.26;ACC0228;completed;N
H105365;02/04/2023;Norwich Depot;East;DM-09;Diesel Dumper 9T;5;144.06;ACC0253;completed;Y
H105366;17/02/2024;Glasgow Depot;Scotland;CM-350;Concrete Mixer 350L;14;32.01;ACC0230;completed;Y
H105367;15/06/2024;Leeds Depot;North;HD-BRK;Hydraulic Breaker;28;64.32;ACC0167;completed;Y
H105368;30/11/2023;Leeds Depot;North;GEN-60;60kVA Generator;7;94.57;ACC0130;completed;Y
H105369;14/10/2024;Glasgow Depot;Scotland;WP-02;Water Pump 2in;1;21.94;ACC0259;completed;Y
H105370;16/08/2023;Cardiff Depot;Wales;PB-15;Powered Barrow;28;41.87;ACC0214;completed;Y
H105371;14/05/2023;Glasgow Depot;Scotland;DM-09;Diesel Dumper 9T;1;141.13;ACC0128;completed;Y
H105372;14/07/2024;Cardiff Depot;Wales;SC-22;Scissor Lift 22ft;2;82.03;ACC0241;completed;Y
H105373;28/11/2023;Norwich Depot;East;WP-02;Water Pump 2in;5;20.87;ACC0139;completed;Y
H105374;15/12/2024;Glasgow Depot;Scotland;WP-02;Water Pump 2in;2;23.18;ACC0186;completed;N
H105375;18/05/2024;Cardiff Depot;Wales;PB-15;Powered Barrow;5;43.14;ACC0135;completed;Y
H105376;04/07/2023;Leeds Depot;North;GEN-60;60kVA Generator;2;95.09;;completed;Y
H105377;28/05/2023;Bristol Depot;South West;SC-22;Scissor Lift 22ft;5;74.01;ACC0009;completed;Y
H105378;21/06/2023;Leeds Depot;North;GEN-60;60kVA Generator;28;96.43;ACC0256;completed;Y
H105379;16/09/2023;Bristol Depot;South West;EX-140;13T Excavator;2;296.06;ACC0103;completed;Y
H105380;19/06/2023;Bristol Depot;South West;CM-350;Concrete Mixer 350L;5;34.19;ACC0117;completed;Y
H105381;08/09/2024;Leeds Depot;North;WP-02;Water Pump 2in;3;23.51;ACC0152;completed;Y
H105382;09/08/2024;Bristol Depot;South West;SF-TOW;Site Tower Light;1;50.34;ACC0034;completed;Y
H105383;29/08/2024;Glasgow Depot;Scotland;WP-02;Water Pump 2in;7;23.93;;completed;Y
H105384;21/07/2023;Leeds Depot;North;SC-22;Scissor Lift 22ft;1;81.13;ACC0111;completed;Y
H105385;21/11/2023;Cardiff Depot;Wales;HD-BRK;Hydraulic Breaker;1;62.15;ACC0235;completed;Y
H105386;12/06/2023;Glasgow Depot;Scotland;DM-09;Diesel Dumper 9T;1;140.36;ACC0032;completed;Y
H105387;10/05/2023;Leeds Depot;North;WP-02;Water Pump 2in;2;22.09;;completed;Y
H105388;22/09/2023;Norwich Depot;East;SC-22;Scissor Lift 22ft;-7;76.64;ACC0068;cancelled;Y
H105389;01/05/2023;Leeds Depot;North;SC-22;Scissor Lift 22ft;5;75.05;ACC0083;completed;Y
H105390;17/10/2023;Cardiff Depot;Wales;WP-02;Water Pump 2in;1;21.53;ACC0122;completed;N
H105391;01/06/2024;Norwich Depot;East;DM-09;Diesel Dumper 9T;1;144.23;ACC0030;completed;Y
H105392;26/12/2023;Bristol Depot;South West;SF-TOW;Site Tower Light;5;55.25;ACC0100;completed;Y
H105393;01/11/2023;Cardiff Depot;Wales;CM-350;Concrete Mixer 350L;2;32.54;ACC0007;completed;Y
H105394;25/09/2024;Glasgow Depot;Scotland;TL-01;Telehandler 4m;28;187.19;ACC0115;completed;Y
H105395;10/06/2023;Glasgow Depot;Scotland;TL-01;Telehandler 4m;1;190.08;ACC0246;completed;Y
H105396;10/09/2023;Glasgow Depot;Scotland;WP-02;Water Pump 2in;14;21.16;ACC0231;completed;N
H105397;16/07/2023;Leeds Depot;North;CM-350;Concrete Mixer 350L;5;31.82;ACC0131;open;Y
H105398;28/04/2024;Cardiff Depot;Wales;CM-350;Concrete Mixer 350L;14;32.25;;completed;Y
H105399;31/05/2024;Norwich Depot;East;WP-02;Water Pump 2in;2;21.63;ACC0060;completed;N
H105400;23/03/2024;Norwich Depot;East;CM-350;Concrete Mixer 350L;5;35.62;ACC0229;open;Y
H105401;26/04/2023;Norwich Depot;East;GEN-60;60kVA Generator;7;96.98;ACC0160;completed;Y
H105402;04/05/2023;Leeds Depot;North;CM-350;Concrete Mixer 350L;7;33.89;ACC0235;completed;Y
H105403;11/02/2024;Bristol Depot;South West;PB-15;Powered Barrow;2;40.12;ACC0168;completed;Y
H105404;10/01/2024;Glasgow Depot;Scotland;GEN-60;60kVA Generator;7;91.14;;completed;Y
H105405;12/11/2023;Cardiff Depot;Wales;EX-140;13T Excavator;-7;329.58;ACC0017;cancelled;Y
H105406;12/07/2024;Bristol Depot;South West;WP-02;Water Pump 2in;2;23.23;ACC0205;completed;Y
H105407;12/03/2024;Norwich Depot;East;GEN-60;60kVA Generator;2;96.5;ACC0236;completed;Y
H105408;29/08/2024;Glasgow Depot;Scotland;SF-TOW;Site Tower Light;2;54.71;;completed;Y
H105409;11/08/2023;Leeds Depot;North;DM-09;Diesel Dumper 9T;7;142.89;ACC0228;completed;Y
H105410;10/04/2023;Cardiff Depot;Wales;SC-22;Scissor Lift 22ft;2;79.19;ACC0150;completed;N
H105411;03/08/2023;Norwich Depot;East;DM-09;Diesel Dumper 9T;14;138.89;ACC0217;completed;Y
H105412;20/05/2024;Bristol Depot;South West;WP-02;Water Pump 2in;1;20.83;ACC0243;completed;N
H105413;19/10/2023;Bristol Depot;South West;CM-350;Concrete Mixer 350L;5;33.59;ACC0129;completed;Y
H105414;02/01/2024;Glasgow Depot;Scotland;DM-09;Diesel Dumper 9T;7;156.15;ACC0083;completed;Y
H105415;23/06/2024;Norwich Depot;East;DM-09;Diesel Dumper 9T;5;139.48;ACC0223;completed;Y
H105416;24/07/2023;Norwich Depot;East;SC-22;Scissor Lift 22ft;5;72.32;ACC0226;completed;Y
H105417;13/05/2024;Leeds Depot;North;PB-15;Powered Barrow;-1;38.94;ACC0107;cancelled;Y
H105418;27/12/2023;Norwich Depot;East;GEN-60;60kVA Generator;2;94.65;ACC0140;completed;N
H105419;11/12/2023;Glasgow Depot;Scotland;SF-TOW;Site Tower Light;7;55.74;;completed;Y
H105420;16/09/2024;Leeds Depot;North;WP-02;Water Pump 2in;14;22.09;ACC0153;completed;Y
H105421;07/04/2023;Bristol Depot;South West;CM-350;Concrete Mixer 350L;2;34.77;ACC0090;open;N
H105422;17/07/2023;Glasgow Depot;Scotland;GEN-60;60kVA Generator;1;102.27;ACC0071;completed;N
H105423;05/01/2024;Norwich Depot;East;CM-350;Concrete Mixer 350L;2;32.83;ACC0024;completed;Y
H105424;01/07/2023;Cardiff Depot;Wales;HD-BRK;Hydraulic Breaker;5;58.89;ACC0050;open;Y
H105425;20/01/2024;Bristol Depot;South West;HD-BRK;Hydraulic Breaker;14;58.9;ACC0258;completed;Y
H105426;23/08/2023;Cardiff Depot;Wales;SC-22;Scissor Lift 22ft;3;83.13;;completed;Y
H105427;18/02/2024;Glasgow Depot;Scotland;GEN-60;60kVA Generator;7;102.74;ACC0066;completed;Y
H105428;29/10/2023;Norwich Depot;East;SF-TOW;Site Tower Light;2;50.87;;open;Y
H105429;24/12/2023;Cardiff Depot;Wales;CM-350;Concrete Mixer 350L;7;33.36;ACC0129;completed;Y
H105430;23/03/2024;Leeds Depot;North;CM-350;Concrete Mixer 350L;2;31.91;ACC0237;completed;Y
H105431;27/02/2024;Norwich Depot;East;CM-350;Concrete Mixer 350L;3;35.85;ACC0056;completed;Y
H105432;12/03/2024;Leeds Depot;North;GEN-60;60kVA Generator;5;90.76;ACC0159;completed;Y
H105433;19/04/2024;Norwich Depot;East;PB-15;Powered Barrow;3;43.6;ACC0077;completed;Y
H105434;15/07/2024;Bristol Depot;South West;SC-22;Scissor Lift 22ft;3;72.91;ACC0067;completed;Y
H105435;18/09/2023;Cardiff Depot;Wales;PB-15;Powered Barrow;-1;39.08;ACC0259;cancelled;N
H105436;08/09/2023;Glasgow Depot;Scotland;SC-22;Scissor Lift 22ft;1;82.3;ACC0017;completed;Y
H105437;17/04/2024;Glasgow Depot;Scotland;HD-BRK;Hydraulic Breaker;1;60.18;ACC0204;completed;N
H105438;07/04/2024;Glasgow Depot;Scotland;SF-TOW;Site Tower Light;1;51.52;ACC0124;completed;Y
H105439;15/09/2023;Cardiff Depot;Wales;PB-15;Powered Barrow;2;42.8;ACC0047;completed;Y
H105440;11/09/2023;Cardiff Depot;Wales;GEN-60;60kVA Generator;7;95.54;ACC0070;completed;Y
H105441;07/06/2024;Bristol Depot;South West;SC-22;Scissor Lift 22ft;1;75.49;;open;Y
H105442;23/11/2023;Norwich Depot;East;EX-140;13T Excavator;7;312.79;ACC0167;completed;Y
H105443;28/10/2023;Glasgow Depot;Scotland;WP-02;Water Pump 2in;1;23.65;ACC0031;completed;Y
H105444;15/04/2023;Bristol Depot;South West;PB-15;Powered Barrow;14;43.49;ACC0019;completed;Y
H105445;11/07/2023;Glasgow Depot;Scotland;SF-TOW;Site Tower Light;1;54.35;ACC0121;completed;Y
H105446;18/09/2023;Norwich Depot;East;CM-350;Concrete Mixer 350L;2;32.0;ACC0225;completed;Y
H105447;29/08/2023;Norwich Depot;East;WP-02;Water Pump 2in;1;23.1;ACC0248;completed;Y
H105448;01/06/2024;Norwich Depot;East;DM-09;Diesel Dumper 9T;2;152.48;;completed;Y
H105449;24/01/2024;Cardiff Depot;Wales;EX-140;13T Excavator;14;293.81;ACC0045;completed;Y
H105450;22/03/2024;Glasgow Depot;Scotland;SF-TOW;Site Tower Light;2;55.03;ACC0238;completed;Y
H105451;02/12/2024;Cardiff Depot;Wales;CM-350;Concrete Mixer 350L;2;33.25;ACC0011;completed;Y
H105452;17/12/2024;Leeds Depot;North;GEN-60;60kVA Generator;1;93.15;ACC0060;completed;Y
H105453;20/06/2024;Norwich Depot;East;CM-350;Concrete Mixer 350L;5;31.9;ACC0060;completed;Y
H105454;26/04/2023;Leeds Depot;North;SC-22;Scissor Lift 22ft;1;80.79;ACC0064;completed;Y
H105455;07/08/2024;Norwich Depot;East;HD-BRK;Hydraulic Breaker;14;58.9;ACC0153;completed;Y
H105456;26/12/2024;Bristol Depot;South West;CM-350;Concrete Mixer 350L;14;33.37;ACC0223;completed;Y
H105457;22/03/2024;Norwich Depot;East;SC-22;Scissor Lift 22ft;5;73.49;ACC0254;completed;Y
H105458;15/02/2024;Bristol Depot;South West;WP-02;Water Pump 2in;2;23.78;ACC0055;completed;Y
H105459;02/04/2023;Norwich Depot;East;SC-22;Scissor Lift 22ft;2;83.57;ACC0255;completed;Y
H105460;27/06/2023;Norwich Depot;East;WP-02;Water Pump 2in;2;23.29;ACC0239;completed;Y
H105461;21/03/2024;Cardiff Depot;Wales;SC-22;Scissor Lift 22ft;1;74.13;ACC0031;completed;Y
H105462;02/07/2023;Leeds Depot;North;GEN-60;60kVA Generator;1;102.4;ACC0047;open;N
H105463;23/08/2023;Glasgow Depot;Scotland;GEN-60;60kVA Generator;5;101.51;ACC0066;completed;N
H105464;23/09/2024;Norwich Depot;East;WP-02;Water Pump 2in;2;21.67;ACC0243;open;Y
H105465;08/02/2024;Leeds Depot;North;SF-TOW;Site Tower Light;1;50.25;ACC0119;completed;Y
H105466;05/09/2023;Bristol Depot;South West;WP-02;Water Pump 2in;5;23.82;ACC0047;completed;Y
H105467;03/08/2023;Cardiff Depot;Wales;GEN-60;60kVA Generator;1;91.93;ACC0198;completed;Y
H105468;25/10/2023;Norwich Depot;East;EX-140;13T Excavator;7;304.31;ACC0079;completed;Y
H105469;22/11/2024;Norwich Depot;East;DM-09;Diesel Dumper 9T;1;153.58;;completed;Y
H105470;30/08/2023;Bristol Depot;South West;WP-02;Water Pump 2in;7;23.45;ACC0132;completed;N
H105471;29/05/2024;Leeds Depot;North;SC-22;Scissor Lift 22ft;-1;72.8;ACC0198;cancelled;N
H105472;04/10/2024;Leeds Depot;North;CM-350;Concrete Mixer 350L;1;36.22;ACC0095;completed;Y
H105473;16/06/2023;Bristol Depot;South West;WP-02;Water Pump 2in;1;22.45;ACC0138;completed;Y
H105474;26/10/2023;Bristol Depot;South West;SC-22;Scissor Lift 22ft;1;79.87;ACC0113;completed;Y
H105475;20/01/2024;Leeds Depot;North;CM-350;Concrete Mixer 350L;5;33.22;ACC0065;completed;N
H105476;19/04/2023;Bristol Depot;South West;SC-22;Scissor Lift 22ft;28;75.39;ACC0176;completed;Y
H105477;05/08/2023;Glasgow Depot;Scotland;PB-15;Powered Barrow;2;41.32;ACC0153;completed;Y
H105478;05/09/2023;Glasgow Depot;Scotland;SF-TOW;Site Tower Light;14;53.89;ACC0099;completed;Y
H105479;28/06/2024;Leeds Depot;North;HD-BRK;Hydraulic Breaker;1;64.99;ACC0194;completed;Y
H105480;04/12/2024;Leeds Depot;North;PB-15;Powered Barrow;2;39.93;ACC0231;completed;N
H105481;22/05/2023;Leeds Depot;North;GEN-60;60kVA Generator;28;90.61;ACC0067;completed;Y
H105482;15/06/2023;Norwich Depot;East;SC-22;Scissor Lift 22ft;-1;83.46;ACC0099;cancelled;N
H105483;26/05/2024;Bristol Depot;South West;EX-140;13T Excavator;28;317.17;ACC0036;completed;Y
H105484;06/10/2023;Norwich Depot;East;SC-22;Scissor Lift 22ft;1;83.74;ACC0172;completed;Y
H105485;05/12/2024;Norwich Depot;East;EX-140;13T Excavator;7;323.25;ACC0230;completed;Y
H105486;27/08/2023;Bristol Depot;South West;PB-15;Powered Barrow;7;43.85;;completed;Y
H105487;19/05/2024;Leeds Depot;North;GEN-60;60kVA Generator;28;103.64;ACC0224;completed;N
H105488;10/08/2023;Bristol Depot;South West;CM-350;Concrete Mixer 350L;5;34.99;ACC0195;completed;Y
H105489;29/07/2024;Bristol Depot;South West;DM-09;Diesel Dumper 9T;3;153.94;;open;Y
H105490;24/06/2023;Glasgow Depot;Scotland;WP-02;Water Pump 2in;2;21.47;ACC0161;open;N
H105491;29/10/2023;Glasgow Depot;Scotland;WP-02;Water Pump 2in;2;21.8;ACC0187;completed;Y
H105492;19/12/2024;Glasgow Depot;Scotland;PB-15;Powered Barrow;7;42.98;ACC0012;completed;N
H105493;24/10/2023;Cardiff Depot;Wales;DM-09;Diesel Dumper 9T;1;151.16;;completed;Y
H105494;10/11/2024;Leeds Depot;North;DM-09;Diesel Dumper 9T;5;151.06;ACC0223;completed;Y
H105495;24/04/2023;Leeds Depot;North;GEN-60;60kVA Generator;1;99.49;ACC0145;completed;Y
H105496;30/07/2023;Glasgow Depot;Scotland;SC-22;Scissor Lift 22ft;7;77.62;ACC0200;completed;Y
H105497;13/07/2023;Glasgow Depot;Scotland;HD-BRK;Hydraulic Breaker;3;63.31;ACC0134;completed;Y
H105498;10/01/2024;Glasgow Depot;Scotland;WP-02;Water Pump 2in;2;22.3;;completed;Y
H105499;13/04/2023;Leeds Depot;North;PB-15;Powered Barrow;14;41.84;ACC0044;completed;Y
H105500;02/04/2023;Norwich Depot;East;EX-140;13T Excavator;3;307.23;ACC0005;completed;Y
H105501;15/06/2023;Glasgow Depot;Scotland;WP-02;Water Pump 2in;-3;22.95;ACC0158;cancelled;Y
H105502;29/06/2024;Glasgow Depot;Scotland;GEN-60;60kVA Generator;5;100.54;ACC0006;completed;Y
H105503;07/08/2023;Leeds Depot;North;WP-02;Water Pump 2in;2;23.74;ACC0169;completed;Y
H105504;28/03/2024;Norwich Depot;East;SC-22;Scissor Lift 22ft;28;80.65;;completed;Y
H105505;31/05/2024;Cardiff Depot;Wales;CM-350;Concrete Mixer 350L;5;33.78;ACC0045;completed;Y
H105506;24/04/2024;Cardiff Depot;Wales;EX-140;13T Excavator;2;310.58;ACC0083;completed;N
H105507;14/09/2024;Cardiff Depot;Wales;SC-22;Scissor Lift 22ft;7;79.85;ACC0127;completed;Y
H105508;26/11/2023;Leeds Depot;North;CM-350;Concrete Mixer 350L;3;35.28;;completed;Y
H105509;24/01/2024;Norwich Depot;East;CM-350;Concrete Mixer 350L;-2;33.67;ACC0246;cancelled;Y
H105510;30/08/2024;Norwich Depot;East;WP-02;Water Pump 2in;3;21.63;ACC0036;completed;N
H105511;22/04/2023;Norwich Depot;East;CM-350;Concrete Mixer 350L;5;32.99;ACC0120;completed;N
H105512;29/02/2024;Cardiff Depot;Wales;PB-15;Powered Barrow;1;40.68;;completed;Y
H105513;24/12/2023;Norwich Depot;East;GEN-60;60kVA Generator;2;99.12;ACC0167;completed;Y
H105514;18/08/2023;Cardiff Depot;Wales;CM-350;Concrete Mixer 350L;2;31.74;;completed;Y
H105515;26/08/2024;Bristol Depot;South West;CM-350;Concrete Mixer 350L;1;36.46;ACC0013;completed;N
H105516;10/11/2023;Cardiff Depot;Wales;CM-350;Concrete Mixer 350L;3;31.34;;completed;Y
H105517;06/05/2023;Glasgow Depot;Scotland;SC-22;Scissor Lift 22ft;2;84.62;ACC0068;completed;Y
H105518;21/02/2024;Leeds Depot;North;GEN-60;60kVA Generator;3;93.32;ACC0128;completed;Y
H105519;13/01/2024;Bristol Depot;South West;SC-22;Scissor Lift 22ft;7;80.7;ACC0170;completed;Y
H105520;05/01/2024;Bristol Depot;South West;CM-350;Concrete Mixer 350L;2;33.06;ACC0087;completed;Y
H105521;17/01/2024;Glasgow Depot;Scotland;PB-15;Powered Barrow;14;37.84;ACC0069;completed;Y
H105522;15/07/2024;Glasgow Depot;Scotland;WP-02;Water Pump 2in;7;20.89;ACC0257;completed;N
H105523;17/08/2024;Norwich Depot;East;SF-TOW;Site Tower Light;3;49.94;ACC0191;completed;Y
H105524;26/11/2023;Cardiff Depot;Wales;PB-15;Powered Barrow;5;39.71;ACC0217;completed;Y
H105525;27/07/2023;Glasgow Depot;Scotland;GEN-60;60kVA Generator;5;102.17;ACC0197;completed;Y
H105526;06/04/2024;Cardiff Depot;Wales;WP-02;Water Pump 2in;5;23.54;ACC0256;open;Y
H105527;14/02/2024;Bristol Depot;South West;PB-15;Powered Barrow;2;40.27;ACC0231;completed;N
H105528;04/07/2024;Norwich Depot;East;DM-09;Diesel Dumper 9T;1;152.96;ACC0002;open;Y
H105529;26/09/2024;Norwich Depot;East;WP-02;Water Pump 2in;2;22.32;ACC0102;open;Y
H105530;01/09/2024;Cardiff Depot;Wales;WP-02;Water Pump 2in;1;23.5;ACC0094;completed;Y
H105531;11/04/2024;Leeds Depot;North;WP-02;Water Pump 2in;1;22.88;ACC0045;completed;N
H105532;22/05/2023;Norwich Depot;East;TL-01;Telehandler 4m;2;179.46;ACC0182;completed;N
H105533;01/11/2024;Bristol Depot;South West;CM-350;Concrete Mixer 350L;1;35.45;ACC0056;open;Y
H105534;17/09/2023;Bristol Depot;South West;SF-TOW;Site Tower Light;7;53.8;ACC0104;completed;Y
H105535;14/07/2023;Glasgow Depot;Scotland;GEN-60;60kVA Generator;1;99.19;ACC0112;completed;Y
H105536;14/05/2024;Cardiff Depot;Wales;DM-09;Diesel Dumper 9T;7;147.67;;completed;N
H105537;09/10/2024;Leeds Depot;North;SC-22;Scissor Lift 22ft;1;75.52;ACC0220;completed;Y
H105538;04/10/2024;Norwich Depot;East;SC-22;Scissor Lift 22ft;1;80.23;ACC0221;completed;Y
H105539;16/12/2023;Cardiff Depot;Wales;WP-02;Water Pump 2in;2;24.13;ACC0179;completed;Y
H105540;20/09/2024;Leeds Depot;North;CM-350;Concrete Mixer 350L;2;35.15;ACC0060;completed;Y
H105541;23/01/2024;Cardiff Depot;Wales;CM-350;Concrete Mixer 350L;3;35.74;ACC0095;completed;Y
H105542;09/12/2024;Bristol Depot;South West;GEN-60;60kVA Generator;2;96.12;ACC0245;completed;Y
H105543;15/05/2023;Cardiff Depot;Wales;SC-22;Scissor Lift 22ft;5;83.63;ACC0242;completed;Y
H105544;16/06/2023;Cardiff Depot;Wales;EX-140;13T Excavator;1;329.52;ACC0197;completed;Y
H105545;25/05/2023;Cardiff Depot;Wales;EX-140;13T Excavator;14;309.15;ACC0194;completed;Y
H105546;26/06/2024;Norwich Depot;East;SC-22;Scissor Lift 22ft;1;83.08;ACC0231;completed;Y
H105547;06/12/2024;Norwich Depot;East;HD-BRK;Hydraulic Breaker;1;65.36;;open;Y
H105548;29/07/2023;Glasgow Depot;Scotland;PB-15;Powered Barrow;2;41.26;ACC0213;completed;Y
H105549;08/11/2023;Bristol Depot;South West;TL-01;Telehandler 4m;5;200.01;ACC0010;completed;Y
H105550;06/08/2024;Norwich Depot;East;PB-15;Powered Barrow;2;42.35;ACC0041;completed;Y
H105551;25/09/2023;Glasgow Depot;Scotland;WP-02;Water Pump 2in;3;24.29;;completed;Y
H105552;28/07/2023;Leeds Depot;North;GEN-60;60kVA Generator;2;88.67;ACC0239;completed;Y
H105553;25/07/2023;Bristol Depot;South West;GEN-60;60kVA Generator;1;89.36;ACC0004;completed;Y
H105554;09/05/2023;Cardiff Depot;Wales;HD-BRK;Hydraulic Breaker;1;62.62;ACC0064;completed;Y
H105555;09/03/2024;Leeds Depot;North;EX-140;13T Excavator;5;316.12;ACC0151;open;N
H105556;26/06/2023;Norwich Depot;East;PB-15;Powered Barrow;3;38.94;ACC0163;completed;Y
H105557;13/09/2024;Bristol Depot;South West;DM-09;Diesel Dumper 9T;3;140.59;ACC0106;completed;N
H105558;12/11/2023;Glasgow Depot;Scotland;SC-22;Scissor Lift 22ft;14;80.18;ACC0217;completed;Y
H105559;12/02/2024;Norwich Depot;East;PB-15;Powered Barrow;1;39.26;ACC0166;completed;N
H105560;05/02/2024;Cardiff Depot;Wales;TL-01;Telehandler 4m;3;180.79;ACC0151;completed;Y
H105561;10/06/2023;Leeds Depot;North;CM-350;Concrete Mixer 350L;5;33.42;;completed;Y
H105562;02/09/2024;Cardiff Depot;Wales;WP-02;Water Pump 2in;5;23.1;ACC0214;completed;Y
H105563;08/06/2024;Glasgow Depot;Scotland;EX-140;13T Excavator;1;296.6;ACC0146;completed;N
H105564;02/08/2024;Bristol Depot;South West;PB-15;Powered Barrow;7;39.23;ACC0157;completed;N
H105565;10/07/2023;Bristol Depot;South West;PB-15;Powered Barrow;2;43.39;ACC0067;completed;Y
H105566;25/11/2024;Cardiff Depot;Wales;DM-09;Diesel Dumper 9T;2;142.33;ACC0198;completed;Y
H105567;10/09/2024;Cardiff Depot;Wales;SC-22;Scissor Lift 22ft;1;73.74;ACC0240;completed;Y
H105568;08/07/2024;Norwich Depot;East;WP-02;Water Pump 2in;1;21.99;ACC0225;completed;Y
H105569;09/05/2024;Glasgow Depot;Scotland;SC-22;Scissor Lift 22ft;1;73.66;ACC0032;completed;N
H105570;17/08/2023;Norwich Depot;East;WP-02;Water Pump 2in;1;22.39;ACC0227;completed;Y
H105571;26/09/2024;Cardiff Depot;Wales;WP-02;Water Pump 2in;1;22.93;;completed;Y
H105572;26/03/2024;Cardiff Depot;Wales;GEN-60;60kVA Generator;7;98.07;ACC0213;completed;Y
H105573;18/12/2023;Cardiff Depot;Wales;WP-02;Water Pump 2in;7;22.63;ACC0097;completed;Y
H105574;27/10/2024;Bristol Depot;South West;PB-15;Powered Barrow;2;43.99;ACC0231;completed;Y
H105575;01/11/2023;Norwich Depot;East;CM-350;Concrete Mixer 350L;2;36.4;ACC0110;completed;N
H105576;20/07/2023;Leeds Depot;North;PB-15;Powered Barrow;1;41.08;ACC0024;completed;N
H105577;03/05/2024;Norwich Depot;East;SF-TOW;Site Tower Light;7;54.9;ACC0222;completed;Y
H105578;22/08/2023;Cardiff Depot;Wales;CM-350;Concrete Mixer 350L;5;35.18;ACC0011;completed;Y
H105579;28/03/2024;Bristol Depot;South West;DM-09;Diesel Dumper 9T;3;145.28;ACC0090;completed;Y
H105580;20/06/2024;Bristol Depot;South West;WP-02;Water Pump 2in;1;23.63;ACC0250;completed;Y
H105581;02/07/2023;Cardiff Depot;Wales;SC-22;Scissor Lift 22ft;7;77.29;ACC0191;completed;N
H105582;01/07/2023;Bristol Depot;South West;SF-TOW;Site Tower Light;28;52.87;ACC0143;completed;Y
H105583;01/04/2024;Leeds Depot;North;SC-22;Scissor Lift 22ft;3;82.88;ACC0128;completed;Y
H105584;16/01/2024;Norwich Depot;East;WP-02;Water Pump 2in;7;21.75;ACC0105;completed;Y
H105585;30/06/2023;Leeds Depot;North;SF-TOW;Site Tower Light;5;53.56;ACC0139;completed;N
H105586;16/08/2024;Cardiff Depot;Wales;DM-09;Diesel Dumper 9T;14;135.58;ACC0252;completed;N
H105587;17/07/2024;Cardiff Depot;Wales;EX-140;13T Excavator;1;332.18;ACC0223;completed;N
H105588;18/12/2023;Norwich Depot;East;SF-TOW;Site Tower Light;5;51.97;ACC0239;open;N
H105589;15/05/2023;Glasgow Depot;Scotland;GEN-60;60kVA Generator;14;91.29;;completed;N
H105590;26/07/2024;Cardiff Depot;Wales;SF-TOW;Site Tower Light;2;56.15;ACC0003;completed;Y
H105591;13/11/2024;Glasgow Depot;Scotland;DM-09;Diesel Dumper 9T;3;152.86;ACC0181;completed;Y
H105592;31/08/2024;Bristol Depot;South West;HD-BRK;Hydraulic Breaker;3;60.42;ACC0205;completed;N
H105593;17/11/2023;Norwich Depot;East;TL-01;Telehandler 4m;3;178.68;ACC0121;completed;N
H105594;11/11/2024;Norwich Depot;East;CM-350;Concrete Mixer 350L;3;32.7;ACC0037;completed;Y
H105595;14/07/2024;Bristol Depot;South West;SC-22;Scissor Lift 22ft;7;79.81;ACC0218;completed;Y
H105596;25/05/2023;Cardiff Depot;Wales;EX-140;13T Excavator;2;295.8;ACC0124;completed;Y
H105597;01/03/2024;Cardiff Depot;Wales;HD-BRK;Hydraulic Breaker;3;66.42;ACC0158;completed;Y
H105598;24/09/2024;Bristol Depot;South West;SC-22;Scissor Lift 22ft;3;78.92;;completed;Y
H105599;17/04/2024;Norwich Depot;East;TL-01;Telehandler 4m;2;177.35;ACC0246;completed;Y
H105600;22/03/2024;Glasgow Depot;Scotland;PB-15;Powered Barrow;28;39.12;ACC0124;completed;Y
H105601;19/09/2024;Bristol Depot;South West;SF-TOW;Site Tower Light;1;48.0;;completed;Y
H105602;13/05/2023;Norwich Depot;East;WP-02;Water Pump 2in;3;24.3;;completed;Y
H105603;13/08/2024;Cardiff Depot;Wales;PB-15;Powered Barrow;14;44.27;ACC0044;completed;Y
H105604;06/11/2024;Bristol Depot;South West;SC-22;Scissor Lift 22ft;5;81.75;ACC0225;completed;Y
H105605;09/05/2023;Norwich Depot;East;WP-02;Water Pump 2in;3;24.04;ACC0175;completed;Y
H105606;16/02/2024;Cardiff Depot;Wales;TL-01;Telehandler 4m;1;177.38;ACC0088;completed;N
H105607;25/10/2023;Bristol Depot;South West;CM-350;Concrete Mixer 350L;7;33.32;ACC0022;completed;Y
H105608;27/06/2023;Norwich Depot;East;TL-01;Telehandler 4m;28;190.84;;completed;Y
H105609;18/01/2024;Leeds Depot;North;HD-BRK;Hydraulic Breaker;2;68.92;ACC0149;completed;Y
H105610;31/08/2024;Bristol Depot;South West;CM-350;Concrete Mixer 350L;1;35.55;ACC0132;completed;N
H105611;02/04/2023;Glasgow Depot;Scotland;DM-09;Diesel Dumper 9T;3;152.18;ACC0059;completed;Y
H105612;29/11/2024;Leeds Depot;North;EX-140;13T Excavator;1;290.65;ACC0217;completed;Y
H105613;18/07/2024;Leeds Depot;North;WP-02;Water Pump 2in;3;23.52;ACC0251;completed;Y
H105614;20/02/2024;Glasgow Depot;Scotland;CM-350;Concrete Mixer 350L;3;36.5;ACC0079;completed;N
H105615;01/05/2024;Glasgow Depot;Scotland;SC-22;Scissor Lift 22ft;1;76.23;ACC0216;completed;N
H105616;27/12/2023;Norwich Depot;East;SC-22;Scissor Lift 22ft;-3;75.73;ACC0154;cancelled;Y
H105617;17/10/2023;Norwich Depot;East;SC-22;Scissor Lift 22ft;3;73.95;ACC0210;completed;Y
H105618;07/11/2023;Bristol Depot;South West;DM-09;Diesel Dumper 9T;1;148.44;;completed;Y
H105619;01/04/2023;Glasgow Depot;Scotland;SC-22;Scissor Lift 22ft;2;79.28;ACC0015;completed;N
H105620;07/08/2023;Glasgow Depot;Scotland;SF-TOW;Site Tower Light;1;52.16;ACC0053;completed;Y
H105621;20/08/2023;Cardiff Depot;Wales;DM-09;Diesel Dumper 9T;2;149.7;ACC0162;completed;N
H105622;13/07/2023;Norwich Depot;East;SC-22;Scissor Lift 22ft;1;83.83;;completed;Y
H105623;13/11/2024;Glasgow Depot;Scotland;CM-350;Concrete Mixer 350L;14;33.51;ACC0041;open;Y
H105624;20/08/2024;Cardiff Depot;Wales;EX-140;13T Excavator;5;300.35;ACC0005;completed;Y
H105625;07/12/2024;Norwich Depot;East;CM-350;Concrete Mixer 350L;7;35.15;ACC0131;completed;Y
H105626;20/05/2024;Glasgow Depot;Scotland;WP-02;Water Pump 2in;-1;23.15;ACC0019;cancelled;N
H105627;12/06/2024;Bristol Depot;South West;GEN-60;60kVA Generator;2;95.7;ACC0044;completed;Y
H105628;10/06/2024;Bristol Depot;South West;DM-09;Diesel Dumper 9T;2;151.19;ACC0255;completed;Y
H105629;09/07/2023;Cardiff Depot;Wales;TL-01;Telehandler 4m;3;174.69;ACC0107;completed;Y
H105630;04/10/2024;Norwich Depot;East;GEN-60;60kVA Generator;14;91.43;ACC0095;completed;N
H105631;09/06/2023;Bristol Depot;South West;CM-350;Concrete Mixer 350L;7;32.02;ACC0145;completed;Y
H105632;14/04/2024;Norwich Depot;East;WP-02;Water Pump 2in;3;21.16;ACC0107;completed;Y
H105633;27/08/2023;Glasgow Depot;Scotland;CM-350;Concrete Mixer 350L;14;32.66;ACC0138;open;Y
H105634;06/05/2023;Bristol Depot;South West;DM-09;Diesel Dumper 9T;5;153.37;ACC0249;completed;Y
H105635;11/12/2024;Bristol Depot;South West;TL-01;Telehandler 4m;1;183.56;;completed;Y
H105636;13/04/2023;Bristol Depot;South West;DM-09;Diesel Dumper 9T;7;136.23;ACC0135;completed;Y
H105637;22/08/2023;Norwich Depot;East;WP-02;Water Pump 2in;1;23.76;;completed;N
H105638;24/11/2023;Leeds Depot;North;WP-02;Water Pump 2in;1;21.79;ACC0093;completed;Y
H105639;15/07/2024;Bristol Depot;South West;SF-TOW;Site Tower Light;3;52.8;;open;N
H105640;31/05/2024;Bristol Depot;South West;WP-02;Water Pump 2in;14;21.3;ACC0184;completed;Y
H105641;30/06/2024;Bristol Depot;South West;EX-140;13T Excavator;2;324.15;ACC0034;completed;Y
H105642;04/09/2023;Cardiff Depot;Wales;SC-22;Scissor Lift 22ft;28;78.92;ACC0225;completed;Y
H105643;16/06/2023;Leeds Depot;North;EX-140;13T Excavator;7;287.85;ACC0027;completed;N
H105644;16/07/2024;Glasgow Depot;Scotland;GEN-60;60kVA Generator;7;102.75;ACC0071;completed;Y
H105645;08/07/2023;Norwich Depot;East;DM-09;Diesel Dumper 9T;2;144.49;ACC0115;completed;Y
H105646;20/12/2024;Glasgow Depot;Scotland;CM-350;Concrete Mixer 350L;7;33.02;;completed;Y
H105647;17/05/2024;Bristol Depot;South West;HD-BRK;Hydraulic Breaker;1;63.25;ACC0198;completed;Y
H105648;30/04/2023;Glasgow Depot;Scotland;DM-09;Diesel Dumper 9T;1;138.79;;completed;Y
H105649;09/07/2023;Norwich Depot;East;CM-350;Concrete Mixer 350L;-28;35.99;ACC0125;cancelled;Y
H105650;08/08/2024;Cardiff Depot;Wales;CM-350;Concrete Mixer 350L;3;35.93;ACC0245;completed;Y
H105651;05/01/2024;Cardiff Depot;Wales;WP-02;Water Pump 2in;-3;23.1;ACC0218;cancelled;Y
H105652;02/01/2024;Cardiff Depot;Wales;PB-15;Powered Barrow;2;44.12;ACC0174;completed;Y
H105653;08/10/2023;Cardiff Depot;Wales;DM-09;Diesel Dumper 9T;1;141.39;ACC0255;completed;Y
H105654;07/06/2023;Glasgow Depot;Scotland;DM-09;Diesel Dumper 9T;3;146.84;ACC0230;completed;Y
H105655;03/06/2024;Bristol Depot;South West;DM-09;Diesel Dumper 9T;7;140.01;ACC0109;completed;N
H105656;03/11/2023;Bristol Depot;South West;SC-22;Scissor Lift 22ft;1;76.39;ACC0021;completed;Y
H105657;09/09/2023;Bristol Depot;South West;SC-22;Scissor Lift 22ft;3;82.29;ACC0059;completed;Y
H105658;01/01/2024;Glasgow Depot;Scotland;HD-BRK;Hydraulic Breaker;1;59.84;ACC0114;completed;Y
H105659;15/06/2024;Norwich Depot;East;EX-140;13T Excavator;3;310.92;ACC0233;completed;N
H105660;13/05/2024;Glasgow Depot;Scotland;CM-350;Concrete Mixer 350L;14;35.77;ACC0024;completed;N
H105661;04/06/2023;Cardiff Depot;Wales;GEN-60;60kVA Generator;1;88.74;ACC0140;completed;Y
H105662;25/07/2023;Leeds Depot;North;GEN-60;60kVA Generator;2;91.32;ACC0128;completed;Y
H105663;06/08/2024;Glasgow Depot;Scotland;HD-BRK;Hydraulic Breaker;3;62.08;ACC0248;completed;Y
H105664;05/08/2023;Glasgow Depot;Scotland;SC-22;Scissor Lift 22ft;1;74.56;ACC0230;completed;Y
H105665;03/08/2023;Glasgow Depot;Scotland;HD-BRK;Hydraulic Breaker;1;66.76;ACC0189;completed;Y
H105666;23/07/2023;Glasgow Depot;Scotland;SC-22;Scissor Lift 22ft;5;75.52;ACC0255;completed;N
H105667;26/06/2024;Cardiff Depot;Wales;PB-15;Powered Barrow;2;44.17;ACC0242;completed;N
H105668;28/12/2024;Leeds Depot;North;SC-22;Scissor Lift 22ft;1;80.5;ACC0037;completed;Y
H105669;08/11/2023;Cardiff Depot;Wales;CM-350;Concrete Mixer 350L;2;31.55;ACC0058;completed;Y
H105670;04/04/2024;Glasgow Depot;Scotland;TL-01;Telehandler 4m;1;175.28;ACC0205;completed;Y
H105671;30/10/2023;Norwich Depot;East;CM-350;Concrete Mixer 350L;1;31.96;ACC0102;completed;N
H105672;08/08/2023;Bristol Depot;South West;SF-TOW;Site Tower Light;1;49.98;ACC0230;open;Y
H105673;04/12/2023;Leeds Depot;North;GEN-60;60kVA Generator;2;100.15;ACC0201;completed;Y
H105674;06/10/2024;Bristol Depot;South West;SF-TOW;Site Tower Light;2;56.01;ACC0132;completed;N
H105675;30/09/2024;Norwich Depot;East;TL-01;Telehandler 4m;-1;201.5;ACC0069;cancelled;Y
H105676;18/06/2024;Cardiff Depot;Wales;HD-BRK;Hydraulic Breaker;2;66.11;ACC0237;completed;Y
H105677;15/01/2024;Bristol Depot;South West;SC-22;Scissor Lift 22ft;7;76.33;;completed;Y
H105678;15/09/2024;Bristol Depot;South West;WP-02;Water Pump 2in;5;22.56;ACC0055;completed;Y
H105679;11/10/2024;Norwich Depot;East;GEN-60;60kVA Generator;5;100.19;ACC0066;completed;Y
H105680;25/04/2024;Glasgow Depot;Scotland;SC-22;Scissor Lift 22ft;-2;79.66;ACC0007;cancelled;Y
H105681;23/04/2024;Cardiff Depot;Wales;HD-BRK;Hydraulic Breaker;1;60.84;;completed;N
H105682;05/05/2024;Glasgow Depot;Scotland;WP-02;Water Pump 2in;3;20.98;;completed;Y
H105683;25/02/2024;Norwich Depot;East;HD-BRK;Hydraulic Breaker;1;64.05;ACC0243;completed;Y
H105684;09/10/2024;Cardiff Depot;Wales;SF-TOW;Site Tower Light;5;50.18;ACC0124;completed;Y
H105685;25/05/2023;Glasgow Depot;Scotland;EX-140;13T Excavator;1;307.69;ACC0163;completed;Y
H105686;08/09/2023;Glasgow Depot;Scotland;SF-TOW;Site Tower Light;1;55.38;ACC0251;completed;N
H105687;12/04/2023;Leeds Depot;North;DM-09;Diesel Dumper 9T;7;149.15;ACC0128;completed;N
H105688;03/07/2023;Leeds Depot;North;CM-350;Concrete Mixer 350L;1;34.54;ACC0131;completed;Y
H105689;01/01/2024;Leeds Depot;North;TL-01;Telehandler 4m;2;189.32;;completed;Y
H105690;15/06/2024;Leeds Depot;North;GEN-60;60kVA Generator;2;91.04;;completed;Y
H105691;12/06/2024;Leeds Depot;North;WP-02;Water Pump 2in;1;20.81;ACC0088;completed;Y
H105692;18/07/2024;Glasgow Depot;Scotland;WP-02;Water Pump 2in;1;23.29;ACC0147;completed;Y
H105693;16/05/2024;Norwich Depot;East;HD-BRK;Hydraulic Breaker;2;67.59;ACC0226;completed;Y
H105694;02/12/2024;Bristol Depot;South West;EX-140;13T Excavator;7;334.03;ACC0128;completed;Y
H105695;16/08/2024;Leeds Depot;North;HD-BRK;Hydraulic Breaker;2;63.69;ACC0250;completed;Y
H105696;16/11/2023;Leeds Depot;North;SC-22;Scissor Lift 22ft;1;74.32;ACC0032;completed;Y
H105697;28/04/2023;Glasgow Depot;Scotland;CM-350;Concrete Mixer 350L;28;35.84;ACC0225;completed;Y
H105698;08/12/2023;Norwich Depot;East;CM-350;Concrete Mixer 350L;2;36.5;;completed;Y
H105699;07/02/2024;Leeds Depot;North;CM-350;Concrete Mixer 350L;3;31.87;ACC0052;completed;Y
H105700;17/06/2023;Leeds Depot;North;HD-BRK;Hydraulic Breaker;-7;66.5;ACC0217;cancelled;Y
H105701;13/02/2024;Leeds Depot;North;CM-350;Concrete Mixer 350L;1;31.9;ACC0222;completed;Y
H105702;23/07/2024;Glasgow Depot;Scotland;TL-01;Telehandler 4m;2;188.81;ACC0055;completed;N
H105703;17/09/2023;Cardiff Depot;Wales;WP-02;Water Pump 2in;-14;21.92;ACC0031;cancelled;Y
H105704;05/04/2023;Norwich Depot;East;PB-15;Powered Barrow;2;43.01;ACC0179;completed;Y
H105705;17/08/2023;Leeds Depot;North;HD-BRK;Hydraulic Breaker;2;60.05;ACC0011;completed;N
H105706;23/08/2024;Bristol Depot;South West;SC-22;Scissor Lift 22ft;2;74.32;ACC0102;completed;N
H105707;12/11/2024;Bristol Depot;South West;PB-15;Powered Barrow;2;39.04;ACC0109;completed;Y
H105708;22/07/2023;Glasgow Depot;Scotland;SF-TOW;Site Tower Light;1;52.83;;completed;Y
H105709;16/09/2024;Glasgow Depot;Scotland;WP-02;Water Pump 2in;1;21.42;ACC0238;completed;Y
H105710;19/04/2023;Bristol Depot;South West;TL-01;Telehandler 4m;5;193.77;ACC0077;completed;Y
H105711;10/06/2023;Bristol Depot;South West;PB-15;Powered Barrow;2;39.29;ACC0223;open;Y
H105712;11/05/2023;Norwich Depot;East;PB-15;Powered Barrow;2;43.29;;completed;N
H105713;30/09/2023;Glasgow Depot;Scotland;PB-15;Powered Barrow;2;41.52;ACC0202;completed;Y
H105714;16/09/2024;Glasgow Depot;Scotland;SC-22;Scissor Lift 22ft;2;77.46;ACC0088;completed;Y
H105715;24/05/2024;Norwich Depot;East;SF-TOW;Site Tower Light;3;49.89;;completed;Y
H105716;26/10/2024;Bristol Depot;South West;DM-09;Diesel Dumper 9T;2;144.28;ACC0085;completed;Y
H105717;04/12/2023;Leeds Depot;North;TL-01;Telehandler 4m;3;180.14;ACC0189;completed;Y
H105718;28/09/2023;Leeds Depot;North;CM-350;Concrete Mixer 350L;1;31.73;ACC0099;completed;Y
H105719;07/12/2023;Glasgow Depot;Scotland;WP-02;Water Pump 2in;7;21.23;ACC0075;completed;Y
H105720;03/11/2023;Bristol Depot;South West;HD-BRK;Hydraulic Breaker;2;65.98;ACC0195;completed;Y
H105721;11/12/2024;Bristol Depot;South West;CM-350;Concrete Mixer 350L;-14;33.69;ACC0040;cancelled;Y
H105722;11/02/2024;Glasgow Depot;Scotland;SC-22;Scissor Lift 22ft;1;83.7;ACC0113;completed;Y
H105723;09/11/2024;Bristol Depot;South West;HD-BRK;Hydraulic Breaker;2;61.81;ACC0243;completed;Y
H105724;08/05/2023;Norwich Depot;East;SF-TOW;Site Tower Light;-3;51.13;ACC0035;cancelled;Y
H105725;25/03/2024;Norwich Depot;East;GEN-60;60kVA Generator;3;90.27;;completed;N
H105726;08/06/2024;Norwich Depot;East;PB-15;Powered Barrow;3;44.04;ACC0143;open;Y
H105727;18/12/2024;Glasgow Depot;Scotland;SC-22;Scissor Lift 22ft;-1;82.66;ACC0121;cancelled;N
H105728;03/05/2023;Glasgow Depot;Scotland;WP-02;Water Pump 2in;1;21.57;;completed;Y
H105729;26/06/2023;Norwich Depot;East;CM-350;Concrete Mixer 350L;2;36.03;ACC0083;completed;Y
H105730;12/09/2023;Glasgow Depot;Scotland;TL-01;Telehandler 4m;3;174.69;ACC0108;completed;Y
H105731;07/05/2024;Norwich Depot;East;WP-02;Water Pump 2in;28;22.78;ACC0172;completed;Y
H105732;14/07/2023;Norwich Depot;East;SC-22;Scissor Lift 22ft;1;75.14;ACC0220;completed;Y
H105733;01/07/2024;Norwich Depot;East;EX-140;13T Excavator;-1;305.14;ACC0218;cancelled;Y
H105734;25/05/2024;Cardiff Depot;Wales;SC-22;Scissor Lift 22ft;1;84.49;ACC0070;completed;Y
H105735;15/07/2024;Cardiff Depot;Wales;GEN-60;60kVA Generator;-3;98.75;ACC0213;cancelled;Y
H105736;20/10/2024;Cardiff Depot;Wales;CM-350;Concrete Mixer 350L;-2;34.2;;cancelled;Y
H105737;25/12/2023;Cardiff Depot;Wales;GEN-60;60kVA Generator;1;94.21;ACC0201;completed;Y
H105738;18/08/2023;Glasgow Depot;Scotland;EX-140;13T Excavator;1;317.75;ACC0113;completed;Y
H105739;24/08/2024;Norwich Depot;East;GEN-60;60kVA Generator;2;95.18;ACC0198;completed;Y
H105740;12/11/2023;Bristol Depot;South West;SC-22;Scissor Lift 22ft;2;79.41;ACC0097;completed;N
H105741;20/05/2023;Leeds Depot;North;GEN-60;60kVA Generator;-1;95.37;ACC0222;cancelled;Y
H105742;22/08/2023;Norwich Depot;East;PB-15;Powered Barrow;7;43.86;;completed;Y
H105743;10/06/2024;Glasgow Depot;Scotland;SC-22;Scissor Lift 22ft;5;77.79;;completed;Y
H105744;03/09/2023;Bristol Depot;South West;HD-BRK;Hydraulic Breaker;-14;65.18;ACC0130;cancelled;N
H105745;29/03/2024;Glasgow Depot;Scotland;SF-TOW;Site Tower Light;7;50.45;ACC0004;completed;Y
H105746;14/05/2023;Glasgow Depot;Scotland;CM-350;Concrete Mixer 350L;1;33.25;ACC0158;completed;Y
H105747;17/07/2024;Bristol Depot;South West;SC-22;Scissor Lift 22ft;1;72.55;ACC0011;completed;Y
H105748;27/06/2024;Leeds Depot;North;WP-02;Water Pump 2in;5;23.28;ACC0042;completed;Y
H105749;12/04/2023;Leeds Depot;North;CM-350;Concrete Mixer 350L;1;35.13;ACC0193;completed;Y
H105750;21/12/2023;Norwich Depot;East;WP-02;Water Pump 2in;7;24.05;ACC0224;completed;Y
H105751;05/02/2024;Norwich Depot;East;GEN-60;60kVA Generator;7;95.46;ACC0087;completed;Y
H105752;12/10/2024;Glasgow Depot;Scotland;GEN-60;60kVA Generator;2;93.43;ACC0150;completed;Y
H105753;10/08/2023;Norwich Depot;East;GEN-60;60kVA Generator;7;89.95;;completed;Y
H105754;27/06/2023;Leeds Depot;North;DM-09;Diesel Dumper 9T;2;153.64;ACC0161;completed;Y
H105755;26/06/2024;Bristol Depot;South West;PB-15;Powered Barrow;2;43.74;ACC0227;completed;Y
H105756;03/09/2024;Glasgow Depot;Scotland;WP-02;Water Pump 2in;1;21.82;;completed;Y
H105757;18/11/2023;Leeds Depot;North;WP-02;Water Pump 2in;5;21.61;ACC0050;completed;N
H105758;26/04/2023;Glasgow Depot;Scotland;SC-22;Scissor Lift 22ft;-1;81.54;ACC0202;cancelled;Y
H105759;31/05/2023;Bristol Depot;South West;HD-BRK;Hydraulic Breaker;7;60.71;ACC0164;completed;Y
H105760;01/09/2023;Glasgow Depot;Scotland;PB-15;Powered Barrow;7;43.59;ACC0058;completed;N
H105761;26/03/2024;Leeds Depot;North;DM-09;Diesel Dumper 9T;1;156.44;ACC0087;completed;Y
H105762;11/04/2023;Bristol Depot;South West;GEN-60;60kVA Generator;3;89.19;;completed;Y
H105763;15/08/2023;Cardiff Depot;Wales;SC-22;Scissor Lift 22ft;1;78.13;ACC0180;completed;N
H105764;08/06/2023;Norwich Depot;East;HD-BRK;Hydraulic Breaker;1;67.4;ACC0160;completed;Y
H105765;05/01/2024;Bristol Depot;South West;CM-350;Concrete Mixer 350L;-7;33.46;ACC0168;cancelled;N
H105766;28/05/2023;Norwich Depot;East;SF-TOW;Site Tower Light;2;49.22;;completed;Y
H105767;09/08/2024;Bristol Depot;South West;GEN-60;60kVA Generator;5;94.47;;completed;Y
H105768;07/01/2024;Bristol Depot;South West;CM-350;Concrete Mixer 350L;14;36.04;;completed;Y
H105769;01/05/2024;Norwich Depot;East;WP-02;Water Pump 2in;5;23.5;ACC0162;completed;Y
H105770;26/04/2024;Leeds Depot;North;CM-350;Concrete Mixer 350L;-3;31.75;;cancelled;Y
H105771;21/02/2024;Glasgow Depot;Scotland;SF-TOW;Site Tower Light;-7;50.74;ACC0048;cancelled;Y
H105772;21/09/2024;Glasgow Depot;Scotland;WP-02;Water Pump 2in;2;21.46;ACC0131;completed;Y
H105773;27/09/2023;Norwich Depot;East;SC-22;Scissor Lift 22ft;2;78.36;ACC0248;completed;N
H105774;14/07/2024;Norwich Depot;East;DM-09;Diesel Dumper 9T;5;142.97;ACC0083;completed;Y
H105775;09/08/2023;Glasgow Depot;Scotland;TL-01;Telehandler 4m;2;183.54;ACC0105;completed;Y
H105776;09/06/2023;Norwich Depot;East;CM-350;Concrete Mixer 350L;1;32.77;ACC0053;completed;Y
H105777;12/08/2023;Leeds Depot;North;WP-02;Water Pump 2in;1;20.99;;completed;Y
H105778;15/11/2023;Cardiff Depot;Wales;EX-140;13T Excavator;1;307.71;ACC0136;completed;Y
H105779;11/11/2023;Glasgow Depot;Scotland;DM-09;Diesel Dumper 9T;3;136.65;ACC0222;completed;Y
H105780;12/09/2024;Norwich Depot;East;EX-140;13T Excavator;1;296.3;ACC0030;completed;Y
H105781;14/08/2023;Cardiff Depot;Wales;CM-350;Concrete Mixer 350L;1;32.65;ACC0134;completed;Y
H105782;07/11/2023;Glasgow Depot;Scotland;WP-02;Water Pump 2in;-14;21.16;ACC0002;cancelled;Y
H105783;06/07/2023;Glasgow Depot;Scotland;GEN-60;60kVA Generator;2;92.78;ACC0209;completed;Y
H105784;30/07/2023;Cardiff Depot;Wales;SF-TOW;Site Tower Light;2;49.33;ACC0081;completed;Y
H105785;06/08/2024;Norwich Depot;East;SC-22;Scissor Lift 22ft;-2;84.01;ACC0055;cancelled;Y
H105786;14/09/2023;Cardiff Depot;Wales;TL-01;Telehandler 4m;5;179.22;ACC0048;completed;Y
H105787;26/08/2023;Leeds Depot;North;PB-15;Powered Barrow;7;41.99;ACC0035;completed;Y
H105788;02/10/2023;Bristol Depot;South West;EX-140;13T Excavator;1;315.38;ACC0012;completed;Y
H105789;07/05/2023;Norwich Depot;East;PB-15;Powered Barrow;1;41.55;;completed;Y
H105790;13/09/2024;Glasgow Depot;Scotland;SC-22;Scissor Lift 22ft;-2;73.44;ACC0011;cancelled;Y
H105791;22/10/2023;Leeds Depot;North;WP-02;Water Pump 2in;1;22.86;ACC0165;completed;Y
H105792;21/09/2024;Cardiff Depot;Wales;EX-140;13T Excavator;5;318.99;ACC0215;completed;Y
H105793;10/07/2023;Bristol Depot;South West;SC-22;Scissor Lift 22ft;2;80.65;ACC0199;completed;Y
H105794;25/09/2023;Cardiff Depot;Wales;WP-02;Water Pump 2in;1;22.8;ACC0027;completed;Y
H105795;29/01/2024;Cardiff Depot;Wales;TL-01;Telehandler 4m;1;199.66;ACC0080;completed;Y
H105796;03/06/2023;Leeds Depot;North;SF-TOW;Site Tower Light;5;55.54;ACC0008;completed;Y
H105797;05/12/2023;Bristol Depot;South West;GEN-60;60kVA Generator;1;93.44;ACC0102;completed;Y
H105798;10/07/2023;Bristol Depot;South West;HD-BRK;Hydraulic Breaker;2;59.41;ACC0031;completed;Y
H105799;02/01/2024;Leeds Depot;North;EX-140;13T Excavator;-3;305.76;ACC0124;cancelled;N
H105800;28/06/2024;Norwich Depot;East;CM-350;Concrete Mixer 350L;-3;35.9;ACC0030;cancelled;Y
H105801;01/12/2023;Leeds Depot;North;DM-09;Diesel Dumper 9T;5;149.15;ACC0087;open;Y
H105802;21/09/2024;Bristol Depot;South West;GEN-60;60kVA Generator;28;91.67;ACC0222;completed;Y
H105803;31/07/2023;Leeds Depot;North;EX-140;13T Excavator;14;304.24;ACC0203;completed;Y
H105804;25/04/2024;Bristol Depot;South West;CM-350;Concrete Mixer 350L;1;35.87;ACC0078;completed;Y
H105805;11/09/2023;Cardiff Depot;Wales;WP-02;Water Pump 2in;-2;21.82;ACC0075;cancelled;N
H105806;26/12/2024;Cardiff Depot;Wales;SC-22;Scissor Lift 22ft;7;76.77;;completed;Y
H105807;30/03/2024;Leeds Depot;North;WP-02;Water Pump 2in;2;22.77;ACC0259;completed;Y
H105808;17/09/2024;Bristol Depot;South West;WP-02;Water Pump 2in;1;24.2;ACC0055;completed;Y
H105809;05/08/2024;Cardiff Depot;Wales;SF-TOW;Site Tower Light;2;54.9;ACC0138;completed;Y
H105810;13/06/2023;Bristol Depot;South West;TL-01;Telehandler 4m;3;184.96;ACC0122;completed;Y
H105811;07/01/2024;Glasgow Depot;Scotland;CM-350;Concrete Mixer 350L;28;33.17;ACC0106;completed;Y
H105812;18/04/2024;Glasgow Depot;Scotland;EX-140;13T Excavator;2;329.23;ACC0104;completed;Y
H105813;29/10/2024;Bristol Depot;South West;HD-BRK;Hydraulic Breaker;5;67.68;ACC0133;completed;Y
H105814;01/09/2024;Bristol Depot;South West;SC-22;Scissor Lift 22ft;1;83.97;ACC0166;completed;Y
H105815;21/09/2024;Leeds Depot;North;SF-TOW;Site Tower Light;3;53.29;ACC0158;completed;N
H105816;14/04/2024;Cardiff Depot;Wales;EX-140;13T Excavator;5;329.1;ACC0147;completed;Y
H105817;01/10/2024;Norwich Depot;East;EX-140;13T Excavator;2;313.3;ACC0018;completed;Y
H105818;31/12/2023;Glasgow Depot;Scotland;HD-BRK;Hydraulic Breaker;-3;63.63;ACC0259;cancelled;Y
H105819;20/11/2024;Bristol Depot;South West;DM-09;Diesel Dumper 9T;7;143.44;ACC0181;completed;Y
H105820;04/07/2024;Leeds Depot;North;CM-350;Concrete Mixer 350L;2;34.79;ACC0087;completed;Y
H105821;14/04/2023;Leeds Depot;North;EX-140;13T Excavator;2;333.28;ACC0215;open;Y
H105822;14/08/2024;Leeds Depot;North;GEN-60;60kVA Generator;5;99.75;ACC0174;completed;Y
H105823;04/07/2024;Cardiff Depot;Wales;DM-09;Diesel Dumper 9T;-5;151.3;ACC0258;cancelled;Y
H105824;16/11/2024;Cardiff Depot;Wales;DM-09;Diesel Dumper 9T;1;136.94;ACC0065;completed;N
H105825;04/04/2023;Norwich Depot;East;SC-22;Scissor Lift 22ft;2;81.55;ACC0072;completed;Y
H105826;28/04/2024;Bristol Depot;South West;WP-02;Water Pump 2in;2;21.95;ACC0031;open;Y
H105827;23/09/2024;Cardiff Depot;Wales;SF-TOW;Site Tower Light;2;50.99;ACC0074;completed;Y
H105828;13/07/2024;Leeds Depot;North;EX-140;13T Excavator;1;300.32;ACC0228;completed;Y
H105829;06/01/2024;Norwich Depot;East;TL-01;Telehandler 4m;1;187.43;ACC0142;completed;Y
H105830;17/04/2024;Norwich Depot;East;HD-BRK;Hydraulic Breaker;7;67.61;ACC0026;completed;N
H105831;28/12/2023;Glasgow Depot;Scotland;SC-22;Scissor Lift 22ft;2;73.63;ACC0188;completed;Y
H105832;19/12/2023;Bristol Depot;South West;TL-01;Telehandler 4m;1;176.7;ACC0033;completed;Y
H105833;23/09/2023;Glasgow Depot;Scotland;EX-140;13T Excavator;5;315.21;ACC0191;open;Y
H105834;17/01/2024;Norwich Depot;East;CM-350;Concrete Mixer 350L;1;31.81;ACC0230;completed;Y
H105835;28/03/2024;Norwich Depot;East;EX-140;13T Excavator;2;324.32;ACC0246;completed;Y
H105836;24/11/2024;Cardiff Depot;Wales;SF-TOW;Site Tower Light;3;48.02;ACC0028;completed;Y
H105837;23/12/2024;Norwich Depot;East;PB-15;Powered Barrow;14;42.9;ACC0171;completed;Y
H105838;18/11/2023;Leeds Depot;North;PB-15;Powered Barrow;2;41.03;ACC0208;completed;N
H105839;27/11/2024;Leeds Depot;North;HD-BRK;Hydraulic Breaker;2;66.16;ACC0130;completed;Y
H105840;20/07/2023;Cardiff Depot;Wales;TL-01;Telehandler 4m;7;195.98;ACC0009;completed;Y
H105841;11/09/2023;Glasgow Depot;Scotland;WP-02;Water Pump 2in;14;23.63;ACC0010;completed;Y
H105842;26/04/2024;Bristol Depot;South West;SC-22;Scissor Lift 22ft;2;80.53;ACC0080;completed;N
H105843;24/09/2024;Bristol Depot;South West;CM-350;Concrete Mixer 350L;1;33.56;ACC0005;completed;Y
H105844;30/05/2024;Norwich Depot;East;CM-350;Concrete Mixer 350L;-5;31.58;ACC0115;cancelled;Y
H105845;30/08/2024;Bristol Depot;South West;TL-01;Telehandler 4m;1;192.83;ACC0004;completed;Y
H105846;23/01/2024;Glasgow Depot;Scotland;DM-09;Diesel Dumper 9T;2;145.05;ACC0060;completed;Y
H105847;06/05/2024;Cardiff Depot;Wales;HD-BRK;Hydraulic Breaker;5;66.98;ACC0222;completed;N
H105848;15/08/2023;Leeds Depot;North;DM-09;Diesel Dumper 9T;-1;146.17;ACC0205;cancelled;Y
H105849;03/12/2024;Glasgow Depot;Scotland;DM-09;Diesel Dumper 9T;1;150.4;;completed;Y
H105850;11/01/2024;Bristol Depot;South West;SF-TOW;Site Tower Light;5;50.24;ACC0106;completed;Y
H105851;18/06/2024;Cardiff Depot;Wales;TL-01;Telehandler 4m;3;182.36;ACC0086;completed;Y
H105852;28/03/2024;Bristol Depot;South West;PB-15;Powered Barrow;-2;38.07;;cancelled;Y
H105853;05/04/2023;Leeds Depot;North;DM-09;Diesel Dumper 9T;2;140.93;ACC0017;completed;N
H105854;07/10/2024;Bristol Depot;South West;CM-350;Concrete Mixer 350L;2;35.24;ACC0168;completed;Y
H105855;11/04/2024;Leeds Depot;North;SC-22;Scissor Lift 22ft;1;75.08;ACC0074;completed;Y
H105856;24/06/2024;Norwich Depot;East;DM-09;Diesel Dumper 9T;5;147.88;ACC0060;completed;Y
H105857;06/08/2024;Leeds Depot;North;WP-02;Water Pump 2in;1;21.4;ACC0067;completed;N
H105858;07/12/2024;Glasgow Depot;Scotland;SF-TOW;Site Tower Light;1;55.29;;completed;Y
H105859;30/10/2023;Glasgow Depot;Scotland;DM-09;Diesel Dumper 9T;3;143.35;ACC0143;completed;Y
H105860;07/04/2024;Glasgow Depot;Scotland;WP-02;Water Pump 2in;14;21.87;ACC0227;completed;Y
H105861;03/02/2024;Leeds Depot;North;SF-TOW;Site Tower Light;14;54.97;ACC0248;completed;N
H105862;25/06/2024;Cardiff Depot;Wales;PB-15;Powered Barrow;1;43.53;ACC0088;open;Y
H105863;29/05/2023;Bristol Depot;South West;DM-09;Diesel Dumper 9T;1;151.2;ACC0056;completed;N
H105864;24/05/2024;Leeds Depot;North;HD-BRK;Hydraulic Breaker;2;65.73;;completed;N
H105865;09/06/2024;Norwich Depot;East;WP-02;Water Pump 2in;2;24.08;ACC0133;completed;Y
H105866;04/10/2023;Glasgow Depot;Scotland;SF-TOW;Site Tower Light;5;50.75;ACC0022;completed;N
H105867;22/02/2024;Glasgow Depot;Scotland;TL-01;Telehandler 4m;5;189.51;ACC0063;completed;N
H105868;16/10/2024;Leeds Depot;North;EX-140;13T Excavator;3;301.34;ACC0110;completed;Y
H105869;31/08/2024;Cardiff Depot;Wales;WP-02;Water Pump 2in;2;21.97;ACC0154;completed;Y
H105870;29/05/2023;Cardiff Depot;Wales;CM-350;Concrete Mixer 350L;1;32.99;ACC0154;completed;N
H105871;12/06/2023;Leeds Depot;North;SF-TOW;Site Tower Light;2;55.53;ACC0123;completed;Y
H105872;10/09/2023;Glasgow Depot;Scotland;SF-TOW;Site Tower Light;-14;50.31;ACC0140;cancelled;Y
H105873;12/04/2023;Bristol Depot;South West;HD-BRK;Hydraulic Breaker;2;68.63;ACC0059;completed;Y
H105874;14/12/2023;Norwich Depot;East;DM-09;Diesel Dumper 9T;1;136.65;ACC0168;completed;Y
H105875;06/06/2023;Cardiff Depot;Wales;SF-TOW;Site Tower Light;3;54.01;ACC0206;completed;Y
H105876;29/01/2024;Cardiff Depot;Wales;PB-15;Powered Barrow;1;42.3;ACC0026;completed;N
H105877;05/01/2024;Glasgow Depot;Scotland;CM-350;Concrete Mixer 350L;5;32.14;ACC0080;completed;N
H105878;14/07/2023;Glasgow Depot;Scotland;WP-02;Water Pump 2in;7;22.12;ACC0020;completed;Y
H105879;19/01/2024;Bristol Depot;South West;SF-TOW;Site Tower Light;7;48.2;ACC0221;completed;N
H105880;11/12/2023;Norwich Depot;East;CM-350;Concrete Mixer 350L;28;32.52;ACC0256;completed;Y
H105881;04/08/2023;Norwich Depot;East;CM-350;Concrete Mixer 350L;2;33.96;ACC0203;completed;Y
H105882;10/08/2024;Norwich Depot;East;SC-22;Scissor Lift 22ft;2;82.22;ACC0135;open;Y
H105883;22/12/2024;Norwich Depot;East;CM-350;Concrete Mixer 350L;7;35.47;ACC0030;open;N
H105884;18/06/2024;Glasgow Depot;Scotland;EX-140;13T Excavator;2;334.22;ACC0170;completed;Y
H105885;06/06/2023;Glasgow Depot;Scotland;GEN-60;60kVA Generator;2;96.07;ACC0082;open;Y
H105886;18/10/2024;Leeds Depot;North;SF-TOW;Site Tower Light;5;54.84;;completed;Y
H105887;16/05/2023;Leeds Depot;North;CM-350;Concrete Mixer 350L;2;36.66;ACC0017;completed;Y
H105888;27/03/2024;Leeds Depot;North;CM-350;Concrete Mixer 350L;7;35.21;ACC0191;completed;Y
H105889;11/05/2023;Bristol Depot;South West;SC-22;Scissor Lift 22ft;14;81.75;ACC0226;completed;Y
H105890;13/04/2024;Bristol Depot;South West;DM-09;Diesel Dumper 9T;2;135.11;;completed;Y
H105891;02/12/2023;Norwich Depot;East;WP-02;Water Pump 2in;1;21.32;ACC0227;completed;Y
H105892;26/11/2023;Bristol Depot;South West;CM-350;Concrete Mixer 350L;14;35.39;ACC0202;completed;Y
H105893;05/02/2024;Leeds Depot;North;HD-BRK;Hydraulic Breaker;3;65.88;ACC0206;completed;Y
H105894;23/09/2023;Glasgow Depot;Scotland;TL-01;Telehandler 4m;1;185.01;ACC0115;completed;Y
H105895;10/05/2023;Cardiff Depot;Wales;DM-09;Diesel Dumper 9T;14;149.47;ACC0249;completed;Y
H105896;12/04/2023;Leeds Depot;North;SF-TOW;Site Tower Light;2;50.63;;completed;Y
H105897;24/12/2023;Norwich Depot;East;HD-BRK;Hydraulic Breaker;3;68.48;ACC0245;completed;N
H105898;21/04/2023;Glasgow Depot;Scotland;WP-02;Water Pump 2in;-2;23.89;ACC0199;cancelled;Y
H105899;26/01/2024;Cardiff Depot;Wales;SC-22;Scissor Lift 22ft;5;72.95;ACC0255;completed;Y
H105900;05/03/2024;Norwich Depot;East;SC-22;Scissor Lift 22ft;5;73.04;ACC0250;completed;Y
H105901;23/09/2024;Bristol Depot;South West;GEN-60;60kVA Generator;3;98.7;ACC0238;completed;Y
H105902;23/05/2023;Norwich Depot;East;TL-01;Telehandler 4m;2;183.82;;completed;Y
H105903;20/01/2024;Norwich Depot;East;DM-09;Diesel Dumper 9T;1;153.99;ACC0036;completed;Y
H105904;08/09/2023;Cardiff Depot;Wales;WP-02;Water Pump 2in;28;23.26;ACC0223;completed;Y
H105905;05/07/2023;Bristol Depot;South West;TL-01;Telehandler 4m;1;179.01;ACC0063;completed;Y
H105906;05/11/2024;Leeds Depot;North;HD-BRK;Hydraulic Breaker;2;62.11;ACC0057;completed;Y
H105907;25/10/2024;Bristol Depot;South West;HD-BRK;Hydraulic Breaker;2;66.95;;completed;Y
H105908;30/05/2023;Bristol Depot;South West;EX-140;13T Excavator;1;326.79;;open;Y
H105909;12/04/2023;Leeds Depot;North;SC-22;Scissor Lift 22ft;3;74.77;;completed;Y
H105910;05/01/2024;Glasgow Depot;Scotland;SF-TOW;Site Tower Light;1;54.53;ACC0211;completed;Y
H105911;12/06/2023;Norwich Depot;East;WP-02;Water Pump 2in;3;22.46;ACC0185;completed;Y
H105912;28/07/2023;Bristol Depot;South West;CM-350;Concrete Mixer 350L;1;34.4;ACC0090;completed;Y
H105913;13/03/2024;Leeds Depot;North;WP-02;Water Pump 2in;1;23.99;ACC0197;completed;Y
H105914;25/09/2024;Glasgow Depot;Scotland;WP-02;Water Pump 2in;-1;21.82;;cancelled;Y
H105915;12/09/2024;Glasgow Depot;Scotland;SC-22;Scissor Lift 22ft;5;81.0;ACC0002;completed;Y
H105916;28/12/2023;Glasgow Depot;Scotland;GEN-60;60kVA Generator;-3;94.91;ACC0184;cancelled;Y
H105917;13/07/2023;Leeds Depot;North;WP-02;Water Pump 2in;3;20.79;ACC0103;completed;Y
H105918;19/10/2023;Norwich Depot;East;TL-01;Telehandler 4m;5;194.5;ACC0066;completed;Y
H105919;11/09/2023;Bristol Depot;South West;CM-350;Concrete Mixer 350L;3;34.42;ACC0188;completed;Y
H105920;14/08/2023;Norwich Depot;East;CM-350;Concrete Mixer 350L;1;31.32;;completed;Y
H105921;07/03/2024;Bristol Depot;South West;SC-22;Scissor Lift 22ft;1;81.82;;completed;Y
H105922;27/08/2024;Cardiff Depot;Wales;PB-15;Powered Barrow;14;42.25;ACC0155;open;N
H105923;27/10/2023;Norwich Depot;East;SF-TOW;Site Tower Light;5;52.08;ACC0056;completed;Y
H105924;21/07/2024;Cardiff Depot;Wales;SC-22;Scissor Lift 22ft;5;83.97;;completed;N
H105925;13/12/2023;Leeds Depot;North;EX-140;13T Excavator;1;333.33;ACC0041;completed;Y
H105926;19/05/2023;Bristol Depot;South West;CM-350;Concrete Mixer 350L;28;34.73;ACC0131;completed;Y
H105927;29/12/2024;Bristol Depot;South West;SC-22;Scissor Lift 22ft;14;79.35;ACC0112;completed;Y
H105928;29/08/2024;Bristol Depot;South West;EX-140;13T Excavator;2;292.45;ACC0176;completed;Y
H105929;19/10/2023;Cardiff Depot;Wales;HD-BRK;Hydraulic Breaker;14;63.21;;completed;Y
H105930;23/12/2023;Bristol Depot;South West;TL-01;Telehandler 4m;1;186.08;ACC0104;completed;Y
H105931;30/03/2024;Cardiff Depot;Wales;WP-02;Water Pump 2in;5;20.71;;completed;N
H105932;23/03/2024;Glasgow Depot;Scotland;PB-15;Powered Barrow;1;43.45;ACC0163;completed;Y
H105933;16/06/2023;Cardiff Depot;Wales;GEN-60;60kVA Generator;5;99.14;;completed;N
H105934;21/08/2024;Norwich Depot;East;PB-15;Powered Barrow;1;40.95;ACC0214;completed;Y
H105935;21/01/2024;Glasgow Depot;Scotland;SC-22;Scissor Lift 22ft;1;73.24;ACC0211;completed;Y
H105936;19/05/2024;Glasgow Depot;Scotland;DM-09;Diesel Dumper 9T;1;141.98;;completed;Y
H105937;08/06/2024;Bristol Depot;South West;SC-22;Scissor Lift 22ft;2;78.32;ACC0081;completed;Y
H105938;22/07/2024;Cardiff Depot;Wales;SC-22;Scissor Lift 22ft;1;76.13;ACC0259;completed;Y
H105939;15/07/2024;Norwich Depot;East;HD-BRK;Hydraulic Breaker;1;66.53;ACC0087;completed;Y
H105940;10/05/2023;Glasgow Depot;Scotland;SC-22;Scissor Lift 22ft;1;78.75;ACC0045;completed;Y
H105941;13/09/2023;Bristol Depot;South West;HD-BRK;Hydraulic Breaker;1;61.36;ACC0228;completed;N
H105942;16/05/2024;Norwich Depot;East;GEN-60;60kVA Generator;1;94.07;ACC0244;completed;Y
H105943;01/09/2024;Norwich Depot;East;SC-22;Scissor Lift 22ft;1;76.65;ACC0189;open;Y
H105944;09/06/2024;Bristol Depot;South West;HD-BRK;Hydraulic Breaker;-1;68.85;ACC0128;cancelled;Y
H105945;19/10/2023;Norwich Depot;East;PB-15;Powered Barrow;1;42.92;ACC0004;completed;Y
H105946;14/11/2023;Norwich Depot;East;DM-09;Diesel Dumper 9T;2;153.74;ACC0032;completed;Y
H105947;02/11/2024;Norwich Depot;East;GEN-60;60kVA Generator;7;91.36;ACC0173;open;Y
H105948;10/08/2024;Leeds Depot;North;SC-22;Scissor Lift 22ft;1;81.75;ACC0029;open;Y
H105949;28/11/2023;Glasgow Depot;Scotland;CM-350;Concrete Mixer 350L;1;32.8;ACC0259;completed;Y
H105950;10/11/2024;Norwich Depot;East;CM-350;Concrete Mixer 350L;1;32.05;;completed;N
H105951;05/08/2023;Bristol Depot;South West;SC-22;Scissor Lift 22ft;3;79.3;ACC0223;completed;Y
H105952;26/09/2024;Bristol Depot;South West;CM-350;Concrete Mixer 350L;5;34.62;ACC0241;completed;Y
H105953;22/07/2024;Norwich Depot;East;WP-02;Water Pump 2in;5;21.61;ACC0046;completed;N
H105954;05/12/2023;Bristol Depot;South West;HD-BRK;Hydraulic Breaker;3;64.1;ACC0250;completed;Y
H105955;27/12/2023;Glasgow Depot;Scotland;CM-350;Concrete Mixer 350L;14;31.57;ACC0207;completed;Y
H105956;04/10/2023;Glasgow Depot;Scotland;WP-02;Water Pump 2in;-1;23.99;ACC0178;cancelled;N
H105957;07/03/2024;Cardiff Depot;Wales;TL-01;Telehandler 4m;28;190.83;;completed;Y
H105958;24/10/2023;Leeds Depot;North;SF-TOW;Site Tower Light;2;53.59;ACC0072;completed;N
H105959;23/04/2024;Glasgow Depot;Scotland;DM-09;Diesel Dumper 9T;14;154.27;;completed;N
H105960;20/08/2024;Leeds Depot;North;CM-350;Concrete Mixer 350L;5;31.58;ACC0132;completed;Y
H105961;11/01/2024;Cardiff Depot;Wales;GEN-60;60kVA Generator;-7;96.93;ACC0091;cancelled;Y
H105962;06/12/2024;Norwich Depot;East;SF-TOW;Site Tower Light;7;54.46;;completed;Y
H105963;09/06/2023;Bristol Depot;South West;DM-09;Diesel Dumper 9T;1;145.77;ACC0087;completed;Y
H105964;12/09/2023;Norwich Depot;East;PB-15;Powered Barrow;2;40.52;ACC0212;completed;Y
H105965;28/02/2024;Leeds Depot;North;WP-02;Water Pump 2in;2;23.6;ACC0159;completed;Y
H105966;12/04/2023;Glasgow Depot;Scotland;PB-15;Powered Barrow;28;40.0;ACC0035;completed;Y
H105967;05/05/2024;Bristol Depot;South West;SF-TOW;Site Tower Light;14;53.53;ACC0214;completed;Y
H105968;17/05/2023;Norwich Depot;East;TL-01;Telehandler 4m;2;191.48;ACC0090;completed;N
H105969;25/10/2023;Cardiff Depot;Wales;DM-09;Diesel Dumper 9T;-7;151.87;ACC0182;cancelled;Y
H105970;08/06/2023;Leeds Depot;North;PB-15;Powered Barrow;1;38.51;ACC0152;completed;N
H105971;12/08/2024;Norwich Depot;East;PB-15;Powered Barrow;7;39.31;ACC0226;completed;N
H105972;25/09/2024;Glasgow Depot;Scotland;WP-02;Water Pump 2in;2;20.96;ACC0051;completed;N
H105973;29/12/2024;Norwich Depot;East;TL-01;Telehandler 4m;7;173.6;ACC0182;completed;Y
H105974;13/05/2024;Glasgow Depot;Scotland;SC-22;Scissor Lift 22ft;14;81.83;ACC0081;completed;Y
H105975;02/01/2024;Bristol Depot;South West;TL-01;Telehandler 4m;5;201.98;;completed;Y
H105976;10/01/2024;Cardiff Depot;Wales;DM-09;Diesel Dumper 9T;1;152.19;ACC0001;open;Y
H105977;26/08/2023;Norwich Depot;East;SC-22;Scissor Lift 22ft;2;79.82;ACC0139;completed;Y
H105978;03/03/2024;Norwich Depot;East;SF-TOW;Site Tower Light;5;53.0;ACC0146;completed;Y
H105979;12/10/2024;Bristol Depot;South West;CM-350;Concrete Mixer 350L;14;35.65;ACC0123;completed;Y
H105980;11/08/2023;Glasgow Depot;Scotland;WP-02;Water Pump 2in;2;22.0;ACC0109;completed;Y
H105981;15/08/2024;Norwich Depot;East;SF-TOW;Site Tower Light;-1;51.09;ACC0234;cancelled;Y
H105982;26/08/2024;Leeds Depot;North;SF-TOW;Site Tower Light;2;48.72;ACC0188;completed;Y
H105983;21/06/2023;Bristol Depot;South West;SF-TOW;Site Tower Light;3;53.8;ACC0158;open;Y
H105984;25/05/2024;Cardiff Depot;Wales;DM-09;Diesel Dumper 9T;3;147.91;ACC0204;completed;Y
H105985;12/08/2023;Leeds Depot;North;SC-22;Scissor Lift 22ft;3;74.09;ACC0089;completed;N
H105986;11/05/2023;Cardiff Depot;Wales;WP-02;Water Pump 2in;3;23.38;ACC0146;completed;N
H105987;15/10/2024;Glasgow Depot;Scotland;PB-15;Powered Barrow;5;38.55;ACC0152;completed;Y
H105988;27/10/2023;Bristol Depot;South West;TL-01;Telehandler 4m;5;196.72;ACC0060;completed;Y
H105989;10/04/2023;Cardiff Depot;Wales;SC-22;Scissor Lift 22ft;1;79.38;ACC0131;completed;Y
H105990;07/11/2023;Cardiff Depot;Wales;WP-02;Water Pump 2in;7;22.73;ACC0079;completed;Y
H105991;24/09/2023;Bristol Depot;South West;CM-350;Concrete Mixer 350L;7;36.0;ACC0054;completed;N
H105992;07/04/2023;Glasgow Depot;Scotland;WP-02;Water Pump 2in;2;23.27;ACC0006;completed;N
H105993;02/10/2024;Norwich Depot;East;CM-350;Concrete Mixer 350L;2;36.03;ACC0084;completed;Y
H105994;30/09/2024;Cardiff Depot;Wales;DM-09;Diesel Dumper 9T;-1;146.59;ACC0238;cancelled;Y
H105995;12/05/2024;Bristol Depot;South West;CM-350;Concrete Mixer 350L;5;35.41;ACC0020;completed;Y
H105996;24/05/2023;Leeds Depot;North;SC-22;Scissor Lift 22ft;-1;78.15;ACC0121;cancelled;Y
H105997;05/04/2023;Cardiff Depot;Wales;CM-350;Concrete Mixer 350L;2;31.88;;completed;Y
H105998;25/11/2024;Glasgow Depot;Scotland;EX-140;13T Excavator;3;318.06;ACC0132;completed;Y
H105999;03/08/2024;Norwich Depot;East;HD-BRK;Hydraulic Breaker;5;61.98;ACC0187;completed;Y
H106000;24/08/2023;Cardiff Depot;Wales;TL-01;Telehandler 4m;3;181.11;ACC0060;completed;Y
H106001;01/07/2024;Norwich Depot;East;CM-350;Concrete Mixer 350L;-1;32.42;ACC0130;cancelled;Y
H106002;28/08/2023;Cardiff Depot;Wales;HD-BRK;Hydraulic Breaker;3;59.83;ACC0191;completed;Y
H106003;03/06/2024;Glasgow Depot;Scotland;WP-02;Water Pump 2in;3;22.01;ACC0134;completed;Y
H106004;10/11/2024;Norwich Depot;East;CM-350;Concrete Mixer 350L;14;31.47;ACC0050;completed;Y
H106005;17/03/2024;Norwich Depot;East;EX-140;13T Excavator;5;331.29;ACC0089;completed;Y
H106006;21/10/2023;Glasgow Depot;Scotland;SF-TOW;Site Tower Light;1;48.96;ACC0048;completed;Y
H106007;27/07/2023;Norwich Depot;East;GEN-60;60kVA Generator;1;91.51;ACC0105;completed;N
H106008;14/12/2024;Cardiff Depot;Wales;DM-09;Diesel Dumper 9T;2;148.34;;completed;Y
H106009;02/09/2024;Norwich Depot;East;GEN-60;60kVA Generator;3;88.57;ACC0231;completed;Y
H106010;22/05/2023;Leeds Depot;North;TL-01;Telehandler 4m;1;192.49;ACC0025;completed;Y
H106011;20/08/2024;Leeds Depot;North;CM-350;Concrete Mixer 350L;5;36.37;;completed;N
H106012;01/09/2023;Cardiff Depot;Wales;DM-09;Diesel Dumper 9T;3;141.28;;completed;N
H106013;29/08/2023;Norwich Depot;East;WP-02;Water Pump 2in;-1;21.07;ACC0104;cancelled;Y
H106014;21/09/2023;Cardiff Depot;Wales;WP-02;Water Pump 2in;2;23.58;ACC0191;completed;Y
H106015;27/11/2024;Cardiff Depot;Wales;SF-TOW;Site Tower Light;2;54.23;ACC0050;completed;Y
H106016;06/12/2024;Bristol Depot;South West;SC-22;Scissor Lift 22ft;2;80.45;ACC0107;completed;Y
H106017;28/07/2024;Leeds Depot;North;SC-22;Scissor Lift 22ft;2;80.51;ACC0260;completed;Y
H106018;08/07/2024;Cardiff Depot;Wales;WP-02;Water Pump 2in;2;24.24;ACC0006;completed;Y
H106019;18/06/2023;Glasgow Depot;Scotland;PB-15;Powered Barrow;2;42.95;ACC0073;completed;N
H106020;18/08/2023;Cardiff Depot;Wales;SC-22;Scissor Lift 22ft;28;82.62;ACC0044;completed;N
H106021;14/06/2023;Bristol Depot;South West;SF-TOW;Site Tower Light;2;48.27;ACC0193;completed;Y
H106022;10/06/2023;Norwich Depot;East;DM-09;Diesel Dumper 9T;1;156.33;ACC0101;completed;Y
H106023;31/10/2023;Bristol Depot;South West;HD-BRK;Hydraulic Breaker;5;64.8;ACC0165;completed;N
H106024;09/07/2023;Norwich Depot;East;DM-09;Diesel Dumper 9T;1;154.21;ACC0149;completed;Y
H106025;29/06/2024;Leeds Depot;North;SC-22;Scissor Lift 22ft;3;75.0;ACC0166;completed;Y
H106026;24/06/2024;Norwich Depot;East;SF-TOW;Site Tower Light;5;52.09;ACC0223;completed;Y
H106027;17/10/2023;Bristol Depot;South West;CM-350;Concrete Mixer 350L;1;33.26;ACC0029;completed;N
H106028;15/06/2023;Glasgow Depot;Scotland;WP-02;Water Pump 2in;7;20.8;ACC0019;completed;Y
H106029;25/04/2023;Norwich Depot;East;PB-15;Powered Barrow;14;39.02;ACC0112;open;N
H106030;10/09/2024;Leeds Depot;North;WP-02;Water Pump 2in;1;23.11;ACC0194;completed;Y
H106031;26/12/2023;Leeds Depot;North;TL-01;Telehandler 4m;3;201.37;ACC0094;completed;N
H106032;06/07/2024;Norwich Depot;East;WP-02;Water Pump 2in;14;22.77;ACC0174;completed;Y
H106033;08/04/2024;Leeds Depot;North;SF-TOW;Site Tower Light;2;53.9;ACC0013;open;Y
H106034;25/08/2024;Leeds Depot;North;GEN-60;60kVA Generator;2;88.92;ACC0055;completed;Y
H106035;02/11/2024;Norwich Depot;East;EX-140;13T Excavator;1;332.92;ACC0197;completed;N
H106036;21/11/2024;Glasgow Depot;Scotland;GEN-60;60kVA Generator;7;95.03;ACC0026;completed;Y
H106037;19/09/2024;Leeds Depot;North;WP-02;Water Pump 2in;14;22.72;;completed;Y
H106038;22/11/2023;Cardiff Depot;Wales;HD-BRK;Hydraulic Breaker;28;66.72;ACC0099;completed;Y
H106039;25/11/2023;Bristol Depot;South West;PB-15;Powered Barrow;1;39.79;ACC0095;completed;Y
H106040;09/08/2024;Cardiff Depot;Wales;DM-09;Diesel Dumper 9T;3;144.58;ACC0058;completed;N
H106041;17/04/2023;Norwich Depot;East;EX-140;13T Excavator;2;317.7;ACC0023;completed;Y
H106042;07/11/2023;Cardiff Depot;Wales;HD-BRK;Hydraulic Breaker;5;62.43;;completed;Y
H106043;29/09/2024;Glasgow Depot;Scotland;PB-15;Powered Barrow;28;41.8;ACC0094;completed;Y
H106044;05/09/2023;Glasgow Depot;Scotland;SF-TOW;Site Tower Light;5;49.66;ACC0124;completed;Y
H106045;16/08/2023;Cardiff Depot;Wales;CM-350;Concrete Mixer 350L;3;33.67;;completed;Y
H106046;08/04/2023;Cardiff Depot;Wales;WP-02;Water Pump 2in;2;22.38;ACC0089;completed;N
H106047;27/08/2023;Bristol Depot;South West;TL-01;Telehandler 4m;14;183.42;ACC0185;completed;N
H106048;12/05/2024;Bristol Depot;South West;CM-350;Concrete Mixer 350L;1;32.99;;completed;Y
H106049;13/11/2024;Cardiff Depot;Wales;PB-15;Powered Barrow;3;42.57;;completed;Y
H106050;20/04/2023;Norwich Depot;East;CM-350;Concrete Mixer 350L;14;34.1;ACC0032;completed;Y
H106051;19/11/2024;Glasgow Depot;Scotland;CM-350;Concrete Mixer 350L;28;32.64;ACC0184;completed;Y
H106052;13/04/2023;Leeds Depot;North;WP-02;Water Pump 2in;5;23.82;;completed;Y
H106053;24/07/2024;Cardiff Depot;Wales;TL-01;Telehandler 4m;-2;190.74;ACC0216;cancelled;Y
H106054;31/05/2024;Glasgow Depot;Scotland;PB-15;Powered Barrow;28;38.22;;completed;N
H106055;05/05/2023;Bristol Depot;South West;CM-350;Concrete Mixer 350L;7;33.27;ACC0018;completed;Y
H106056;08/09/2024;Leeds Depot;North;SC-22;Scissor Lift 22ft;5;79.58;ACC0234;completed;N
H106057;01/05/2024;Norwich Depot;East;TL-01;Telehandler 4m;28;202.56;ACC0225;completed;Y
H106058;12/03/2024;Glasgow Depot;Scotland;TL-01;Telehandler 4m;3;190.07;ACC0243;completed;Y
H106059;02/07/2024;Bristol Depot;South West;HD-BRK;Hydraulic Breaker;1;59.46;ACC0169;completed;Y
H106060;12/04/2023;Leeds Depot;North;TL-01;Telehandler 4m;1;198.7;;completed;Y
H106061;30/10/2023;Glasgow Depot;Scotland;PB-15;Powered Barrow;1;43.04;ACC0037;completed;Y
H106062;05/06/2024;Norwich Depot;East;SF-TOW;Site Tower Light;3;49.63;ACC0170;completed;N
H106063;11/12/2024;Cardiff Depot;Wales;SC-22;Scissor Lift 22ft;7;81.25;;open;N
H106064;10/11/2024;Leeds Depot;North;EX-140;13T Excavator;1;317.54;ACC0133;completed;Y
H106065;01/09/2023;Norwich Depot;East;CM-350;Concrete Mixer 350L;2;31.77;;completed;Y
H106066;05/05/2023;Leeds Depot;North;CM-350;Concrete Mixer 350L;1;34.5;ACC0225;completed;Y
H106067;15/05/2023;Bristol Depot;South West;DM-09;Diesel Dumper 9T;1;144.13;ACC0184;completed;Y
H106068;02/05/2023;Leeds Depot;North;CM-350;Concrete Mixer 350L;5;33.54;ACC0107;completed;Y
H106069;15/08/2023;Glasgow Depot;Scotland;PB-15;Powered Barrow;5;38.25;ACC0106;completed;Y
H106070;28/09/2023;Glasgow Depot;Scotland;SC-22;Scissor Lift 22ft;14;81.49;ACC0062;completed;Y
H106071;13/06/2024;Bristol Depot;South West;GEN-60;60kVA Generator;3;103.64;ACC0063;completed;Y
H106072;27/09/2024;Bristol Depot;South West;DM-09;Diesel Dumper 9T;2;147.21;ACC0127;completed;Y
H106073;04/10/2023;Norwich Depot;East;HD-BRK;Hydraulic Breaker;1;63.82;ACC0095;completed;N
H106074;28/08/2023;Glasgow Depot;Scotland;SF-TOW;Site Tower Light;5;52.58;ACC0012;completed;N
H106075;12/05/2023;Leeds Depot;North;DM-09;Diesel Dumper 9T;28;136.76;ACC0173;completed;N
H106076;06/09/2024;Norwich Depot;East;SC-22;Scissor Lift 22ft;2;77.39;ACC0181;completed;Y
H106077;29/08/2023;Glasgow Depot;Scotland;GEN-60;60kVA Generator;2;103.18;ACC0180;completed;Y
H106078;23/03/2024;Norwich Depot;East;WP-02;Water Pump 2in;14;22.48;ACC0245;completed;N
H106079;25/07/2024;Norwich Depot;East;GEN-60;60kVA Generator;2;89.51;ACC0078;completed;Y
H106080;24/10/2023;Leeds Depot;North;TL-01;Telehandler 4m;5;197.81;ACC0117;completed;Y
H106081;23/06/2024;Norwich Depot;East;WP-02;Water Pump 2in;1;21.19;ACC0067;completed;Y
H106082;04/11/2023;Leeds Depot;North;SC-22;Scissor Lift 22ft;5;82.2;ACC0176;completed;Y
H106083;22/01/2024;Bristol Depot;South West;SC-22;Scissor Lift 22ft;2;72.41;ACC0011;completed;Y
H106084;06/08/2023;Bristol Depot;South West;DM-09;Diesel Dumper 9T;1;155.31;ACC0083;completed;Y
H106085;05/06/2023;Norwich Depot;East;PB-15;Powered Barrow;3;38.28;ACC0017;completed;Y
H106086;10/08/2024;Bristol Depot;South West;SC-22;Scissor Lift 22ft;-1;81.15;ACC0073;cancelled;Y
H106087;11/04/2023;Glasgow Depot;Scotland;WP-02;Water Pump 2in;5;22.51;ACC0122;completed;Y
H106088;27/05/2024;Norwich Depot;East;SC-22;Scissor Lift 22ft;1;80.67;ACC0234;completed;Y
H106089;23/04/2023;Bristol Depot;South West;WP-02;Water Pump 2in;1;23.91;;open;Y
H106090;09/06/2024;Norwich Depot;East;SF-TOW;Site Tower Light;1;55.98;;completed;Y
H106091;17/09/2023;Cardiff Depot;Wales;CM-350;Concrete Mixer 350L;1;34.75;ACC0235;completed;Y
H106092;17/08/2023;Cardiff Depot;Wales;DM-09;Diesel Dumper 9T;3;137.88;ACC0071;completed;Y
H106093;24/05/2023;Cardiff Depot;Wales;WP-02;Water Pump 2in;-14;24.1;;cancelled;Y
H106094;22/12/2024;Cardiff Depot;Wales;SF-TOW;Site Tower Light;3;48.17;ACC0095;completed;Y
H106095;25/04/2023;Cardiff Depot;Wales;GEN-60;60kVA Generator;2;93.13;ACC0232;completed;Y
H106096;21/11/2024;Norwich Depot;East;SC-22;Scissor Lift 22ft;1;82.2;ACC0086;completed;Y
H106097;17/11/2023;Cardiff Depot;Wales;GEN-60;60kVA Generator;7;100.11;ACC0093;completed;Y
H106098;28/09/2024;Leeds Depot;North;SF-TOW;Site Tower Light;1;54.21;ACC0044;completed;Y
H106099;12/10/2023;Norwich Depot;East;GEN-60;60kVA Generator;2;92.22;ACC0138;completed;N
H106100;19/10/2024;Bristol Depot;South West;WP-02;Water Pump 2in;28;22.72;ACC0140;completed;N
H106101;28/06/2023;Norwich Depot;East;CM-350;Concrete Mixer 350L;3;35.51;ACC0176;completed;Y
H106102;28/08/2023;Bristol Depot;South West;WP-02;Water Pump 2in;3;22.93;ACC0122;completed;Y
H106103;08/12/2024;Cardiff Depot;Wales;PB-15;Powered Barrow;3;40.91;ACC0087;completed;Y
H106104;10/03/2024;Glasgow Depot;Scotland;TL-01;Telehandler 4m;14;185.27;ACC0230;completed;N
H106105;12/07/2023;Glasgow Depot;Scotland;HD-BRK;Hydraulic Breaker;2;64.11;ACC0145;completed;Y
H106106;16/08/2024;Norwich Depot;East;SF-TOW;Site Tower Light;2;54.58;ACC0170;completed;Y
H106107;23/06/2023;Cardiff Depot;Wales;HD-BRK;Hydraulic Breaker;2;65.3;ACC0182;completed;Y
H106108;26/06/2023;Leeds Depot;North;SF-TOW;Site Tower Light;1;50.33;ACC0126;completed;Y
H106109;29/07/2023;Norwich Depot;East;PB-15;Powered Barrow;14;40.64;ACC0142;completed;Y
H106110;21/07/2023;Cardiff Depot;Wales;CM-350;Concrete Mixer 350L;3;31.45;;completed;Y
H106111;27/07/2024;Cardiff Depot;Wales;PB-15;Powered Barrow;1;38.13;ACC0042;completed;Y
H106112;19/02/2024;Leeds Depot;North;EX-140;13T Excavator;-1;303.12;ACC0135;cancelled;N
H106113;23/11/2024;Leeds Depot;North;GEN-60;60kVA Generator;3;90.25;;completed;Y
H106114;06/10/2023;Bristol Depot;South West;GEN-60;60kVA Generator;3;92.27;ACC0030;completed;Y
H106115;13/06/2023;Norwich Depot;East;WP-02;Water Pump 2in;-5;22.42;ACC0093;cancelled;Y
H106116;04/12/2023;Glasgow Depot;Scotland;TL-01;Telehandler 4m;3;188.81;ACC0123;completed;Y
H106117;14/05/2023;Leeds Depot;North;SC-22;Scissor Lift 22ft;2;74.81;;completed;Y
H106118;08/11/2024;Norwich Depot;East;CM-350;Concrete Mixer 350L;14;32.92;ACC0164;completed;N
H106119;01/11/2023;Norwich Depot;East;PB-15;Powered Barrow;1;41.16;ACC0144;completed;Y
H106120;23/12/2024;Cardiff Depot;Wales;PB-15;Powered Barrow;3;42.91;ACC0023;completed;Y
H106121;17/10/2024;Bristol Depot;South West;HD-BRK;Hydraulic Breaker;2;68.32;ACC0126;completed;Y
H106122;09/09/2024;Glasgow Depot;Scotland;HD-BRK;Hydraulic Breaker;14;64.01;ACC0131;completed;Y
H106123;15/04/2024;Leeds Depot;North;PB-15;Powered Barrow;5;42.0;ACC0168;completed;Y
H106124;03/08/2024;Glasgow Depot;Scotland;WP-02;Water Pump 2in;2;22.42;ACC0101;completed;Y
H106125;29/09/2023;Cardiff Depot;Wales;WP-02;Water Pump 2in;3;23.36;ACC0209;completed;Y
H106126;26/08/2024;Glasgow Depot;Scotland;SF-TOW;Site Tower Light;1;49.25;ACC0080;completed;N
H106127;16/07/2024;Leeds Depot;North;WP-02;Water Pump 2in;3;21.54;ACC0174;completed;Y
H106128;13/10/2023;Cardiff Depot;Wales;EX-140;13T Excavator;2;291.82;ACC0187;open;Y
H106129;29/10/2024;Leeds Depot;North;SC-22;Scissor Lift 22ft;3;77.92;ACC0191;open;N
H106130;12/09/2023;Norwich Depot;East;CM-350;Concrete Mixer 350L;28;31.44;ACC0224;completed;Y
H106131;15/09/2024;Glasgow Depot;Scotland;EX-140;13T Excavator;14;316.21;ACC0124;completed;Y
H106132;06/08/2024;Cardiff Depot;Wales;CM-350;Concrete Mixer 350L;-1;36.17;ACC0099;cancelled;N
H106133;02/04/2023;Norwich Depot;East;GEN-60;60kVA Generator;7;89.69;ACC0042;completed;Y
H106134;11/08/2024;Cardiff Depot;Wales;WP-02;Water Pump 2in;2;21.7;ACC0084;completed;Y
H106135;04/02/2024;Bristol Depot;South West;SF-TOW;Site Tower Light;14;54.28;ACC0187;completed;Y
H106136;25/09/2023;Bristol Depot;South West;TL-01;Telehandler 4m;2;175.82;ACC0041;completed;Y
H106137;25/01/2024;Cardiff Depot;Wales;WP-02;Water Pump 2in;2;21.11;ACC0055;completed;Y
H106138;03/09/2023;Cardiff Depot;Wales;WP-02;Water Pump 2in;2;20.93;ACC0129;completed;Y
H106139;20/11/2024;Cardiff Depot;Wales;SC-22;Scissor Lift 22ft;1;82.83;ACC0174;completed;Y
H106140;09/08/2023;Bristol Depot;South West;EX-140;13T Excavator;5;325.78;ACC0007;completed;Y
H106141;08/10/2024;Glasgow Depot;Scotland;SF-TOW;Site Tower Light;1;55.16;ACC0213;completed;Y
H106142;08/09/2023;Cardiff Depot;Wales;SF-TOW;Site Tower Light;1;54.58;ACC0089;completed;Y
H106143;23/04/2023;Cardiff Depot;Wales;HD-BRK;Hydraulic Breaker;3;61.62;ACC0132;completed;Y
H106144;20/05/2024;Bristol Depot;South West;DM-09;Diesel Dumper 9T;-2;139.87;ACC0071;cancelled;Y
H106145;25/10/2023;Cardiff Depot;Wales;TL-01;Telehandler 4m;3;175.97;;completed;Y
H106146;02/08/2024;Leeds Depot;North;WP-02;Water Pump 2in;1;22.26;ACC0036;completed;N
H106147;27/02/2024;Bristol Depot;South West;CM-350;Concrete Mixer 350L;14;36.04;ACC0064;completed;N
H106148;24/04/2023;Leeds Depot;North;CM-350;Concrete Mixer 350L;2;32.59;ACC0013;completed;N
H106149;11/02/2024;Norwich Depot;East;HD-BRK;Hydraulic Breaker;2;61.04;ACC0014;completed;Y
H106150;18/08/2023;Bristol Depot;South West;PB-15;Powered Barrow;5;40.34;;completed;Y
H106151;29/04/2024;Norwich Depot;East;SF-TOW;Site Tower Light;-3;56.1;ACC0192;cancelled;Y
H106152;13/10/2024;Norwich Depot;East;HD-BRK;Hydraulic Breaker;1;61.82;ACC0247;completed;Y
H106153;09/05/2024;Cardiff Depot;Wales;WP-02;Water Pump 2in;1;21.75;;completed;N
H106154;14/07/2024;Glasgow Depot;Scotland;WP-02;Water Pump 2in;2;22.93;ACC0083;completed;Y
H106155;19/06/2024;Bristol Depot;South West;PB-15;Powered Barrow;1;40.69;ACC0120;completed;Y
H106156;18/10/2024;Leeds Depot;North;TL-01;Telehandler 4m;1;188.12;ACC0047;completed;Y
H106157;16/03/2024;Norwich Depot;East;TL-01;Telehandler 4m;2;178.32;ACC0033;completed;Y
H106158;25/04/2024;Glasgow Depot;Scotland;PB-15;Powered Barrow;5;41.79;ACC0007;completed;Y
H106159;01/11/2024;Bristol Depot;South West;CM-350;Concrete Mixer 350L;7;33.52;;completed;Y
H106160;20/04/2023;Norwich Depot;East;WP-02;Water Pump 2in;2;21.84;ACC0148;completed;Y
H106161;22/10/2024;Norwich Depot;East;TL-01;Telehandler 4m;5;187.76;ACC0098;completed;Y
H106162;30/09/2023;Glasgow Depot;Scotland;EX-140;13T Excavator;14;298.37;;completed;Y
H106163;07/11/2024;Bristol Depot;South West;CM-350;Concrete Mixer 350L;7;34.22;;completed;Y
H106164;28/07/2023;Glasgow Depot;Scotland;DM-09;Diesel Dumper 9T;1;147.81;ACC0120;completed;Y
H106165;08/09/2024;Leeds Depot;North;HD-BRK;Hydraulic Breaker;-2;64.76;ACC0212;cancelled;Y
H106166;12/05/2024;Leeds Depot;North;GEN-60;60kVA Generator;28;102.58;ACC0195;completed;Y
H106167;31/12/2023;Glasgow Depot;Scotland;CM-350;Concrete Mixer 350L;-2;34.02;;cancelled;Y
H106168;27/09/2023;Cardiff Depot;Wales;WP-02;Water Pump 2in;1;21.92;ACC0029;open;Y
H106169;04/07/2023;Norwich Depot;East;CM-350;Concrete Mixer 350L;2;35.85;ACC0033;completed;Y
H106170;12/04/2023;Glasgow Depot;Scotland;WP-02;Water Pump 2in;1;21.66;ACC0205;completed;Y
H106171;19/07/2024;Norwich Depot;East;EX-140;13T Excavator;2;317.38;ACC0189;completed;Y
H106172;11/11/2023;Glasgow Depot;Scotland;CM-350;Concrete Mixer 350L;1;33.5;ACC0083;completed;Y
H106173;23/12/2024;Cardiff Depot;Wales;SC-22;Scissor Lift 22ft;-1;83.07;ACC0116;cancelled;Y
H106174;21/05/2024;Glasgow Depot;Scotland;CM-350;Concrete Mixer 350L;3;31.66;ACC0227;completed;N
H106175;17/01/2024;Leeds Depot;North;EX-140;13T Excavator;5;300.69;ACC0252;completed;Y
H106176;23/07/2024;Cardiff Depot;Wales;DM-09;Diesel Dumper 9T;1;135.7;ACC0202;completed;Y
H106177;20/12/2024;Leeds Depot;North;PB-15;Powered Barrow;3;41.9;ACC0219;completed;Y
H106178;30/10/2023;Cardiff Depot;Wales;EX-140;13T Excavator;2;296.64;ACC0223;completed;Y
H106179;28/08/2023;Bristol Depot;South West;CM-350;Concrete Mixer 350L;2;31.33;ACC0212;open;Y
H106180;11/04/2023;Cardiff Depot;Wales;CM-350;Concrete Mixer 350L;1;32.76;ACC0101;completed;Y
H106181;26/09/2023;Glasgow Depot;Scotland;CM-350;Concrete Mixer 350L;1;34.87;ACC0161;completed;Y
H106182;02/03/2024;Glasgow Depot;Scotland;DM-09;Diesel Dumper 9T;2;141.95;ACC0144;open;Y
H106183;14/11/2024;Leeds Depot;North;TL-01;Telehandler 4m;2;181.09;;completed;N
H106184;19/02/2024;Bristol Depot;South West;WP-02;Water Pump 2in;7;20.96;ACC0042;completed;Y
H106185;17/06/2024;Leeds Depot;North;HD-BRK;Hydraulic Breaker;7;58.92;ACC0157;completed;Y
H106186;24/12/2023;Cardiff Depot;Wales;HD-BRK;Hydraulic Breaker;1;65.98;ACC0089;completed;Y
H106187;06/10/2024;Glasgow Depot;Scotland;WP-02;Water Pump 2in;5;23.04;ACC0228;completed;Y
H106188;19/09/2024;Glasgow Depot;Scotland;DM-09;Diesel Dumper 9T;-14;144.2;ACC0173;cancelled;Y
H106189;15/02/2024;Cardiff Depot;Wales;DM-09;Diesel Dumper 9T;2;146.04;ACC0134;completed;N
H106190;12/08/2024;Norwich Depot;East;SC-22;Scissor Lift 22ft;3;75.86;ACC0125;completed;Y
H106191;08/04/2023;Cardiff Depot;Wales;CM-350;Concrete Mixer 350L;2;32.87;ACC0012;open;Y
H106192;04/09/2024;Leeds Depot;North;WP-02;Water Pump 2in;1;20.84;;completed;Y
H106193;08/03/2024;Cardiff Depot;Wales;PB-15;Powered Barrow;3;39.42;ACC0122;completed;Y
H106194;13/06/2024;Norwich Depot;East;PB-15;Powered Barrow;-2;42.33;ACC0041;cancelled;Y
H106195;29/12/2024;Bristol Depot;South West;SF-TOW;Site Tower Light;2;51.92;ACC0106;completed;Y
H106196;19/03/2024;Bristol Depot;South West;HD-BRK;Hydraulic Breaker;1;60.84;ACC0096;completed;Y
H106197;20/04/2024;Leeds Depot;North;WP-02;Water Pump 2in;1;21.14;ACC0215;completed;Y
H106198;22/07/2024;Glasgow Depot;Scotland;SF-TOW;Site Tower Light;14;56.15;ACC0114;completed;Y
H106199;24/12/2024;Leeds Depot;North;SC-22;Scissor Lift 22ft;1;84.73;ACC0228;completed;Y
H106200;18/10/2024;Norwich Depot;East;CM-350;Concrete Mixer 350L;3;32.76;ACC0201;completed;Y
H106201;25/08/2024;Leeds Depot;North;PB-15;Powered Barrow;3;38.36;ACC0106;completed;Y
H106202;10/09/2023;Cardiff Depot;Wales;CM-350;Concrete Mixer 350L;2;34.01;ACC0048;completed;Y
H106203;20/03/2024;Leeds Depot;North;SF-TOW;Site Tower Light;-5;49.8;ACC0047;cancelled;N
H106204;06/08/2024;Cardiff Depot;Wales;SF-TOW;Site Tower Light;5;53.79;ACC0018;completed;N
H106205;11/08/2024;Norwich Depot;East;SF-TOW;Site Tower Light;-2;51.7;;cancelled;N
H106206;14/06/2024;Cardiff Depot;Wales;WP-02;Water Pump 2in;14;24.22;ACC0089;completed;N
H106207;02/12/2024;Leeds Depot;North;DM-09;Diesel Dumper 9T;3;144.79;ACC0238;open;Y
H106208;22/11/2024;Leeds Depot;North;DM-09;Diesel Dumper 9T;2;143.8;;completed;Y
H106209;22/12/2023;Bristol Depot;South West;GEN-60;60kVA Generator;5;90.72;ACC0103;completed;Y
H106210;17/04/2024;Cardiff Depot;Wales;SF-TOW;Site Tower Light;5;52.45;ACC0219;completed;Y
H106211;01/02/2024;Norwich Depot;East;CM-350;Concrete Mixer 350L;1;32.15;ACC0237;completed;Y
H106212;02/06/2023;Glasgow Depot;Scotland;DM-09;Diesel Dumper 9T;1;155.58;ACC0236;completed;Y
H106213;30/03/2024;Bristol Depot;South West;CM-350;Concrete Mixer 350L;1;32.99;ACC0158;completed;N
H106214;28/12/2024;Norwich Depot;East;HD-BRK;Hydraulic Breaker;1;68.0;;open;Y
H106215;10/04/2023;Norwich Depot;East;WP-02;Water Pump 2in;7;23.12;;completed;Y
H106216;03/02/2024;Glasgow Depot;Scotland;SF-TOW;Site Tower Light;14;47.95;ACC0168;open;Y
H106217;11/01/2024;Glasgow Depot;Scotland;GEN-60;60kVA Generator;3;100.65;ACC0010;completed;Y
H106218;16/07/2024;Cardiff Depot;Wales;WP-02;Water Pump 2in;3;24.29;ACC0076;completed;Y
H106219;11/10/2024;Cardiff Depot;Wales;DM-09;Diesel Dumper 9T;-1;136.94;ACC0256;cancelled;Y
H106220;02/11/2023;Bristol Depot;South West;CM-350;Concrete Mixer 350L;1;36.34;ACC0008;completed;N
H106221;26/05/2023;Leeds Depot;North;CM-350;Concrete Mixer 350L;1;32.93;ACC0113;completed;Y
H106222;24/07/2024;Glasgow Depot;Scotland;CM-350;Concrete Mixer 350L;5;34.53;ACC0189;completed;N
H106223;25/01/2024;Cardiff Depot;Wales;SC-22;Scissor Lift 22ft;1;75.34;ACC0247;completed;Y
H106224;01/11/2023;Cardiff Depot;Wales;SF-TOW;Site Tower Light;2;54.17;ACC0202;completed;Y
H106225;16/04/2024;Leeds Depot;North;GEN-60;60kVA Generator;5;102.4;ACC0134;completed;Y
H106226;18/11/2023;Norwich Depot;East;GEN-60;60kVA Generator;5;90.04;ACC0143;completed;Y
H106227;15/04/2023;Cardiff Depot;Wales;WP-02;Water Pump 2in;-7;22.34;;cancelled;N
H106228;24/02/2024;Leeds Depot;North;CM-350;Concrete Mixer 350L;-7;33.35;ACC0229;cancelled;Y
H106229;13/11/2023;Bristol Depot;South West;HD-BRK;Hydraulic Breaker;1;68.59;ACC0202;completed;Y
H106230;14/11/2023;Cardiff Depot;Wales;SC-22;Scissor Lift 22ft;2;79.95;ACC0005;completed;Y
H106231;28/08/2023;Cardiff Depot;Wales;WP-02;Water Pump 2in;2;22.49;ACC0092;completed;Y
H106232;04/08/2023;Leeds Depot;North;TL-01;Telehandler 4m;1;181.06;ACC0139;completed;Y
H106233;25/09/2023;Bristol Depot;South West;HD-BRK;Hydraulic Breaker;2;68.33;ACC0166;completed;Y
H106234;13/12/2023;Leeds Depot;North;SC-22;Scissor Lift 22ft;1;80.1;ACC0254;completed;Y
H106235;03/07/2023;Leeds Depot;North;SC-22;Scissor Lift 22ft;1;81.61;ACC0095;completed;Y
H106236;17/10/2023;Norwich Depot;East;PB-15;Powered Barrow;3;44.1;ACC0049;completed;Y
H106237;31/03/2024;Bristol Depot;South West;SF-TOW;Site Tower Light;1;51.75;ACC0028;completed;N
H106238;07/12/2024;Bristol Depot;South West;SC-22;Scissor Lift 22ft;14;76.17;ACC0004;completed;Y
H106239;27/06/2024;Cardiff Depot;Wales;CM-350;Concrete Mixer 350L;1;33.26;;completed;Y
H106240;08/09/2023;Norwich Depot;East;TL-01;Telehandler 4m;5;196.58;ACC0201;completed;Y
H106241;01/04/2024;Norwich Depot;East;SC-22;Scissor Lift 22ft;3;77.31;ACC0120;completed;Y
H106242;21/04/2023;Bristol Depot;South West;DM-09;Diesel Dumper 9T;3;152.79;ACC0082;completed;Y
H106243;24/05/2024;Glasgow Depot;Scotland;SC-22;Scissor Lift 22ft;-1;80.11;ACC0005;cancelled;Y
H106244;14/11/2024;Leeds Depot;North;GEN-60;60kVA Generator;14;91.63;ACC0025;completed;Y
H106245;07/12/2024;Glasgow Depot;Scotland;WP-02;Water Pump 2in;1;21.22;ACC0154;completed;N
H106246;17/01/2024;Cardiff Depot;Wales;WP-02;Water Pump 2in;1;21.8;ACC0123;completed;Y
H106247;21/06/2023;Bristol Depot;South West;TL-01;Telehandler 4m;28;198.67;ACC0048;completed;Y
H106248;10/09/2023;Glasgow Depot;Scotland;SF-TOW;Site Tower Light;3;51.7;ACC0188;completed;Y
H106249;09/08/2024;Leeds Depot;North;TL-01;Telehandler 4m;1;195.68;ACC0164;completed;Y
H106250;25/05/2023;Glasgow Depot;Scotland;HD-BRK;Hydraulic Breaker;3;67.24;ACC0030;completed;Y
H106251;24/01/2024;Bristol Depot;South West;SC-22;Scissor Lift 22ft;1;72.76;ACC0194;completed;N
H106252;30/06/2024;Norwich Depot;East;TL-01;Telehandler 4m;1;183.4;ACC0076;completed;Y
H106253;26/09/2023;Bristol Depot;South West;PB-15;Powered Barrow;5;41.64;ACC0054;completed;Y
H106254;18/02/2024;Bristol Depot;South West;TL-01;Telehandler 4m;5;199.9;ACC0017;completed;Y
H106255;28/04/2023;Cardiff Depot;Wales;SC-22;Scissor Lift 22ft;5;77.39;ACC0017;completed;N
H106256;19/12/2023;Cardiff Depot;Wales;SF-TOW;Site Tower Light;2;49.15;ACC0192;completed;Y
H106257;31/07/2023;Leeds Depot;North;SC-22;Scissor Lift 22ft;5;75.08;ACC0032;completed;Y
H106258;19/09/2023;Glasgow Depot;Scotland;WP-02;Water Pump 2in;5;23.82;;completed;Y
H106259;25/10/2024;Leeds Depot;North;WP-02;Water Pump 2in;1;22.69;ACC0134;completed;Y
H106260;22/04/2023;Leeds Depot;North;TL-01;Telehandler 4m;2;195.41;ACC0049;completed;Y
H106261;31/08/2024;Norwich Depot;East;EX-140;13T Excavator;1;329.23;ACC0131;completed;Y
H106262;21/07/2023;Bristol Depot;South West;TL-01;Telehandler 4m;1;183.2;ACC0135;completed;N
H106263;30/11/2024;Cardiff Depot;Wales;GEN-60;60kVA Generator;5;100.37;ACC0105;completed;Y
H106264;01/05/2024;Bristol Depot;South West;SC-22;Scissor Lift 22ft;-5;82.35;;cancelled;Y
H106265;15/12/2023;Cardiff Depot;Wales;CM-350;Concrete Mixer 350L;2;35.94;ACC0096;completed;Y
H106266;06/09/2023;Glasgow Depot;Scotland;WP-02;Water Pump 2in;2;24.07;ACC0243;completed;Y
H106267;20/09/2023;Norwich Depot;East;DM-09;Diesel Dumper 9T;7;151.21;ACC0169;completed;Y
H106268;30/10/2024;Norwich Depot;East;SC-22;Scissor Lift 22ft;2;74.59;ACC0123;completed;Y
H106269;09/04/2023;Cardiff Depot;Wales;GEN-60;60kVA Generator;3;100.23;ACC0195;completed;Y
H106270;24/05/2023;Bristol Depot;South West;HD-BRK;Hydraulic Breaker;5;62.93;;completed;Y
H106271;07/01/2024;Leeds Depot;North;SF-TOW;Site Tower Light;-28;51.64;ACC0100;cancelled;Y
H106272;04/12/2024;Norwich Depot;East;SF-TOW;Site Tower Light;3;55.32;ACC0077;completed;Y
H106273;03/07/2024;Bristol Depot;South West;PB-15;Powered Barrow;3;38.67;ACC0171;completed;Y
H106274;25/09/2023;Norwich Depot;East;WP-02;Water Pump 2in;3;22.8;;open;Y
H106275;01/12/2023;Bristol Depot;South West;SC-22;Scissor Lift 22ft;-2;79.1;ACC0013;cancelled;Y
H106276;12/08/2024;Bristol Depot;South West;WP-02;Water Pump 2in;1;23.46;ACC0014;completed;Y
H106277;29/04/2023;Cardiff Depot;Wales;GEN-60;60kVA Generator;1;93.36;ACC0167;completed;Y
H106278;22/10/2024;Glasgow Depot;Scotland;SF-TOW;Site Tower Light;28;53.45;ACC0189;completed;N
H106279;02/10/2024;Norwich Depot;East;CM-350;Concrete Mixer 350L;1;34.33;;completed;Y
H106280;22/07/2023;Bristol Depot;South West;WP-02;Water Pump 2in;2;22.09;ACC0011;completed;Y
H106281;04/10/2024;Glasgow Depot;Scotland;DM-09;Diesel Dumper 9T;-1;154.93;ACC0111;cancelled;Y
H106282;30/06/2024;Cardiff Depot;Wales;TL-01;Telehandler 4m;1;180.28;ACC0105;completed;Y
H106283;02/09/2023;Glasgow Depot;Scotland;TL-01;Telehandler 4m;14;194.55;ACC0112;completed;Y
H106284;01/08/2024;Cardiff Depot;Wales;SC-22;Scissor Lift 22ft;2;81.24;ACC0220;completed;Y
H106285;27/04/2024;Leeds Depot;North;SF-TOW;Site Tower Light;3;50.62;ACC0027;completed;Y
H106286;21/09/2023;Norwich Depot;East;HD-BRK;Hydraulic Breaker;1;66.66;ACC0092;completed;Y
H106287;10/07/2023;Bristol Depot;South West;WP-02;Water Pump 2in;14;23.98;ACC0008;completed;Y
H106288;02/10/2024;Norwich Depot;East;SF-TOW;Site Tower Light;2;54.19;ACC0145;completed;Y
H106289;20/09/2024;Leeds Depot;North;DM-09;Diesel Dumper 9T;2;147.35;ACC0116;completed;Y
H106290;15/07/2024;Glasgow Depot;Scotland;DM-09;Diesel Dumper 9T;3;141.49;ACC0177;completed;Y
H106291;07/03/2024;Bristol Depot;South West;CM-350;Concrete Mixer 350L;2;33.76;ACC0225;completed;N
H106292;10/09/2024;Leeds Depot;North;CM-350;Concrete Mixer 350L;7;35.07;ACC0106;completed;N
H106293;05/02/2024;Norwich Depot;East;CM-350;Concrete Mixer 350L;1;31.92;;completed;Y
H106294;29/05/2023;Glasgow Depot;Scotland;DM-09;Diesel Dumper 9T;2;140.54;ACC0056;open;Y
H106295;02/02/2024;Norwich Depot;East;SC-22;Scissor Lift 22ft;2;79.97;ACC0122;completed;N
H106296;29/11/2024;Glasgow Depot;Scotland;WP-02;Water Pump 2in;1;23.83;ACC0220;completed;Y
H106297;09/09/2023;Norwich Depot;East;SC-22;Scissor Lift 22ft;2;73.8;;completed;Y
H106298;09/05/2024;Cardiff Depot;Wales;SC-22;Scissor Lift 22ft;2;72.78;ACC0019;completed;Y
H106299;08/01/2024;Glasgow Depot;Scotland;PB-15;Powered Barrow;5;38.27;ACC0061;completed;Y
H106300;08/04/2023;Norwich Depot;East;DM-09;Diesel Dumper 9T;2;154.67;ACC0047;completed;Y
H106301;14/02/2024;Leeds Depot;North;DM-09;Diesel Dumper 9T;1;139.17;ACC0256;completed;Y
H106302;25/05/2023;Norwich Depot;East;GEN-60;60kVA Generator;1;92.29;ACC0140;completed;Y
H106303;25/07/2024;Leeds Depot;North;PB-15;Powered Barrow;3;37.96;ACC0195;completed;Y
H106304;16/09/2024;Norwich Depot;East;PB-15;Powered Barrow;5;39.91;ACC0255;completed;Y
H106305;08/06/2024;Leeds Depot;North;SC-22;Scissor Lift 22ft;1;79.06;ACC0054;completed;Y
H106306;01/03/2024;Norwich Depot;East;CM-350;Concrete Mixer 350L;1;31.4;;completed;Y
H106307;08/08/2023;Bristol Depot;South West;SC-22;Scissor Lift 22ft;5;77.06;ACC0138;completed;Y
H106308;06/05/2023;Norwich Depot;East;CM-350;Concrete Mixer 350L;3;36.58;ACC0247;completed;Y
H106309;25/09/2023;Cardiff Depot;Wales;EX-140;13T Excavator;-28;299.22;ACC0020;cancelled;Y
H106310;08/06/2024;Norwich Depot;East;GEN-60;60kVA Generator;2;91.2;;completed;Y
H106311;10/04/2024;Leeds Depot;North;CM-350;Concrete Mixer 350L;-3;34.29;ACC0059;cancelled;N
H106312;04/07/2023;Bristol Depot;South West;TL-01;Telehandler 4m;1;189.7;ACC0123;completed;Y
H106313;13/09/2024;Leeds Depot;North;SF-TOW;Site Tower Light;1;53.12;ACC0201;completed;Y
H106314;07/10/2023;Norwich Depot;East;DM-09;Diesel Dumper 9T;-3;134.49;ACC0198;cancelled;N
H106315;22/08/2023;Norwich Depot;East;GEN-60;60kVA Generator;1;88.36;;completed;Y
H106316;03/10/2024;Norwich Depot;East;WP-02;Water Pump 2in;1;21.06;ACC0234;completed;N
H106317;29/10/2023;Cardiff Depot;Wales;TL-01;Telehandler 4m;1;178.07;;completed;Y
H106318;05/06/2024;Norwich Depot;East;SC-22;Scissor Lift 22ft;3;78.45;ACC0161;completed;Y
H106319;05/08/2023;Cardiff Depot;Wales;PB-15;Powered Barrow;5;42.89;ACC0012;completed;Y
H106320;12/07/2024;Cardiff Depot;Wales;HD-BRK;Hydraulic Breaker;1;60.17;ACC0105;open;Y
H106321;25/05/2024;Norwich Depot;East;DM-09;Diesel Dumper 9T;2;147.69;;completed;Y
H106322;19/05/2024;Cardiff Depot;Wales;DM-09;Diesel Dumper 9T;5;141.15;ACC0042;completed;Y
H106323;05/02/2024;Bristol Depot;South West;HD-BRK;Hydraulic Breaker;2;65.2;ACC0007;completed;Y
H106324;12/06/2023;Norwich Depot;East;WP-02;Water Pump 2in;-1;22.34;ACC0198;cancelled;Y
H106325;05/11/2023;Bristol Depot;South West;SF-TOW;Site Tower Light;14;56.05;ACC0120;completed;Y
H106326;14/08/2024;Norwich Depot;East;HD-BRK;Hydraulic Breaker;2;61.92;ACC0054;completed;Y
H106327;13/06/2024;Glasgow Depot;Scotland;SC-22;Scissor Lift 22ft;2;72.64;ACC0258;completed;Y
H106328;04/08/2024;Leeds Depot;North;WP-02;Water Pump 2in;-3;22.16;ACC0015;cancelled;Y
H106329;04/09/2024;Norwich Depot;East;SC-22;Scissor Lift 22ft;14;74.94;ACC0185;completed;Y
H106330;17/01/2024;Glasgow Depot;Scotland;SC-22;Scissor Lift 22ft;14;80.75;ACC0060;completed;N
H106331;12/04/2024;Glasgow Depot;Scotland;CM-350;Concrete Mixer 350L;14;34.27;ACC0015;completed;Y
H106332;10/12/2023;Cardiff Depot;Wales;SF-TOW;Site Tower Light;3;54.63;ACC0247;completed;Y
H106333;02/10/2024;Leeds Depot;North;SF-TOW;Site Tower Light;5;49.23;ACC0029;completed;Y
H106334;08/04/2024;Leeds Depot;North;CM-350;Concrete Mixer 350L;2;31.62;ACC0090;completed;Y
H106335;23/03/2024;Bristol Depot;South West;GEN-60;60kVA Generator;14;93.18;ACC0201;completed;Y
H106336;02/09/2023;Cardiff Depot;Wales;DM-09;Diesel Dumper 9T;28;152.69;ACC0095;completed;Y
H106337;20/06/2023;Bristol Depot;South West;SF-TOW;Site Tower Light;1;52.62;ACC0162;completed;N
H106338;02/06/2023;Bristol Depot;South West;SF-TOW;Site Tower Light;5;52.47;ACC0031;completed;N
H106339;04/06/2023;Leeds Depot;North;GEN-60;60kVA Generator;2;94.74;ACC0012;completed;Y
H106340;06/06/2023;Leeds Depot;North;SF-TOW;Site Tower Light;1;55.88;ACC0225;completed;Y
H106341;20/09/2023;Norwich Depot;East;SC-22;Scissor Lift 22ft;14;82.86;ACC0236;completed;Y
H106342;02/10/2023;Glasgow Depot;Scotland;EX-140;13T Excavator;1;315.26;ACC0220;completed;Y
H106343;23/08/2023;Bristol Depot;South West;PB-15;Powered Barrow;3;38.73;ACC0201;completed;Y
H106344;11/05/2023;Glasgow Depot;Scotland;TL-01;Telehandler 4m;1;201.51;ACC0070;completed;Y
H106345;30/06/2024;Norwich Depot;East;TL-01;Telehandler 4m;1;175.32;ACC0213;completed;Y
H106346;18/09/2023;Norwich Depot;East;WP-02;Water Pump 2in;7;21.49;ACC0253;completed;Y
H106347;04/11/2023;Glasgow Depot;Scotland;HD-BRK;Hydraulic Breaker;14;60.24;ACC0182;completed;Y
H106348;07/10/2024;Bristol Depot;South West;SC-22;Scissor Lift 22ft;2;72.78;ACC0040;completed;Y
H106349;09/05/2023;Leeds Depot;North;CM-350;Concrete Mixer 350L;14;36.47;ACC0112;completed;Y
H106350;15/02/2024;Leeds Depot;North;DM-09;Diesel Dumper 9T;1;139.05;ACC0002;completed;Y
H106351;24/09/2024;Cardiff Depot;Wales;CM-350;Concrete Mixer 350L;7;33.74;ACC0132;completed;Y
H106352;13/12/2023;Glasgow Depot;Scotland;WP-02;Water Pump 2in;1;23.69;ACC0173;completed;Y
H106353;20/02/2024;Glasgow Depot;Scotland;DM-09;Diesel Dumper 9T;1;144.06;;completed;N
H106354;24/10/2024;Leeds Depot;North;SF-TOW;Site Tower Light;1;55.82;ACC0138;completed;Y
H106355;28/04/2024;Bristol Depot;South West;SC-22;Scissor Lift 22ft;-5;72.79;ACC0194;cancelled;Y
H106356;07/09/2024;Cardiff Depot;Wales;HD-BRK;Hydraulic Breaker;1;61.95;ACC0183;completed;Y
H106357;09/06/2024;Bristol Depot;South West;SC-22;Scissor Lift 22ft;28;80.28;ACC0217;completed;Y
H106358;04/04/2023;Cardiff Depot;Wales;GEN-60;60kVA Generator;1;94.09;ACC0197;completed;Y
H106359;31/05/2023;Glasgow Depot;Scotland;HD-BRK;Hydraulic Breaker;7;67.69;ACC0222;completed;N
H106360;17/11/2023;Glasgow Depot;Scotland;GEN-60;60kVA Generator;3;89.06;ACC0124;completed;Y
H106361;12/07/2024;Cardiff Depot;Wales;CM-350;Concrete Mixer 350L;3;34.0;ACC0254;completed;Y
H106362;25/06/2023;Glasgow Depot;Scotland;CM-350;Concrete Mixer 350L;-14;34.86;ACC0066;cancelled;Y
H106363;31/05/2024;Bristol Depot;South West;PB-15;Powered Barrow;2;43.01;ACC0054;open;Y
H106364;19/09/2024;Leeds Depot;North;SC-22;Scissor Lift 22ft;3;78.14;ACC0020;completed;Y
H106365;22/05/2023;Glasgow Depot;Scotland;CM-350;Concrete Mixer 350L;14;35.79;ACC0214;completed;Y
H106366;05/11/2023;Glasgow Depot;Scotland;GEN-60;60kVA Generator;-1;96.6;ACC0088;cancelled;Y
H106367;13/02/2024;Cardiff Depot;Wales;HD-BRK;Hydraulic Breaker;3;61.19;ACC0062;completed;Y
H106368;09/06/2023;Cardiff Depot;Wales;CM-350;Concrete Mixer 350L;1;36.52;ACC0105;completed;Y
H106369;07/11/2024;Glasgow Depot;Scotland;PB-15;Powered Barrow;5;38.51;ACC0030;completed;Y
H106370;27/11/2023;Bristol Depot;South West;SC-22;Scissor Lift 22ft;3;77.16;ACC0170;completed;Y
H106371;16/02/2024;Bristol Depot;South West;EX-140;13T Excavator;1;313.08;;completed;Y
H106372;03/04/2023;Cardiff Depot;Wales;SC-22;Scissor Lift 22ft;5;78.74;ACC0253;completed;Y
H106373;13/11/2023;Norwich Depot;East;EX-140;13T Excavator;1;322.1;ACC0093;completed;Y
H106374;16/07/2023;Leeds Depot;North;SF-TOW;Site Tower Light;2;50.71;ACC0135;completed;Y
H106375;01/10/2024;Leeds Depot;North;WP-02;Water Pump 2in;28;22.1;ACC0082;completed;Y
H106376;14/04/2024;Leeds Depot;North;WP-02;Water Pump 2in;3;22.53;;completed;Y
H106377;12/06/2024;Cardiff Depot;Wales;GEN-60;60kVA Generator;2;88.73;;completed;N
H106378;10/12/2024;Leeds Depot;North;SF-TOW;Site Tower Light;2;53.33;ACC0090;completed;Y
H106379;25/07/2024;Bristol Depot;South West;DM-09;Diesel Dumper 9T;5;145.77;ACC0154;completed;Y
H106380;08/03/2024;Leeds Depot;North;PB-15;Powered Barrow;2;41.16;ACC0155;completed;Y
H106381;10/06/2023;Norwich Depot;East;EX-140;13T Excavator;-1;299.29;ACC0064;cancelled;Y
H106382;13/01/2024;Leeds Depot;North;WP-02;Water Pump 2in;5;20.77;ACC0003;completed;Y
H106383;03/10/2024;Glasgow Depot;Scotland;CM-350;Concrete Mixer 350L;1;35.62;ACC0195;open;N
H106384;30/10/2023;Glasgow Depot;Scotland;SC-22;Scissor Lift 22ft;1;77.16;ACC0208;completed;Y
H106385;10/11/2023;Glasgow Depot;Scotland;SC-22;Scissor Lift 22ft;-2;77.01;ACC0244;cancelled;Y
H106386;08/04/2023;Leeds Depot;North;DM-09;Diesel Dumper 9T;2;153.31;ACC0204;completed;Y
H106387;02/12/2024;Cardiff Depot;Wales;SC-22;Scissor Lift 22ft;7;72.72;ACC0135;open;Y
H106388;08/09/2023;Norwich Depot;East;EX-140;13T Excavator;7;310.71;ACC0044;open;Y
H106389;24/10/2024;Glasgow Depot;Scotland;GEN-60;60kVA Generator;1;98.88;ACC0160;completed;Y
H106390;27/11/2023;Cardiff Depot;Wales;SC-22;Scissor Lift 22ft;7;83.27;;completed;Y
H106391;09/02/2024;Norwich Depot;East;TL-01;Telehandler 4m;5;201.34;ACC0032;completed;Y
H106392;15/10/2024;Bristol Depot;South West;WP-02;Water Pump 2in;1;22.08;ACC0204;completed;Y
H106393;24/01/2024;Norwich Depot;East;GEN-60;60kVA Generator;-1;91.47;ACC0234;cancelled;Y
H106394;15/03/2024;Leeds Depot;North;TL-01;Telehandler 4m;3;195.46;ACC0239;completed;N
H106395;05/08/2024;Leeds Depot;North;HD-BRK;Hydraulic Breaker;2;66.54;ACC0025;completed;Y
H106396;19/06/2024;Glasgow Depot;Scotland;DM-09;Diesel Dumper 9T;14;152.94;ACC0208;completed;Y
H106397;13/05/2023;Cardiff Depot;Wales;PB-15;Powered Barrow;5;42.22;ACC0002;completed;Y
H106398;15/06/2024;Bristol Depot;South West;CM-350;Concrete Mixer 350L;3;36.03;ACC0149;completed;N
H106399;05/05/2023;Glasgow Depot;Scotland;PB-15;Powered Barrow;14;43.34;ACC0129;completed;Y
H106400;06/07/2024;Glasgow Depot;Scotland;SF-TOW;Site Tower Light;2;51.53;ACC0017;completed;N
H106401;10/11/2024;Glasgow Depot;Scotland;EX-140;13T Excavator;14;322.28;;completed;Y
H106402;10/10/2024;Leeds Depot;North;CM-350;Concrete Mixer 350L;5;32.56;ACC0232;completed;Y
H106403;27/05/2023;Cardiff Depot;Wales;SC-22;Scissor Lift 22ft;3;79.21;ACC0127;open;Y
H106404;11/09/2024;Norwich Depot;East;SC-22;Scissor Lift 22ft;1;72.42;ACC0136;completed;Y
H106405;16/08/2024;Norwich Depot;East;DM-09;Diesel Dumper 9T;14;142.1;ACC0110;completed;N
H106406;18/09/2023;Cardiff Depot;Wales;WP-02;Water Pump 2in;-2;22.29;ACC0132;cancelled;Y
H106407;22/05/2024;Glasgow Depot;Scotland;GEN-60;60kVA Generator;5;91.92;ACC0205;completed;Y
H106408;08/12/2024;Norwich Depot;East;PB-15;Powered Barrow;2;42.92;ACC0144;completed;N
H106409;05/09/2023;Cardiff Depot;Wales;HD-BRK;Hydraulic Breaker;1;64.71;ACC0179;completed;N
H106410;20/05/2023;Cardiff Depot;Wales;CM-350;Concrete Mixer 350L;5;35.57;ACC0132;completed;Y
H106411;30/12/2023;Cardiff Depot;Wales;CM-350;Concrete Mixer 350L;3;36.59;ACC0235;completed;Y
H106412;30/10/2024;Norwich Depot;East;WP-02;Water Pump 2in;7;21.08;ACC0185;completed;Y
H106413;02/08/2024;Bristol Depot;South West;TL-01;Telehandler 4m;5;201.86;ACC0150;completed;Y
H106414;12/09/2024;Bristol Depot;South West;DM-09;Diesel Dumper 9T;1;137.53;ACC0021;completed;Y
H106415;27/12/2024;Bristol Depot;South West;PB-15;Powered Barrow;1;41.88;ACC0227;completed;N
H106416;29/06/2024;Leeds Depot;North;WP-02;Water Pump 2in;28;21.49;ACC0076;completed;Y
H106417;24/12/2024;Bristol Depot;South West;CM-350;Concrete Mixer 350L;2;32.61;ACC0126;completed;Y
H106418;05/06/2024;Norwich Depot;East;SF-TOW;Site Tower Light;14;52.53;;completed;N
H106419;22/07/2024;Bristol Depot;South West;CM-350;Concrete Mixer 350L;3;33.68;ACC0140;completed;Y
H106420;09/10/2023;Norwich Depot;East;GEN-60;60kVA Generator;2;88.52;ACC0231;completed;Y
H106421;14/08/2023;Leeds Depot;North;SC-22;Scissor Lift 22ft;-5;75.25;ACC0228;cancelled;N
H106422;20/02/2024;Norwich Depot;East;SC-22;Scissor Lift 22ft;3;77.19;ACC0146;completed;Y
H106423;28/06/2024;Cardiff Depot;Wales;SF-TOW;Site Tower Light;5;52.25;ACC0067;completed;Y
H106424;08/04/2023;Glasgow Depot;Scotland;HD-BRK;Hydraulic Breaker;5;67.45;ACC0138;completed;Y
H106425;15/03/2024;Bristol Depot;South West;SC-22;Scissor Lift 22ft;5;80.24;ACC0020;completed;Y
H106426;24/09/2024;Leeds Depot;North;SF-TOW;Site Tower Light;1;55.13;ACC0157;completed;Y
H106427;17/07/2023;Glasgow Depot;Scotland;PB-15;Powered Barrow;5;39.81;ACC0258;completed;Y
H106428;09/09/2023;Bristol Depot;South West;WP-02;Water Pump 2in;1;21.0;ACC0139;completed;N
H106429;27/06/2024;Cardiff Depot;Wales;GEN-60;60kVA Generator;-2;90.17;ACC0014;cancelled;Y
H106430;14/04/2024;Bristol Depot;South West;EX-140;13T Excavator;2;298.42;ACC0070;completed;Y
H106431;08/12/2024;Glasgow Depot;Scotland;PB-15;Powered Barrow;7;38.27;ACC0230;completed;Y
H106432;23/04/2024;Glasgow Depot;Scotland;TL-01;Telehandler 4m;2;177.98;ACC0052;completed;N
H106433;07/04/2024;Norwich Depot;East;SF-TOW;Site Tower Light;1;49.14;ACC0032;completed;Y
H106434;07/08/2024;Leeds Depot;North;SF-TOW;Site Tower Light;1;48.73;ACC0200;completed;Y
H106435;21/01/2024;Norwich Depot;East;EX-140;13T Excavator;2;311.95;ACC0172;completed;N
H106436;24/06/2023;Leeds Depot;North;GEN-60;60kVA Generator;2;90.29;ACC0201;completed;Y
H106437;30/12/2023;Bristol Depot;South West;WP-02;Water Pump 2in;5;22.94;ACC0180;completed;Y
H106438;11/12/2023;Bristol Depot;South West;CM-350;Concrete Mixer 350L;3;31.87;ACC0185;completed;Y
H106439;23/12/2024;Cardiff Depot;Wales;HD-BRK;Hydraulic Breaker;14;67.49;ACC0067;completed;Y
H106440;10/08/2024;Glasgow Depot;Scotland;SC-22;Scissor Lift 22ft;1;73.45;ACC0104;completed;Y
H106441;18/10/2024;Cardiff Depot;Wales;WP-02;Water Pump 2in;14;24.15;ACC0235;completed;Y
H106442;20/12/2024;Leeds Depot;North;DM-09;Diesel Dumper 9T;2;150.27;ACC0041;completed;Y
H106443;15/06/2023;Glasgow Depot;Scotland;PB-15;Powered Barrow;-1;43.92;ACC0258;cancelled;Y
H106444;21/02/2024;Glasgow Depot;Scotland;HD-BRK;Hydraulic Breaker;2;61.43;ACC0110;completed;Y
H106445;11/05/2024;Bristol Depot;South West;PB-15;Powered Barrow;2;39.04;ACC0132;completed;Y
H106446;04/08/2023;Bristol Depot;South West;TL-01;Telehandler 4m;5;179.59;ACC0170;completed;Y
H106447;06/05/2023;Norwich Depot;East;HD-BRK;Hydraulic Breaker;5;60.44;ACC0169;completed;Y
H106448;24/04/2023;Glasgow Depot;Scotland;SC-22;Scissor Lift 22ft;1;81.92;ACC0178;completed;Y
H106449;06/11/2023;Glasgow Depot;Scotland;SC-22;Scissor Lift 22ft;1;77.09;;completed;Y
H106450;25/10/2023;Norwich Depot;East;WP-02;Water Pump 2in;3;22.97;ACC0082;completed;Y
H106451;31/03/2024;Norwich Depot;East;WP-02;Water Pump 2in;1;22.81;ACC0045;completed;Y
H106452;03/08/2024;Bristol Depot;South West;SC-22;Scissor Lift 22ft;-5;84.49;ACC0009;cancelled;Y
H106453;10/04/2024;Cardiff Depot;Wales;WP-02;Water Pump 2in;2;21.81;ACC0048;completed;Y
H106454;17/07/2023;Norwich Depot;East;PB-15;Powered Barrow;7;42.46;ACC0045;completed;N
H106455;11/06/2024;Cardiff Depot;Wales;CM-350;Concrete Mixer 350L;1;35.0;ACC0096;completed;Y
H106456;02/03/2024;Glasgow Depot;Scotland;WP-02;Water Pump 2in;5;21.05;ACC0002;completed;Y
H106457;10/09/2024;Leeds Depot;North;TL-01;Telehandler 4m;3;199.35;ACC0253;completed;Y
H106458;27/08/2023;Bristol Depot;South West;WP-02;Water Pump 2in;1;21.43;;completed;Y
H106459;13/06/2023;Bristol Depot;South West;TL-01;Telehandler 4m;1;193.04;ACC0251;completed;Y
H106460;24/03/2024;Leeds Depot;North;WP-02;Water Pump 2in;1;23.36;ACC0111;completed;Y
H106461;10/05/2024;Glasgow Depot;Scotland;DM-09;Diesel Dumper 9T;2;135.1;ACC0086;completed;Y
H106462;03/06/2024;Glasgow Depot;Scotland;GEN-60;60kVA Generator;2;96.41;ACC0165;completed;Y
H106463;07/12/2023;Cardiff Depot;Wales;TL-01;Telehandler 4m;14;196.67;ACC0189;completed;Y
H106464;07/04/2023;Leeds Depot;North;CM-350;Concrete Mixer 350L;1;31.79;ACC0206;completed;Y
H106465;14/03/2024;Leeds Depot;North;SF-TOW;Site Tower Light;2;55.17;ACC0062;completed;Y
H106466;29/01/2024;Glasgow Depot;Scotland;GEN-60;60kVA Generator;7;90.31;ACC0198;completed;Y
H106467;25/04/2024;Cardiff Depot;Wales;GEN-60;60kVA Generator;3;97.5;;completed;Y
H106468;14/10/2024;Leeds Depot;North;TL-01;Telehandler 4m;14;196.5;ACC0084;completed;N
H106469;16/01/2024;Glasgow Depot;Scotland;PB-15;Powered Barrow;1;42.69;ACC0203;completed;N
H106470;24/09/2024;Norwich Depot;East;GEN-60;60kVA Generator;1;100.4;ACC0115;completed;Y
H106471;27/09/2024;Glasgow Depot;Scotland;GEN-60;60kVA Generator;3;102.68;ACC0165;completed;Y
H106472;25/03/2024;Glasgow Depot;Scotland;SC-22;Scissor Lift 22ft;2;84.15;;completed;N
H106473;18/07/2023;Norwich Depot;East;CM-350;Concrete Mixer 350L;7;36.56;ACC0221;completed;Y
H106474;07/07/2023;Bristol Depot;South West;HD-BRK;Hydraulic Breaker;1;65.03;ACC0120;completed;Y
H106475;24/08/2024;Cardiff Depot;Wales;TL-01;Telehandler 4m;-5;195.27;ACC0086;cancelled;Y
H106476;15/05/2024;Glasgow Depot;Scotland;HD-BRK;Hydraulic Breaker;1;61.6;;completed;Y
H106477;18/07/2024;Norwich Depot;East;WP-02;Water Pump 2in;2;22.43;ACC0108;completed;Y
H106478;15/04/2024;Norwich Depot;East;CM-350;Concrete Mixer 350L;3;34.85;ACC0148;completed;Y
H106479;29/09/2023;Norwich Depot;East;EX-140;13T Excavator;2;296.66;ACC0254;completed;Y
H106480;27/07/2023;Norwich Depot;East;SC-22;Scissor Lift 22ft;2;75.93;ACC0199;completed;Y
H106481;14/03/2024;Norwich Depot;East;TL-01;Telehandler 4m;1;181.27;ACC0026;completed;Y
H106482;01/04/2023;Cardiff Depot;Wales;TL-01;Telehandler 4m;2;200.2;ACC0230;completed;N
H106483;21/06/2023;Cardiff Depot;Wales;CM-350;Concrete Mixer 350L;2;33.18;ACC0027;completed;Y
H106484;07/07/2023;Norwich Depot;East;PB-15;Powered Barrow;2;43.3;ACC0104;completed;N
H106485;29/08/2024;Glasgow Depot;Scotland;WP-02;Water Pump 2in;2;22.84;ACC0081;completed;Y
H106486;07/11/2024;Bristol Depot;South West;EX-140;13T Excavator;5;327.9;ACC0129;completed;Y
H106487;27/07/2023;Norwich Depot;East;WP-02;Water Pump 2in;2;23.07;;completed;N
H106488;26/08/2024;Bristol Depot;South West;TL-01;Telehandler 4m;2;193.55;ACC0027;completed;Y
H106489;04/05/2024;Cardiff Depot;Wales;PB-15;Powered Barrow;2;41.03;ACC0110;completed;Y
H106490;23/06/2024;Bristol Depot;South West;CM-350;Concrete Mixer 350L;3;35.86;ACC0245;completed;Y
H106491;15/05/2024;Bristol Depot;South West;GEN-60;60kVA Generator;2;91.97;ACC0119;completed;Y
H106492;26/10/2023;Glasgow Depot;Scotland;TL-01;Telehandler 4m;3;178.12;ACC0205;completed;Y
H106493;18/07/2024;Norwich Depot;East;GEN-60;60kVA Generator;2;94.97;ACC0141;completed;N
H106494;05/08/2023;Norwich Depot;East;SF-TOW;Site Tower Light;-2;55.93;;cancelled;N
H106495;07/01/2024;Cardiff Depot;Wales;WP-02;Water Pump 2in;1;23.52;;completed;Y
H106496;26/06/2024;Bristol Depot;South West;CM-350;Concrete Mixer 350L;2;32.58;ACC0140;open;Y
H106497;14/04/2023;Cardiff Depot;Wales;WP-02;Water Pump 2in;1;23.42;ACC0240;completed;Y
H106498;26/06/2023;Norwich Depot;East;PB-15;Powered Barrow;1;42.12;ACC0027;completed;Y
H106499;04/08/2023;Leeds Depot;North;SC-22;Scissor Lift 22ft;1;78.9;ACC0015;completed;Y
H106500;05/02/2024;Leeds Depot;North;GEN-60;60kVA Generator;1;90.88;;completed;Y
H106501;08/07/2023;Norwich Depot;East;GEN-60;60kVA Generator;3;98.05;ACC0061;completed;Y
H106502;04/09/2023;Leeds Depot;North;TL-01;Telehandler 4m;14;192.35;ACC0015;completed;N
H106503;25/07/2023;Norwich Depot;East;CM-350;Concrete Mixer 350L;14;36.09;ACC0100;completed;Y
H106504;09/05/2024;Leeds Depot;North;DM-09;Diesel Dumper 9T;5;136.08;ACC0170;completed;Y
H106505;14/01/2024;Cardiff Depot;Wales;CM-350;Concrete Mixer 350L;2;33.19;ACC0127;completed;Y
H106506;26/07/2023;Glasgow Depot;Scotland;TL-01;Telehandler 4m;3;200.34;ACC0096;completed;Y
H106507;18/07/2023;Glasgow Depot;Scotland;WP-02;Water Pump 2in;2;22.9;ACC0077;completed;Y
H106508;11/04/2023;Glasgow Depot;Scotland;WP-02;Water Pump 2in;1;23.77;ACC0245;completed;Y
H106509;31/03/2024;Bristol Depot;South West;PB-15;Powered Barrow;1;41.0;ACC0141;completed;Y
H106510;11/07/2023;Norwich Depot;East;HD-BRK;Hydraulic Breaker;1;67.02;ACC0093;completed;Y
H106511;13/04/2023;Cardiff Depot;Wales;GEN-60;60kVA Generator;1;88.94;ACC0161;completed;N
H106512;18/02/2024;Cardiff Depot;Wales;PB-15;Powered Barrow;28;41.21;ACC0204;completed;Y
H106513;03/10/2023;Glasgow Depot;Scotland;GEN-60;60kVA Generator;3;99.51;ACC0171;completed;Y
H106514;31/08/2023;Cardiff Depot;Wales;CM-350;Concrete Mixer 350L;3;31.9;ACC0180;completed;N
H106515;06/06/2023;Glasgow Depot;Scotland;DM-09;Diesel Dumper 9T;3;146.17;ACC0051;completed;Y
H106516;21/06/2023;Leeds Depot;North;WP-02;Water Pump 2in;3;22.74;ACC0059;open;N
H106517;10/07/2024;Bristol Depot;South West;CM-350;Concrete Mixer 350L;7;31.98;;completed;Y
H106518;27/11/2023;Glasgow Depot;Scotland;WP-02;Water Pump 2in;2;23.33;ACC0029;completed;Y
H106519;28/04/2024;Cardiff Depot;Wales;PB-15;Powered Barrow;14;40.89;;completed;Y
H106520;15/01/2024;Bristol Depot;South West;DM-09;Diesel Dumper 9T;1;147.33;ACC0211;completed;Y
H106521;19/02/2024;Glasgow Depot;Scotland;GEN-60;60kVA Generator;2;102.47;;completed;Y
H106522;23/08/2023;Leeds Depot;North;EX-140;13T Excavator;2;323.26;ACC0209;completed;Y
H106523;06/05/2024;Leeds Depot;North;DM-09;Diesel Dumper 9T;1;139.04;ACC0067;completed;N
H106524;05/08/2023;Norwich Depot;East;SC-22;Scissor Lift 22ft;1;73.48;ACC0178;completed;Y
H106525;30/04/2023;Glasgow Depot;Scotland;CM-350;Concrete Mixer 350L;1;36.08;ACC0159;completed;Y
H106526;12/12/2023;Glasgow Depot;Scotland;SF-TOW;Site Tower Light;3;55.75;ACC0003;completed;Y
H106527;08/05/2024;Cardiff Depot;Wales;WP-02;Water Pump 2in;14;22.81;ACC0078;completed;N
H106528;20/10/2023;Cardiff Depot;Wales;EX-140;13T Excavator;3;285.35;ACC0180;completed;Y
H106529;03/02/2024;Bristol Depot;South West;CM-350;Concrete Mixer 350L;7;36.68;ACC0101;completed;Y
H106530;14/04/2024;Bristol Depot;South West;SF-TOW;Site Tower Light;14;54.68;ACC0200;completed;Y
H106531;05/10/2023;Glasgow Depot;Scotland;DM-09;Diesel Dumper 9T;1;138.47;;completed;Y
H106532;24/01/2024;Bristol Depot;South West;GEN-60;60kVA Generator;14;94.81;;completed;N
H106533;27/07/2024;Bristol Depot;South West;SC-22;Scissor Lift 22ft;2;81.7;ACC0250;completed;N
H106534;03/03/2024;Cardiff Depot;Wales;WP-02;Water Pump 2in;2;24.16;ACC0013;completed;Y
H106535;27/08/2024;Bristol Depot;South West;WP-02;Water Pump 2in;1;21.36;ACC0069;completed;Y
H106536;29/03/2024;Glasgow Depot;Scotland;WP-02;Water Pump 2in;3;23.03;ACC0057;completed;Y
H106537;10/08/2024;Leeds Depot;North;SC-22;Scissor Lift 22ft;2;82.62;ACC0129;completed;Y
H106538;04/01/2024;Glasgow Depot;Scotland;DM-09;Diesel Dumper 9T;2;146.35;ACC0084;completed;N
H106539;24/04/2023;Bristol Depot;South West;GEN-60;60kVA Generator;1;103.48;ACC0228;completed;Y
H106540;10/11/2023;Leeds Depot;North;TL-01;Telehandler 4m;-1;176.15;ACC0027;cancelled;Y
H106541;12/04/2023;Bristol Depot;South West;SF-TOW;Site Tower Light;5;48.94;ACC0044;completed;Y
H106542;06/07/2023;Glasgow Depot;Scotland;SF-TOW;Site Tower Light;2;52.71;;completed;Y
H106543;05/08/2024;Glasgow Depot;Scotland;WP-02;Water Pump 2in;-7;21.5;ACC0047;cancelled;N
H106544;21/08/2024;Cardiff Depot;Wales;WP-02;Water Pump 2in;3;20.91;ACC0151;completed;Y
H106545;25/07/2024;Bristol Depot;South West;TL-01;Telehandler 4m;3;201.89;ACC0110;completed;N
H106546;17/10/2024;Bristol Depot;South West;TL-01;Telehandler 4m;1;176.32;ACC0111;completed;Y
H106547;14/10/2023;Bristol Depot;South West;SF-TOW;Site Tower Light;2;54.42;ACC0176;completed;Y
H106548;24/05/2024;Glasgow Depot;Scotland;PB-15;Powered Barrow;2;40.91;ACC0070;completed;Y
H106549;31/10/2023;Bristol Depot;South West;SC-22;Scissor Lift 22ft;-2;82.81;ACC0008;cancelled;Y
H106550;03/10/2024;Cardiff Depot;Wales;WP-02;Water Pump 2in;1;21.04;ACC0182;completed;Y
H106551;25/08/2024;Glasgow Depot;Scotland;WP-02;Water Pump 2in;2;23.39;ACC0018;completed;Y
H106552;17/10/2024;Bristol Depot;South West;GEN-60;60kVA Generator;-2;96.92;ACC0169;cancelled;Y
H106553;25/02/2024;Bristol Depot;South West;PB-15;Powered Barrow;2;39.56;ACC0112;completed;N
H106554;16/10/2023;Leeds Depot;North;SF-TOW;Site Tower Light;7;53.28;ACC0024;completed;N
H106555;23/07/2023;Leeds Depot;North;WP-02;Water Pump 2in;3;22.82;ACC0255;completed;Y
H106556;05/06/2023;Leeds Depot;North;SC-22;Scissor Lift 22ft;1;80.46;ACC0057;completed;Y
H106557;11/06/2024;Norwich Depot;East;WP-02;Water Pump 2in;1;22.17;ACC0165;completed;Y
H106558;13/12/2024;Norwich Depot;East;SC-22;Scissor Lift 22ft;1;74.43;ACC0002;completed;Y
H106559;20/01/2024;Leeds Depot;North;PB-15;Powered Barrow;7;38.92;ACC0046;completed;N
H106560;16/09/2023;Glasgow Depot;Scotland;SF-TOW;Site Tower Light;1;51.04;ACC0205;open;N
H106561;18/05/2023;Bristol Depot;South West;WP-02;Water Pump 2in;-2;21.06;ACC0212;cancelled;Y
H106562;01/08/2023;Leeds Depot;North;EX-140;13T Excavator;2;317.68;ACC0057;completed;Y
H106563;03/08/2023;Cardiff Depot;Wales;TL-01;Telehandler 4m;1;193.47;;completed;Y
H106564;02/07/2024;Cardiff Depot;Wales;SF-TOW;Site Tower Light;2;55.72;ACC0117;open;N
H106565;17/11/2023;Leeds Depot;North;TL-01;Telehandler 4m;1;175.22;ACC0189;completed;Y
H106566;09/12/2023;Norwich Depot;East;CM-350;Concrete Mixer 350L;3;33.65;ACC0109;completed;N
H106567;06/05/2023;Glasgow Depot;Scotland;GEN-60;60kVA Generator;7;103.04;ACC0214;completed;Y
H106568;15/05/2024;Norwich Depot;East;CM-350;Concrete Mixer 350L;1;36.52;;completed;Y
H106569;28/07/2024;Leeds Depot;North;GEN-60;60kVA Generator;7;92.6;ACC0087;completed;Y
H106570;15/11/2024;Leeds Depot;North;CM-350;Concrete Mixer 350L;5;36.45;ACC0124;completed;Y
H106571;29/06/2023;Bristol Depot;South West;HD-BRK;Hydraulic Breaker;2;60.04;ACC0197;completed;Y
H106572;23/04/2024;Glasgow Depot;Scotland;CM-350;Concrete Mixer 350L;7;32.45;ACC0041;completed;Y
H106573;17/05/2024;Leeds Depot;North;GEN-60;60kVA Generator;1;90.35;ACC0208;completed;Y
H106574;07/10/2024;Glasgow Depot;Scotland;SC-22;Scissor Lift 22ft;2;72.6;ACC0116;completed;Y
H106575;20/06/2023;Bristol Depot;South West;PB-15;Powered Barrow;28;38.62;ACC0221;completed;Y
H106576;07/08/2023;Bristol Depot;South West;CM-350;Concrete Mixer 350L;3;34.23;ACC0129;completed;N
H106577;13/04/2023;Bristol Depot;South West;CM-350;Concrete Mixer 350L;3;34.47;ACC0248;completed;Y
H106578;16/02/2024;Leeds Depot;North;DM-09;Diesel Dumper 9T;2;156.57;ACC0134;completed;Y
H106579;19/04/2023;Glasgow Depot;Scotland;WP-02;Water Pump 2in;1;22.43;ACC0034;completed;Y
H106580;09/04/2024;Leeds Depot;North;HD-BRK;Hydraulic Breaker;5;64.96;ACC0070;completed;Y
H106581;27/04/2024;Norwich Depot;East;SF-TOW;Site Tower Light;2;52.27;ACC0010;completed;N
H106582;30/06/2024;Cardiff Depot;Wales;TL-01;Telehandler 4m;7;184.05;ACC0110;completed;Y
H106583;02/06/2024;Leeds Depot;North;DM-09;Diesel Dumper 9T;2;139.67;ACC0162;completed;Y
H106584;09/01/2024;Glasgow Depot;Scotland;SF-TOW;Site Tower Light;3;51.04;ACC0250;completed;Y
H106585;25/07/2023;Leeds Depot;North;SC-22;Scissor Lift 22ft;1;80.09;ACC0171;completed;Y
H106586;25/08/2023;Glasgow Depot;Scotland;WP-02;Water Pump 2in;-5;21.32;ACC0225;cancelled;Y
H106587;04/11/2024;Leeds Depot;North;PB-15;Powered Barrow;2;43.73;ACC0031;completed;Y
H106588;30/07/2023;Glasgow Depot;Scotland;CM-350;Concrete Mixer 350L;2;31.46;ACC0110;completed;Y
H106589;13/12/2023;Glasgow Depot;Scotland;PB-15;Powered Barrow;2;41.32;ACC0179;completed;Y
H106590;31/10/2023;Leeds Depot;North;CM-350;Concrete Mixer 350L;3;34.0;ACC0160;completed;Y
H106591;09/06/2024;Norwich Depot;East;GEN-60;60kVA Generator;1;103.43;ACC0041;open;N
H106592;23/07/2024;Cardiff Depot;Wales;TL-01;Telehandler 4m;2;174.01;ACC0239;completed;Y
H106593;15/06/2024;Leeds Depot;North;SF-TOW;Site Tower Light;5;52.13;ACC0236;completed;N
H106594;05/05/2024;Norwich Depot;East;DM-09;Diesel Dumper 9T;3;133.95;ACC0053;completed;Y
H106595;21/07/2024;Norwich Depot;East;DM-09;Diesel Dumper 9T;2;153.08;ACC0196;completed;N
H106596;01/04/2024;Norwich Depot;East;GEN-60;60kVA Generator;1;99.5;ACC0135;completed;Y
H106597;07/04/2023;Leeds Depot;North;DM-09;Diesel Dumper 9T;2;143.98;ACC0189;completed;Y
H106598;27/01/2024;Glasgow Depot;Scotland;HD-BRK;Hydraulic Breaker;1;59.11;ACC0116;completed;Y
H106599;11/02/2024;Cardiff Depot;Wales;DM-09;Diesel Dumper 9T;1;140.16;ACC0066;completed;Y
H106600;15/12/2024;Leeds Depot;North;TL-01;Telehandler 4m;2;180.0;ACC0192;completed;Y
H106601;30/04/2023;Glasgow Depot;Scotland;GEN-60;60kVA Generator;1;97.91;ACC0043;completed;Y
H106602;21/08/2024;Cardiff Depot;Wales;SC-22;Scissor Lift 22ft;1;80.17;ACC0158;completed;Y
H106603;26/01/2024;Cardiff Depot;Wales;SF-TOW;Site Tower Light;7;48.92;;completed;N
H106604;26/07/2024;Cardiff Depot;Wales;HD-BRK;Hydraulic Breaker;7;65.92;ACC0108;completed;Y
H106605;14/12/2023;Bristol Depot;South West;SC-22;Scissor Lift 22ft;3;77.5;ACC0061;completed;Y
H106606;16/09/2024;Norwich Depot;East;SF-TOW;Site Tower Light;1;49.26;ACC0063;completed;Y
H106607;09/04/2023;Norwich Depot;East;CM-350;Concrete Mixer 350L;7;32.08;ACC0044;completed;Y
H106608;15/07/2023;Cardiff Depot;Wales;GEN-60;60kVA Generator;14;101.4;ACC0166;completed;Y
H106609;10/10/2024;Glasgow Depot;Scotland;SF-TOW;Site Tower Light;3;51.0;;completed;Y
H106610;07/01/2024;Cardiff Depot;Wales;HD-BRK;Hydraulic Breaker;14;63.06;ACC0089;completed;Y
H106611;16/06/2024;Cardiff Depot;Wales;SF-TOW;Site Tower Light;2;52.37;ACC0175;completed;N
H106612;28/08/2023;Glasgow Depot;Scotland;SC-22;Scissor Lift 22ft;1;73.33;;completed;Y
H106613;02/08/2023;Glasgow Depot;Scotland;DM-09;Diesel Dumper 9T;2;141.16;ACC0256;completed;Y
H106614;28/12/2023;Norwich Depot;East;HD-BRK;Hydraulic Breaker;-3;60.61;ACC0253;cancelled;Y
H106615;17/12/2024;Norwich Depot;East;DM-09;Diesel Dumper 9T;3;156.13;ACC0207;completed;Y
H106616;13/04/2023;Leeds Depot;North;CM-350;Concrete Mixer 350L;2;32.77;ACC0198;completed;N
H106617;10/12/2024;Bristol Depot;South West;GEN-60;60kVA Generator;2;103.51;ACC0042;completed;Y
H106618;03/12/2024;Leeds Depot;North;SC-22;Scissor Lift 22ft;3;82.41;ACC0142;completed;Y
H106619;27/01/2024;Norwich Depot;East;CM-350;Concrete Mixer 350L;5;31.82;ACC0053;completed;Y
H106620;18/12/2023;Leeds Depot;North;SC-22;Scissor Lift 22ft;1;75.82;ACC0122;completed;Y
H106621;21/01/2024;Norwich Depot;East;CM-350;Concrete Mixer 350L;2;33.41;;completed;Y
H106622;09/07/2023;Leeds Depot;North;PB-15;Powered Barrow;2;37.85;ACC0205;completed;Y
H106623;28/04/2023;Norwich Depot;East;CM-350;Concrete Mixer 350L;1;34.25;ACC0245;completed;Y
H106624;22/10/2023;Glasgow Depot;Scotland;HD-BRK;Hydraulic Breaker;7;66.3;ACC0151;completed;Y
H106625;27/06/2023;Cardiff Depot;Wales;WP-02;Water Pump 2in;14;22.72;ACC0121;completed;Y
H106626;18/08/2023;Norwich Depot;East;WP-02;Water Pump 2in;2;22.12;ACC0019;completed;Y
H106627;15/09/2023;Leeds Depot;North;TL-01;Telehandler 4m;3;176.9;ACC0224;completed;N
H106628;11/04/2024;Glasgow Depot;Scotland;SF-TOW;Site Tower Light;7;49.32;ACC0077;completed;Y
H106629;13/10/2024;Norwich Depot;East;GEN-60;60kVA Generator;1;98.72;ACC0041;completed;N
H106630;30/04/2024;Glasgow Depot;Scotland;DM-09;Diesel Dumper 9T;5;143.21;;completed;Y
H106631;23/04/2024;Glasgow Depot;Scotland;HD-BRK;Hydraulic Breaker;2;68.51;ACC0140;completed;Y
H106632;01/12/2024;Norwich Depot;East;DM-09;Diesel Dumper 9T;-1;138.23;ACC0178;cancelled;N
H106633;20/06/2023;Norwich Depot;East;WP-02;Water Pump 2in;3;21.57;ACC0067;completed;Y
H106634;11/12/2023;Glasgow Depot;Scotland;EX-140;13T Excavator;1;327.07;ACC0153;completed;Y
H106635;16/05/2024;Cardiff Depot;Wales;CM-350;Concrete Mixer 350L;5;34.26;ACC0015;completed;Y
H106636;02/08/2023;Leeds Depot;North;CM-350;Concrete Mixer 350L;1;36.23;ACC0239;completed;Y
H106637;13/11/2023;Bristol Depot;South West;HD-BRK;Hydraulic Breaker;1;60.75;ACC0197;completed;Y
H106638;16/04/2023;Norwich Depot;East;HD-BRK;Hydraulic Breaker;1;62.25;ACC0234;completed;Y
H106639;21/06/2023;Leeds Depot;North;SF-TOW;Site Tower Light;5;54.55;ACC0152;completed;N
H106640;04/08/2023;Leeds Depot;North;PB-15;Powered Barrow;14;38.44;ACC0058;completed;N
H106641;17/09/2024;Norwich Depot;East;CM-350;Concrete Mixer 350L;-7;34.11;ACC0193;cancelled;N
H106642;29/02/2024;Glasgow Depot;Scotland;SC-22;Scissor Lift 22ft;3;81.93;;completed;Y
H106643;24/07/2023;Cardiff Depot;Wales;HD-BRK;Hydraulic Breaker;7;59.38;ACC0063;completed;N
H106644;28/05/2024;Norwich Depot;East;CM-350;Concrete Mixer 350L;5;36.33;ACC0097;completed;Y
H106645;30/06/2023;Cardiff Depot;Wales;HD-BRK;Hydraulic Breaker;1;69.08;ACC0115;completed;N
H106646;23/04/2024;Leeds Depot;North;DM-09;Diesel Dumper 9T;5;133.63;ACC0259;completed;Y
H106647;06/04/2023;Bristol Depot;South West;WP-02;Water Pump 2in;1;22.69;ACC0004;completed;N
H106648;23/10/2023;Norwich Depot;East;PB-15;Powered Barrow;1;43.82;ACC0062;completed;Y
H106649;28/01/2024;Cardiff Depot;Wales;WP-02;Water Pump 2in;5;24.28;ACC0005;completed;Y
H106650;28/01/2024;Norwich Depot;East;CM-350;Concrete Mixer 350L;7;32.3;ACC0051;completed;Y
H106651;12/11/2024;Bristol Depot;South West;SC-22;Scissor Lift 22ft;3;77.5;ACC0056;completed;Y
H106652;16/09/2024;Bristol Depot;South West;CM-350;Concrete Mixer 350L;1;34.54;ACC0124;completed;Y
H106653;06/08/2024;Leeds Depot;North;PB-15;Powered Barrow;3;40.77;ACC0095;completed;Y
H106654;01/05/2024;Cardiff Depot;Wales;CM-350;Concrete Mixer 350L;2;32.6;ACC0103;completed;N
H106655;28/04/2024;Glasgow Depot;Scotland;HD-BRK;Hydraulic Breaker;3;66.1;ACC0047;completed;N
H106656;07/01/2024;Norwich Depot;East;PB-15;Powered Barrow;3;43.85;ACC0167;completed;Y
H106657;21/04/2024;Bristol Depot;South West;SF-TOW;Site Tower Light;2;49.79;ACC0150;completed;Y
H106658;31/01/2024;Bristol Depot;South West;TL-01;Telehandler 4m;7;197.93;ACC0229;completed;Y
H106659;03/09/2024;Leeds Depot;North;SF-TOW;Site Tower Light;7;48.89;ACC0007;completed;Y
H106660;25/04/2023;Cardiff Depot;Wales;WP-02;Water Pump 2in;5;23.54;ACC0185;completed;Y
H106661;10/08/2023;Cardiff Depot;Wales;EX-140;13T Excavator;7;285.54;ACC0008;completed;Y
H106662;02/10/2023;Glasgow Depot;Scotland;EX-140;13T Excavator;28;298.38;ACC0123;completed;Y
H106663;06/04/2023;Norwich Depot;East;CM-350;Concrete Mixer 350L;5;32.76;ACC0213;completed;Y
H106664;14/08/2024;Leeds Depot;North;CM-350;Concrete Mixer 350L;2;35.39;ACC0087;completed;Y
H106665;17/10/2023;Norwich Depot;East;DM-09;Diesel Dumper 9T;1;140.19;ACC0135;completed;N
H106666;15/07/2023;Norwich Depot;East;CM-350;Concrete Mixer 350L;1;35.72;ACC0072;completed;Y
H106667;24/03/2024;Leeds Depot;North;DM-09;Diesel Dumper 9T;2;144.66;ACC0167;completed;N
H106668;12/07/2023;Bristol Depot;South West;CM-350;Concrete Mixer 350L;3;36.34;ACC0207;completed;Y
H106669;18/06/2024;Bristol Depot;South West;CM-350;Concrete Mixer 350L;1;34.01;ACC0256;completed;Y
H106670;25/02/2024;Norwich Depot;East;TL-01;Telehandler 4m;14;187.25;;completed;Y
H106671;14/10/2023;Bristol Depot;South West;CM-350;Concrete Mixer 350L;-7;33.3;ACC0150;cancelled;N
H106672;03/04/2024;Norwich Depot;East;WP-02;Water Pump 2in;7;22.28;;completed;N
H106673;09/12/2024;Norwich Depot;East;HD-BRK;Hydraulic Breaker;1;65.28;ACC0131;completed;Y
H106674;11/04/2024;Norwich Depot;East;WP-02;Water Pump 2in;7;22.88;ACC0131;completed;Y
H106675;15/11/2024;Bristol Depot;South West;WP-02;Water Pump 2in;7;23.04;ACC0027;completed;Y
H106676;04/05/2023;Norwich Depot;East;CM-350;Concrete Mixer 350L;5;35.33;ACC0176;completed;Y
H106677;07/05/2023;Leeds Depot;North;GEN-60;60kVA Generator;2;94.14;ACC0220;completed;Y
H106678;17/10/2024;Cardiff Depot;Wales;WP-02;Water Pump 2in;1;20.93;ACC0210;completed;Y
H106679;10/04/2023;Glasgow Depot;Scotland;SC-22;Scissor Lift 22ft;1;72.42;ACC0161;completed;Y
H106680;18/11/2024;Glasgow Depot;Scotland;PB-15;Powered Barrow;2;40.5;ACC0034;completed;Y
H106681;07/09/2024;Cardiff Depot;Wales;HD-BRK;Hydraulic Breaker;3;64.81;ACC0196;completed;Y
H106682;19/06/2024;Norwich Depot;East;WP-02;Water Pump 2in;2;22.35;ACC0027;completed;Y
H106683;25/12/2024;Bristol Depot;South West;GEN-60;60kVA Generator;3;91.31;ACC0149;completed;Y
H106684;10/08/2024;Norwich Depot;East;WP-02;Water Pump 2in;5;20.95;;completed;Y
H106685;14/09/2024;Norwich Depot;East;WP-02;Water Pump 2in;1;23.42;ACC0238;completed;Y
H106686;20/07/2023;Glasgow Depot;Scotland;PB-15;Powered Barrow;3;41.04;ACC0190;completed;Y
H106687;26/03/2024;Bristol Depot;South West;WP-02;Water Pump 2in;5;21.93;ACC0054;completed;Y
H106688;24/11/2024;Bristol Depot;South West;DM-09;Diesel Dumper 9T;5;154.13;ACC0218;completed;Y
H106689;13/10/2023;Norwich Depot;East;WP-02;Water Pump 2in;1;21.24;;completed;N
H106690;28/05/2024;Norwich Depot;East;SF-TOW;Site Tower Light;14;49.71;ACC0036;completed;Y
H106691;24/08/2024;Glasgow Depot;Scotland;WP-02;Water Pump 2in;-3;24.02;ACC0250;cancelled;Y
H106692;02/01/2024;Cardiff Depot;Wales;PB-15;Powered Barrow;3;37.87;ACC0075;completed;Y
H106693;19/08/2024;Bristol Depot;South West;SF-TOW;Site Tower Light;7;50.15;ACC0200;completed;Y
H106694;15/01/2024;Bristol Depot;South West;DM-09;Diesel Dumper 9T;5;142.3;ACC0073;completed;Y
H106695;22/04/2023;Norwich Depot;East;DM-09;Diesel Dumper 9T;3;147.01;ACC0230;completed;Y
H106696;31/08/2023;Cardiff Depot;Wales;CM-350;Concrete Mixer 350L;5;35.72;ACC0105;completed;Y
H106697;29/08/2024;Glasgow Depot;Scotland;SC-22;Scissor Lift 22ft;2;73.05;;completed;Y
H106698;25/11/2023;Leeds Depot;North;EX-140;13T Excavator;1;296.28;ACC0165;completed;Y
H106699;21/05/2024;Norwich Depot;East;GEN-60;60kVA Generator;5;102.79;ACC0139;completed;Y
H106700;03/10/2024;Bristol Depot;South West;DM-09;Diesel Dumper 9T;2;150.09;;completed;Y
H106701;23/08/2024;Norwich Depot;East;DM-09;Diesel Dumper 9T;3;142.16;;completed;Y
H106702;30/07/2023;Glasgow Depot;Scotland;HD-BRK;Hydraulic Breaker;1;64.55;ACC0039;completed;Y
H106703;21/06/2023;Norwich Depot;East;CM-350;Concrete Mixer 350L;14;35.3;ACC0214;completed;N
H106704;30/07/2024;Cardiff Depot;Wales;CM-350;Concrete Mixer 350L;28;34.01;ACC0133;completed;Y
H106705;03/10/2023;Glasgow Depot;Scotland;CM-350;Concrete Mixer 350L;7;35.37;ACC0018;completed;Y
H106706;09/05/2023;Leeds Depot;North;GEN-60;60kVA Generator;1;92.65;ACC0246;completed;Y
H106707;09/11/2023;Bristol Depot;South West;SC-22;Scissor Lift 22ft;1;75.73;ACC0170;completed;Y
H106708;07/04/2024;Glasgow Depot;Scotland;TL-01;Telehandler 4m;5;197.0;ACC0082;completed;N
H106709;22/10/2023;Leeds Depot;North;SC-22;Scissor Lift 22ft;3;75.43;ACC0154;completed;Y
H106710;27/01/2024;Glasgow Depot;Scotland;SC-22;Scissor Lift 22ft;-2;78.52;;cancelled;Y
H106711;15/06/2024;Cardiff Depot;Wales;WP-02;Water Pump 2in;5;23.15;ACC0257;completed;Y
H106712;27/12/2023;Cardiff Depot;Wales;WP-02;Water Pump 2in;2;23.12;ACC0212;completed;Y
H106713;26/03/2024;Cardiff Depot;Wales;PB-15;Powered Barrow;1;40.77;ACC0144;completed;Y
H106714;22/05/2023;Norwich Depot;East;GEN-60;60kVA Generator;1;98.3;ACC0250;completed;Y
H106715;01/05/2023;Norwich Depot;East;WP-02;Water Pump 2in;1;22.65;;completed;N
H106716;09/04/2024;Cardiff Depot;Wales;SC-22;Scissor Lift 22ft;28;78.09;ACC0147;completed;Y
H106717;04/06/2024;Norwich Depot;East;DM-09;Diesel Dumper 9T;14;134.18;ACC0147;completed;Y
H106718;04/06/2023;Glasgow Depot;Scotland;WP-02;Water Pump 2in;1;24.08;ACC0062;completed;Y
H106719;25/04/2023;Norwich Depot;East;WP-02;Water Pump 2in;1;24.28;ACC0256;completed;Y
H106720;11/06/2024;Bristol Depot;South West;SF-TOW;Site Tower Light;2;54.82;ACC0204;completed;Y
H106721;26/01/2024;Bristol Depot;South West;TL-01;Telehandler 4m;1;191.32;ACC0254;completed;Y
H106722;27/04/2023;Leeds Depot;North;CM-350;Concrete Mixer 350L;2;36.44;;open;Y
H106723;30/12/2024;Glasgow Depot;Scotland;GEN-60;60kVA Generator;1;91.32;ACC0119;completed;Y
H106724;08/11/2023;Norwich Depot;East;EX-140;13T Excavator;5;326.17;ACC0248;completed;Y
H106725;15/09/2024;Glasgow Depot;Scotland;HD-BRK;Hydraulic Breaker;1;59.91;;completed;Y
H106726;10/12/2024;Bristol Depot;South West;PB-15;Powered Barrow;3;38.56;ACC0207;completed;Y
H106727;05/05/2024;Leeds Depot;North;EX-140;13T Excavator;3;304.57;ACC0145;completed;Y
H106728;29/01/2024;Glasgow Depot;Scotland;CM-350;Concrete Mixer 350L;3;36.14;ACC0202;completed;Y
H106729;15/07/2023;Bristol Depot;South West;SF-TOW;Site Tower Light;1;50.66;ACC0084;completed;Y
H106730;08/05/2024;Norwich Depot;East;GEN-60;60kVA Generator;1;95.35;ACC0020;completed;Y
H106731;11/03/2024;Leeds Depot;North;DM-09;Diesel Dumper 9T;2;137.11;ACC0078;completed;Y
H106732;09/12/2023;Cardiff Depot;Wales;WP-02;Water Pump 2in;-1;22.52;ACC0070;cancelled;N
H106733;19/12/2023;Glasgow Depot;Scotland;DM-09;Diesel Dumper 9T;1;135.55;ACC0178;completed;Y
H106734;04/12/2023;Leeds Depot;North;CM-350;Concrete Mixer 350L;5;31.5;ACC0043;completed;Y
H106735;17/12/2024;Leeds Depot;North;WP-02;Water Pump 2in;2;21.61;ACC0198;completed;Y
H106736;14/06/2023;Glasgow Depot;Scotland;SC-22;Scissor Lift 22ft;1;72.87;ACC0009;open;Y
H106737;03/08/2024;Glasgow Depot;Scotland;EX-140;13T Excavator;7;312.84;;completed;Y
H106738;04/10/2023;Bristol Depot;South West;SC-22;Scissor Lift 22ft;5;78.87;ACC0069;completed;Y
H106739;30/04/2023;Glasgow Depot;Scotland;GEN-60;60kVA Generator;5;95.08;;completed;Y
H106740;02/05/2024;Glasgow Depot;Scotland;TL-01;Telehandler 4m;1;185.63;;completed;Y
H106741;05/11/2024;Cardiff Depot;Wales;DM-09;Diesel Dumper 9T;2;140.85;ACC0169;completed;Y
H106742;23/12/2023;Leeds Depot;North;SF-TOW;Site Tower Light;-1;50.89;ACC0245;cancelled;Y
H106743;26/12/2023;Leeds Depot;North;PB-15;Powered Barrow;3;41.01;ACC0024;completed;Y
H106744;30/08/2023;Cardiff Depot;Wales;EX-140;13T Excavator;1;333.12;ACC0077;completed;Y
H106745;02/11/2023;Bristol Depot;South West;HD-BRK;Hydraulic Breaker;5;68.14;ACC0159;completed;N
H106746;30/09/2023;Glasgow Depot;Scotland;DM-09;Diesel Dumper 9T;5;141.43;ACC0171;completed;Y
H106747;03/12/2024;Cardiff Depot;Wales;SC-22;Scissor Lift 22ft;3;75.41;ACC0246;open;Y
H106748;05/05/2023;Norwich Depot;East;DM-09;Diesel Dumper 9T;1;137.4;ACC0075;completed;Y
H106749;22/03/2024;Norwich Depot;East;SF-TOW;Site Tower Light;1;56.13;ACC0187;open;Y
H106750;11/03/2024;Leeds Depot;North;SF-TOW;Site Tower Light;5;54.91;ACC0162;open;Y
H106751;21/12/2024;Norwich Depot;East;WP-02;Water Pump 2in;1;23.44;ACC0080;completed;N
H106752;09/10/2023;Leeds Depot;North;WP-02;Water Pump 2in;-14;22.18;ACC0027;cancelled;Y
H106753;15/05/2024;Bristol Depot;South West;CM-350;Concrete Mixer 350L;3;32.42;ACC0084;completed;Y
H106754;15/08/2024;Norwich Depot;East;PB-15;Powered Barrow;1;44.2;ACC0259;completed;Y
H106755;19/02/2024;Cardiff Depot;Wales;SC-22;Scissor Lift 22ft;-5;84.21;ACC0058;cancelled;N
H106756;29/01/2024;Norwich Depot;East;WP-02;Water Pump 2in;1;21.98;ACC0078;completed;Y
H106757;11/09/2024;Norwich Depot;East;CM-350;Concrete Mixer 350L;1;32.21;;completed;Y
H106758;21/07/2023;Leeds Depot;North;CM-350;Concrete Mixer 350L;3;34.71;ACC0070;completed;Y
H106759;19/02/2024;Leeds Depot;North;DM-09;Diesel Dumper 9T;1;152.96;ACC0203;completed;Y
H106760;27/04/2024;Glasgow Depot;Scotland;SC-22;Scissor Lift 22ft;7;78.84;ACC0101;open;Y
H106761;24/11/2024;Glasgow Depot;Scotland;SC-22;Scissor Lift 22ft;1;77.82;ACC0166;completed;Y
H106762;05/11/2024;Glasgow Depot;Scotland;WP-02;Water Pump 2in;-2;23.91;ACC0183;cancelled;Y
H106763;08/04/2024;Norwich Depot;East;WP-02;Water Pump 2in;1;22.93;ACC0160;completed;Y
H106764;02/06/2023;Cardiff Depot;Wales;WP-02;Water Pump 2in;-2;22.5;;cancelled;Y
H106765;02/09/2023;Leeds Depot;North;HD-BRK;Hydraulic Breaker;1;64.3;ACC0015;completed;Y
H106766;27/05/2024;Bristol Depot;South West;TL-01;Telehandler 4m;1;184.04;ACC0088;completed;Y
H106767;24/11/2024;Norwich Depot;East;SC-22;Scissor Lift 22ft;-7;78.68;;cancelled;N
H106768;26/02/2024;Glasgow Depot;Scotland;DM-09;Diesel Dumper 9T;1;141.94;ACC0066;open;Y
H106769;04/09/2023;Glasgow Depot;Scotland;SC-22;Scissor Lift 22ft;1;75.77;ACC0136;completed;Y
H106770;23/09/2023;Leeds Depot;North;PB-15;Powered Barrow;1;43.53;ACC0244;completed;N
H106771;14/08/2023;Cardiff Depot;Wales;WP-02;Water Pump 2in;2;21.21;ACC0041;completed;Y
H106772;03/09/2024;Leeds Depot;North;SC-22;Scissor Lift 22ft;1;78.06;ACC0201;open;N
H106773;15/08/2024;Glasgow Depot;Scotland;SC-22;Scissor Lift 22ft;5;74.33;;completed;Y
H106774;15/08/2023;Bristol Depot;South West;PB-15;Powered Barrow;1;38.4;;completed;Y
H106775;17/05/2024;Glasgow Depot;Scotland;SC-22;Scissor Lift 22ft;5;77.35;ACC0159;completed;Y
H106776;04/09/2023;Cardiff Depot;Wales;SF-TOW;Site Tower Light;1;50.26;ACC0004;open;Y
H106777;27/07/2024;Leeds Depot;North;GEN-60;60kVA Generator;-1;97.78;;cancelled;N
H106778;04/07/2024;Leeds Depot;North;CM-350;Concrete Mixer 350L;-2;32.77;ACC0012;cancelled;Y
H106779;24/04/2024;Leeds Depot;North;DM-09;Diesel Dumper 9T;1;150.88;;completed;Y
H106780;03/11/2023;Cardiff Depot;Wales;WP-02;Water Pump 2in;1;21.8;ACC0175;completed;Y
H106781;28/06/2024;Leeds Depot;North;PB-15;Powered Barrow;3;43.55;ACC0125;completed;Y
H106782;09/01/2024;Glasgow Depot;Scotland;GEN-60;60kVA Generator;1;90.13;ACC0116;completed;Y
H106783;02/04/2023;Bristol Depot;South West;SF-TOW;Site Tower Light;3;51.95;ACC0086;completed;Y
H106784;26/11/2023;Bristol Depot;South West;WP-02;Water Pump 2in;1;23.08;ACC0085;completed;Y
H106785;31/12/2023;Norwich Depot;East;TL-01;Telehandler 4m;7;175.41;ACC0189;completed;Y
H106786;26/09/2024;Glasgow Depot;Scotland;CM-350;Concrete Mixer 350L;28;35.19;ACC0114;completed;Y
H106787;23/05/2023;Norwich Depot;East;DM-09;Diesel Dumper 9T;1;155.62;ACC0248;completed;Y
H106788;01/10/2023;Leeds Depot;North;PB-15;Powered Barrow;7;42.16;ACC0006;completed;Y
H106789;20/04/2024;Cardiff Depot;Wales;CM-350;Concrete Mixer 350L;1;36.61;ACC0043;completed;Y
H106790;31/12/2024;Norwich Depot;East;SF-TOW;Site Tower Light;1;54.15;;completed;Y
H106791;17/01/2024;Leeds Depot;North;EX-140;13T Excavator;1;323.96;ACC0223;completed;Y
H106792;28/09/2024;Cardiff Depot;Wales;SC-22;Scissor Lift 22ft;5;79.24;ACC0216;completed;Y
H106793;21/12/2023;Norwich Depot;East;DM-09;Diesel Dumper 9T;1;142.62;ACC0207;completed;N
H106794;09/05/2024;Glasgow Depot;Scotland;CM-350;Concrete Mixer 350L;28;35.1;ACC0036;completed;N
H106795;27/01/2024;Cardiff Depot;Wales;HD-BRK;Hydraulic Breaker;3;67.61;ACC0089;completed;N
H106796;28/01/2024;Cardiff Depot;Wales;WP-02;Water Pump 2in;3;22.56;ACC0205;completed;Y
H106797;15/08/2023;Cardiff Depot;Wales;GEN-60;60kVA Generator;1;96.54;;completed;Y
H106798;07/09/2023;Norwich Depot;East;SC-22;Scissor Lift 22ft;3;80.18;ACC0148;completed;Y
H106799;24/09/2023;Cardiff Depot;Wales;EX-140;13T Excavator;2;297.55;ACC0157;completed;Y
H106800;26/12/2023;Leeds Depot;North;SF-TOW;Site Tower Light;1;51.04;ACC0234;completed;Y
H106801;25/10/2024;Cardiff Depot;Wales;DM-09;Diesel Dumper 9T;3;142.17;ACC0220;completed;Y
H106802;22/07/2024;Leeds Depot;North;PB-15;Powered Barrow;7;37.99;ACC0148;completed;Y
H106803;09/12/2023;Cardiff Depot;Wales;HD-BRK;Hydraulic Breaker;2;63.55;ACC0066;completed;Y
H106804;15/12/2024;Glasgow Depot;Scotland;CM-350;Concrete Mixer 350L;5;33.59;ACC0042;completed;Y
H106805;17/01/2024;Norwich Depot;East;GEN-60;60kVA Generator;2;98.1;ACC0211;completed;Y
H106806;01/02/2024;Cardiff Depot;Wales;EX-140;13T Excavator;1;314.15;ACC0069;completed;Y
H106807;30/09/2023;Glasgow Depot;Scotland;TL-01;Telehandler 4m;3;192.04;ACC0172;open;Y
H106808;01/01/2024;Cardiff Depot;Wales;CM-350;Concrete Mixer 350L;1;32.66;ACC0215;completed;Y
H106809;16/08/2023;Norwich Depot;East;CM-350;Concrete Mixer 350L;1;32.08;ACC0095;completed;Y
H106810;08/03/2024;Leeds Depot;North;TL-01;Telehandler 4m;2;175.6;ACC0006;completed;Y
H106811;14/02/2024;Bristol Depot;South West;PB-15;Powered Barrow;5;40.07;ACC0170;completed;Y
H106812;01/07/2023;Cardiff Depot;Wales;WP-02;Water Pump 2in;1;21.29;ACC0102;completed;Y
H106813;15/11/2024;Bristol Depot;South West;WP-02;Water Pump 2in;2;23.16;ACC0197;completed;Y
H106814;10/07/2024;Cardiff Depot;Wales;HD-BRK;Hydraulic Breaker;1;68.71;ACC0077;completed;Y
H106815;21/12/2024;Bristol Depot;South West;CM-350;Concrete Mixer 350L;2;33.58;ACC0075;open;N
H106816;10/08/2024;Norwich Depot;East;CM-350;Concrete Mixer 350L;2;34.54;ACC0228;completed;Y
H106817;27/04/2024;Cardiff Depot;Wales;WP-02;Water Pump 2in;14;23.28;ACC0094;completed;Y
H106818;21/09/2023;Glasgow Depot;Scotland;WP-02;Water Pump 2in;1;22.26;ACC0174;completed;Y
H106819;11/07/2023;Leeds Depot;North;SC-22;Scissor Lift 22ft;14;76.71;ACC0200;completed;Y
H106820;13/05/2023;Norwich Depot;East;DM-09;Diesel Dumper 9T;2;147.25;ACC0234;completed;Y
H106821;24/12/2024;Bristol Depot;South West;CM-350;Concrete Mixer 350L;2;33.29;ACC0032;completed;Y
H106822;22/05/2023;Leeds Depot;North;SF-TOW;Site Tower Light;1;48.97;ACC0034;completed;N
H106823;18/04/2023;Norwich Depot;East;PB-15;Powered Barrow;14;42.53;ACC0198;completed;Y
H106824;09/09/2024;Glasgow Depot;Scotland;TL-01;Telehandler 4m;7;184.06;ACC0228;completed;Y
H106825;16/05/2023;Leeds Depot;North;SF-TOW;Site Tower Light;5;53.9;ACC0027;completed;Y
H106826;13/09/2023;Leeds Depot;North;GEN-60;60kVA Generator;1;89.96;ACC0095;completed;Y
H106827;24/08/2023;Leeds Depot;North;TL-01;Telehandler 4m;2;185.82;ACC0052;completed;Y
H106828;06/09/2023;Norwich Depot;East;SC-22;Scissor Lift 22ft;2;76.09;ACC0059;completed;Y
H106829;26/05/2023;Leeds Depot;North;GEN-60;60kVA Generator;5;93.72;ACC0086;completed;Y
H106830;24/10/2023;Bristol Depot;South West;SF-TOW;Site Tower Light;5;53.59;ACC0059;completed;Y
H106831;03/11/2024;Cardiff Depot;Wales;PB-15;Powered Barrow;5;38.8;ACC0097;completed;Y
H106832;13/07/2023;Leeds Depot;North;EX-140;13T Excavator;5;286.84;ACC0149;completed;N
H106833;30/08/2024;Leeds Depot;North;CM-350;Concrete Mixer 350L;7;34.52;;completed;Y
H106834;26/06/2023;Leeds Depot;North;WP-02;Water Pump 2in;-2;24.04;;cancelled;Y
H106835;23/10/2023;Cardiff Depot;Wales;TL-01;Telehandler 4m;3;198.15;ACC0223;completed;Y
H106836;10/09/2023;Norwich Depot;East;CM-350;Concrete Mixer 350L;-3;35.87;ACC0183;cancelled;Y
H106837;04/09/2023;Norwich Depot;East;SC-22;Scissor Lift 22ft;2;76.22;ACC0078;completed;Y
H106838;18/08/2024;Cardiff Depot;Wales;HD-BRK;Hydraulic Breaker;5;63.3;ACC0257;completed;Y
H106839;25/11/2024;Glasgow Depot;Scotland;DM-09;Diesel Dumper 9T;1;137.86;ACC0052;completed;Y
H106840;22/12/2024;Norwich Depot;East;TL-01;Telehandler 4m;7;188.74;ACC0157;completed;Y
H106841;13/06/2024;Glasgow Depot;Scotland;SF-TOW;Site Tower Light;14;53.22;ACC0106;completed;N
H106842;15/03/2024;Bristol Depot;South West;EX-140;13T Excavator;5;325.39;ACC0125;completed;Y
H106843;21/08/2023;Bristol Depot;South West;CM-350;Concrete Mixer 350L;5;36.03;ACC0057;completed;Y
H106844;08/12/2024;Leeds Depot;North;TL-01;Telehandler 4m;7;173.13;ACC0156;completed;Y
H106845;24/07/2023;Norwich Depot;East;SC-22;Scissor Lift 22ft;2;79.1;ACC0190;completed;Y
H106846;29/11/2024;Norwich Depot;East;HD-BRK;Hydraulic Breaker;5;65.11;ACC0058;completed;N
H106847;23/02/2024;Leeds Depot;North;PB-15;Powered Barrow;14;43.35;ACC0059;completed;Y
H106848;16/10/2023;Cardiff Depot;Wales;CM-350;Concrete Mixer 350L;2;31.94;;completed;Y
H106849;01/01/2024;Glasgow Depot;Scotland;PB-15;Powered Barrow;2;43.0;ACC0003;completed;Y
H106850;22/09/2024;Bristol Depot;South West;TL-01;Telehandler 4m;-5;175.84;ACC0149;cancelled;N
H106851;24/03/2024;Norwich Depot;East;SC-22;Scissor Lift 22ft;3;80.46;ACC0180;open;Y
H106852;26/11/2023;Norwich Depot;East;GEN-60;60kVA Generator;5;97.53;ACC0070;completed;Y
H106853;05/03/2024;Leeds Depot;North;CM-350;Concrete Mixer 350L;5;36.6;;completed;Y
H106854;23/02/2024;Cardiff Depot;Wales;GEN-60;60kVA Generator;1;88.5;ACC0023;completed;Y
H106855;14/04/2023;Cardiff Depot;Wales;HD-BRK;Hydraulic Breaker;3;66.75;;open;Y
H106856;19/08/2024;Norwich Depot;East;WP-02;Water Pump 2in;14;22.96;ACC0188;completed;N
H106857;17/10/2024;Leeds Depot;North;EX-140;13T Excavator;1;293.97;ACC0157;completed;Y
H106858;26/06/2023;Glasgow Depot;Scotland;EX-140;13T Excavator;1;304.83;ACC0144;completed;Y
H106859;21/10/2024;Bristol Depot;South West;SC-22;Scissor Lift 22ft;14;73.11;ACC0114;completed;N
H106860;31/10/2023;Leeds Depot;North;HD-BRK;Hydraulic Breaker;5;60.32;ACC0257;completed;Y
H106861;07/06/2023;Cardiff Depot;Wales;WP-02;Water Pump 2in;1;22.77;ACC0213;completed;Y
H106862;23/07/2024;Glasgow Depot;Scotland;SC-22;Scissor Lift 22ft;-3;77.39;ACC0091;cancelled;Y
H106863;06/07/2023;Bristol Depot;South West;SC-22;Scissor Lift 22ft;7;84.38;ACC0057;completed;Y
H106864;12/09/2024;Bristol Depot;South West;DM-09;Diesel Dumper 9T;2;145.71;ACC0029;completed;Y
H106865;22/05/2023;Leeds Depot;North;WP-02;Water Pump 2in;5;22.12;ACC0066;completed;Y
H106866;16/09/2024;Glasgow Depot;Scotland;SF-TOW;Site Tower Light;2;48.59;ACC0083;completed;N
H106867;17/02/2024;Cardiff Depot;Wales;WP-02;Water Pump 2in;3;23.44;ACC0181;completed;Y
H106868;21/06/2024;Cardiff Depot;Wales;WP-02;Water Pump 2in;-14;23.69;;cancelled;N
H106869;20/05/2024;Leeds Depot;North;SC-22;Scissor Lift 22ft;2;80.54;ACC0161;completed;N
H106870;23/10/2024;Norwich Depot;East;WP-02;Water Pump 2in;1;20.96;ACC0194;completed;Y
H106871;12/05/2024;Leeds Depot;North;GEN-60;60kVA Generator;5;92.86;ACC0168;completed;Y
H106872;03/08/2024;Bristol Depot;South West;WP-02;Water Pump 2in;3;21.52;ACC0118;completed;N
H106873;18/08/2024;Glasgow Depot;Scotland;SC-22;Scissor Lift 22ft;14;73.48;ACC0117;completed;Y
H106874;09/06/2023;Cardiff Depot;Wales;DM-09;Diesel Dumper 9T;14;150.76;;completed;Y
H106875;30/08/2024;Glasgow Depot;Scotland;SF-TOW;Site Tower Light;1;52.6;ACC0018;completed;Y
H106876;20/09/2024;Bristol Depot;South West;DM-09;Diesel Dumper 9T;5;134.31;ACC0167;completed;Y
H106877;10/01/2024;Glasgow Depot;Scotland;SF-TOW;Site Tower Light;3;55.51;ACC0173;completed;Y
H106878;13/03/2024;Cardiff Depot;Wales;SF-TOW;Site Tower Light;28;54.46;ACC0253;completed;Y
H106879;23/09/2024;Leeds Depot;North;HD-BRK;Hydraulic Breaker;1;62.3;ACC0091;completed;Y
H106880;18/08/2024;Cardiff Depot;Wales;HD-BRK;Hydraulic Breaker;3;63.22;ACC0166;completed;Y
H106881;11/04/2023;Norwich Depot;East;SC-22;Scissor Lift 22ft;5;79.76;ACC0134;completed;Y
H106882;09/04/2023;Bristol Depot;South West;WP-02;Water Pump 2in;1;22.55;ACC0101;completed;Y
H106883;05/10/2023;Glasgow Depot;Scotland;GEN-60;60kVA Generator;1;90.21;ACC0102;completed;Y
H106884;17/02/2024;Leeds Depot;North;CM-350;Concrete Mixer 350L;28;35.03;ACC0133;completed;Y
H106885;31/12/2024;Norwich Depot;East;GEN-60;60kVA Generator;1;90.11;;completed;Y
H106886;03/04/2024;Leeds Depot;North;CM-350;Concrete Mixer 350L;1;36.35;ACC0187;completed;Y
H106887;03/11/2023;Norwich Depot;East;GEN-60;60kVA Generator;28;91.99;ACC0254;completed;Y
H106888;13/08/2024;Bristol Depot;South West;PB-15;Powered Barrow;7;39.13;ACC0111;completed;N
H106889;09/09/2024;Bristol Depot;South West;TL-01;Telehandler 4m;3;183.34;ACC0250;completed;Y
H106890;28/11/2024;Leeds Depot;North;WP-02;Water Pump 2in;7;22.54;ACC0169;completed;Y
H106891;24/03/2024;Bristol Depot;South West;TL-01;Telehandler 4m;2;180.14;ACC0055;completed;Y
H106892;24/06/2024;Cardiff Depot;Wales;CM-350;Concrete Mixer 350L;1;34.32;ACC0105;completed;Y
H106893;08/01/2024;Cardiff Depot;Wales;PB-15;Powered Barrow;1;43.03;ACC0024;completed;Y
H106894;08/12/2024;Norwich Depot;East;PB-15;Powered Barrow;1;39.35;ACC0170;completed;Y
H106895;27/10/2024;Cardiff Depot;Wales;SF-TOW;Site Tower Light;2;49.2;ACC0080;open;Y
H106896;03/12/2024;Cardiff Depot;Wales;GEN-60;60kVA Generator;1;101.59;ACC0027;completed;Y
H106897;05/11/2023;Cardiff Depot;Wales;WP-02;Water Pump 2in;5;23.05;ACC0021;completed;Y
H106898;09/05/2023;Bristol Depot;South West;DM-09;Diesel Dumper 9T;3;137.31;ACC0151;completed;N
H106899;04/07/2024;Glasgow Depot;Scotland;HD-BRK;Hydraulic Breaker;1;67.19;;open;Y
H106900;28/10/2024;Norwich Depot;East;TL-01;Telehandler 4m;2;184.74;ACC0096;completed;N
H106901;26/09/2023;Bristol Depot;South West;SF-TOW;Site Tower Light;5;54.99;ACC0259;completed;Y
H106902;05/04/2024;Leeds Depot;North;HD-BRK;Hydraulic Breaker;2;59.04;ACC0023;completed;Y
H106903;05/11/2023;Cardiff Depot;Wales;PB-15;Powered Barrow;3;43.38;ACC0092;completed;Y
H106904;23/07/2023;Bristol Depot;South West;SF-TOW;Site Tower Light;2;55.64;ACC0251;completed;Y
H106905;30/06/2024;Glasgow Depot;Scotland;DM-09;Diesel Dumper 9T;1;155.74;ACC0237;completed;Y
H106906;10/02/2024;Bristol Depot;South West;DM-09;Diesel Dumper 9T;2;134.53;ACC0001;completed;Y
H106907;10/07/2024;Leeds Depot;North;SC-22;Scissor Lift 22ft;2;78.31;ACC0061;completed;N
H106908;29/10/2024;Cardiff Depot;Wales;SF-TOW;Site Tower Light;5;50.82;ACC0237;completed;Y
H106909;26/03/2024;Norwich Depot;East;GEN-60;60kVA Generator;5;91.75;ACC0248;completed;Y
H106910;07/09/2024;Cardiff Depot;Wales;SC-22;Scissor Lift 22ft;2;73.06;ACC0256;completed;Y
H106911;24/09/2024;Cardiff Depot;Wales;WP-02;Water Pump 2in;2;24.17;ACC0140;completed;Y
H106912;10/07/2023;Leeds Depot;North;CM-350;Concrete Mixer 350L;3;32.9;ACC0064;open;N
H106913;02/02/2024;Leeds Depot;North;WP-02;Water Pump 2in;7;20.9;ACC0226;completed;Y
H106914;22/03/2024;Norwich Depot;East;WP-02;Water Pump 2in;14;23.22;ACC0029;completed;N
H106915;08/07/2023;Cardiff Depot;Wales;SF-TOW;Site Tower Light;2;48.94;ACC0103;completed;Y
H106916;05/06/2023;Bristol Depot;South West;CM-350;Concrete Mixer 350L;3;33.75;ACC0163;completed;Y
H106917;15/04/2024;Leeds Depot;North;SC-22;Scissor Lift 22ft;5;72.55;;completed;N
H106918;25/12/2024;Bristol Depot;South West;DM-09;Diesel Dumper 9T;2;152.49;ACC0227;completed;N
H106919;20/06/2023;Glasgow Depot;Scotland;PB-15;Powered Barrow;2;43.6;;completed;Y
H106920;27/11/2023;Bristol Depot;South West;TL-01;Telehandler 4m;1;184.02;ACC0235;completed;Y
H106921;07/10/2023;Norwich Depot;East;SC-22;Scissor Lift 22ft;14;84.29;ACC0009;open;Y
H106922;14/07/2023;Bristol Depot;South West;TL-01;Telehandler 4m;7;195.95;ACC0237;completed;Y
H106923;16/07/2024;Leeds Depot;North;SC-22;Scissor Lift 22ft;1;76.91;ACC0023;completed;Y
H106924;17/07/2023;Norwich Depot;East;CM-350;Concrete Mixer 350L;2;35.23;ACC0080;completed;Y
H106925;09/08/2023;Glasgow Depot;Scotland;GEN-60;60kVA Generator;2;93.05;ACC0043;completed;Y
H106926;21/04/2024;Glasgow Depot;Scotland;SF-TOW;Site Tower Light;3;52.65;;completed;Y
H106927;17/08/2023;Leeds Depot;North;HD-BRK;Hydraulic Breaker;3;60.97;;completed;N
H106928;28/08/2024;Glasgow Depot;Scotland;PB-15;Powered Barrow;1;40.81;ACC0012;completed;Y
H106929;15/11/2023;Cardiff Depot;Wales;WP-02;Water Pump 2in;2;21.13;ACC0219;completed;Y
H106930;03/10/2024;Norwich Depot;East;PB-15;Powered Barrow;5;39.39;ACC0065;completed;Y
H106931;01/03/2024;Leeds Depot;North;SF-TOW;Site Tower Light;7;48.41;ACC0057;completed;Y
H106932;27/05/2024;Bristol Depot;South West;PB-15;Powered Barrow;-1;43.12;ACC0048;cancelled;Y
H106933;08/12/2024;Leeds Depot;North;CM-350;Concrete Mixer 350L;5;33.12;ACC0121;completed;Y
H106934;23/04/2023;Norwich Depot;East;PB-15;Powered Barrow;1;42.02;ACC0024;completed;Y
H106935;13/06/2024;Leeds Depot;North;GEN-60;60kVA Generator;1;89.15;ACC0041;completed;Y
H106936;03/04/2023;Cardiff Depot;Wales;TL-01;Telehandler 4m;28;176.97;ACC0070;completed;Y
H106937;11/12/2023;Bristol Depot;South West;TL-01;Telehandler 4m;3;186.98;ACC0101;completed;Y
H106938;10/10/2024;Leeds Depot;North;WP-02;Water Pump 2in;-1;21.54;ACC0184;cancelled;Y
H106939;06/04/2024;Cardiff Depot;Wales;CM-350;Concrete Mixer 350L;14;32.3;ACC0168;completed;Y
H106940;06/06/2024;Leeds Depot;North;WP-02;Water Pump 2in;28;22.26;ACC0195;completed;Y
H106941;07/05/2023;Glasgow Depot;Scotland;SC-22;Scissor Lift 22ft;-3;78.0;;cancelled;Y
H106942;18/04/2024;Cardiff Depot;Wales;HD-BRK;Hydraulic Breaker;3;63.22;;completed;Y
H106943;22/12/2024;Glasgow Depot;Scotland;SF-TOW;Site Tower Light;14;54.28;ACC0254;completed;Y
H106944;23/07/2023;Cardiff Depot;Wales;SC-22;Scissor Lift 22ft;1;80.27;ACC0049;completed;Y
H106945;19/08/2023;Leeds Depot;North;TL-01;Telehandler 4m;1;179.44;ACC0066;open;Y
H106946;05/08/2023;Glasgow Depot;Scotland;GEN-60;60kVA Generator;3;103.67;ACC0128;completed;Y
H106947;28/06/2023;Cardiff Depot;Wales;GEN-60;60kVA Generator;2;101.27;ACC0008;completed;N
H106948;11/10/2024;Cardiff Depot;Wales;SC-22;Scissor Lift 22ft;3;72.4;ACC0049;completed;Y
H106949;22/08/2023;Leeds Depot;North;GEN-60;60kVA Generator;14;97.89;ACC0257;completed;Y
H106950;24/09/2024;Norwich Depot;East;WP-02;Water Pump 2in;3;22.88;ACC0043;completed;N
H106951;13/01/2024;Norwich Depot;East;EX-140;13T Excavator;7;324.31;;completed;Y
H106952;30/05/2024;Glasgow Depot;Scotland;SF-TOW;Site Tower Light;28;54.06;ACC0030;open;Y
H106953;04/02/2024;Cardiff Depot;Wales;DM-09;Diesel Dumper 9T;2;147.93;ACC0177;completed;Y
H106954;03/05/2024;Cardiff Depot;Wales;WP-02;Water Pump 2in;1;23.59;;completed;N
H106955;09/07/2024;Norwich Depot;East;WP-02;Water Pump 2in;3;24.17;ACC0112;completed;Y
H106956;17/09/2023;Bristol Depot;South West;GEN-60;60kVA Generator;14;88.5;ACC0042;open;Y
H106957;30/07/2023;Bristol Depot;South West;GEN-60;60kVA Generator;7;90.01;ACC0142;completed;Y
H106958;18/08/2024;Cardiff Depot;Wales;PB-15;Powered Barrow;5;42.17;ACC0206;completed;Y
H106959;08/01/2024;Glasgow Depot;Scotland;EX-140;13T Excavator;2;303.54;ACC0137;completed;Y
H106960;24/09/2024;Bristol Depot;South West;CM-350;Concrete Mixer 350L;2;33.9;ACC0063;completed;N
H106961;29/08/2023;Glasgow Depot;Scotland;GEN-60;60kVA Generator;2;100.65;ACC0118;completed;Y
H106962;18/09/2024;Bristol Depot;South West;DM-09;Diesel Dumper 9T;1;147.31;ACC0244;completed;Y
H106963;26/04/2023;Bristol Depot;South West;SC-22;Scissor Lift 22ft;2;76.0;ACC0017;completed;Y
H106964;02/07/2023;Cardiff Depot;Wales;WP-02;Water Pump 2in;2;21.64;ACC0162;completed;Y
H106965;14/11/2023;Bristol Depot;South West;GEN-60;60kVA Generator;14;101.31;ACC0078;completed;Y
H106966;14/04/2024;Cardiff Depot;Wales;PB-15;Powered Barrow;14;43.54;ACC0170;completed;N
H106967;12/09/2023;Cardiff Depot;Wales;DM-09;Diesel Dumper 9T;2;145.22;ACC0062;completed;Y
H106968;09/05/2024;Cardiff Depot;Wales;CM-350;Concrete Mixer 350L;1;33.46;;completed;Y
H106969;03/06/2024;Glasgow Depot;Scotland;SC-22;Scissor Lift 22ft;2;73.68;ACC0020;completed;Y
H106970;18/10/2024;Glasgow Depot;Scotland;TL-01;Telehandler 4m;14;194.76;ACC0030;completed;Y
H106971;28/11/2023;Cardiff Depot;Wales;DM-09;Diesel Dumper 9T;2;134.1;ACC0078;completed;Y
H106972;15/12/2024;Glasgow Depot;Scotland;GEN-60;60kVA Generator;1;91.52;ACC0252;completed;Y
H106973;21/01/2024;Norwich Depot;East;WP-02;Water Pump 2in;2;20.99;ACC0135;completed;Y
H106974;25/08/2023;Glasgow Depot;Scotland;SF-TOW;Site Tower Light;1;54.12;ACC0026;completed;N
H106975;10/11/2024;Glasgow Depot;Scotland;CM-350;Concrete Mixer 350L;2;35.13;;completed;Y
H106976;01/11/2024;Cardiff Depot;Wales;SC-22;Scissor Lift 22ft;2;75.22;ACC0070;completed;Y
H106977;17/11/2024;Glasgow Depot;Scotland;TL-01;Telehandler 4m;5;181.51;;completed;Y
H106978;15/11/2023;Cardiff Depot;Wales;CM-350;Concrete Mixer 350L;7;32.42;ACC0012;completed;Y
H106979;06/05/2024;Cardiff Depot;Wales;CM-350;Concrete Mixer 350L;1;32.67;ACC0121;completed;Y
H106980;03/06/2024;Norwich Depot;East;DM-09;Diesel Dumper 9T;3;134.36;ACC0246;completed;Y
H106981;20/06/2023;Glasgow Depot;Scotland;SC-22;Scissor Lift 22ft;5;72.43;ACC0211;completed;Y
H106982;22/11/2024;Glasgow Depot;Scotland;SC-22;Scissor Lift 22ft;14;74.38;ACC0035;completed;Y
H106983;01/05/2024;Glasgow Depot;Scotland;SF-TOW;Site Tower Light;2;53.5;ACC0010;completed;Y
H106984;03/10/2023;Bristol Depot;South West;WP-02;Water Pump 2in;1;22.26;ACC0106;completed;Y
H106985;29/03/2024;Leeds Depot;North;HD-BRK;Hydraulic Breaker;3;67.14;ACC0166;completed;Y
H106986;31/08/2023;Bristol Depot;South West;HD-BRK;Hydraulic Breaker;5;61.4;;completed;N
H106987;26/01/2024;Leeds Depot;North;WP-02;Water Pump 2in;3;20.75;ACC0149;completed;Y
H106988;15/09/2024;Norwich Depot;East;DM-09;Diesel Dumper 9T;28;133.67;ACC0040;completed;Y
H106989;02/11/2024;Leeds Depot;North;SC-22;Scissor Lift 22ft;7;79.76;ACC0213;completed;N
H106990;01/09/2023;Bristol Depot;South West;SF-TOW;Site Tower Light;1;48.76;ACC0256;completed;Y
H106991;29/12/2024;Bristol Depot;South West;TL-01;Telehandler 4m;3;189.66;ACC0154;completed;N
H106992;12/04/2024;Cardiff Depot;Wales;CM-350;Concrete Mixer 350L;5;35.33;ACC0141;completed;Y
H106993;12/11/2023;Glasgow Depot;Scotland;SF-TOW;Site Tower Light;2;51.41;ACC0239;open;Y
H106994;05/06/2024;Leeds Depot;North;SF-TOW;Site Tower Light;1;48.17;ACC0172;completed;Y
H106995;30/06/2023;Bristol Depot;South West;HD-BRK;Hydraulic Breaker;2;61.75;ACC0168;completed;N
H106996;15/07/2024;Leeds Depot;North;SF-TOW;Site Tower Light;1;48.67;ACC0164;completed;Y
H106997;05/12/2024;Norwich Depot;East;SC-22;Scissor Lift 22ft;7;77.61;ACC0011;completed;Y
H106998;13/06/2023;Leeds Depot;North;CM-350;Concrete Mixer 350L;1;33.53;ACC0015;completed;N
H106999;05/01/2024;Glasgow Depot;Scotland;DM-09;Diesel Dumper 9T;1;139.2;ACC0062;completed;Y
H107000;08/08/2023;Glasgow Depot;Scotland;EX-140;13T Excavator;2;321.47;ACC0149;completed;Y
H107001;30/01/2024;Leeds Depot;North;GEN-60;60kVA Generator;2;92.4;ACC0175;open;Y
H107002;16/10/2023;Glasgow Depot;Scotland;PB-15;Powered Barrow;3;38.71;ACC0183;completed;N
H107003;03/09/2024;Cardiff Depot;Wales;SF-TOW;Site Tower Light;2;49.87;ACC0004;completed;Y
H107004;19/12/2024;Norwich Depot;East;SC-22;Scissor Lift 22ft;5;79.39;ACC0111;completed;N
H107005;02/11/2023;Norwich Depot;East;DM-09;Diesel Dumper 9T;3;144.85;;completed;Y
H107006;29/06/2023;Norwich Depot;East;DM-09;Diesel Dumper 9T;7;140.9;ACC0046;completed;Y
H107007;28/06/2023;Glasgow Depot;Scotland;GEN-60;60kVA Generator;1;97.03;ACC0137;completed;Y
H107008;31/01/2024;Glasgow Depot;Scotland;CM-350;Concrete Mixer 350L;7;35.78;ACC0099;completed;Y
H107009;27/06/2024;Bristol Depot;South West;DM-09;Diesel Dumper 9T;1;155.22;;completed;Y
H107010;05/07/2024;Bristol Depot;South West;CM-350;Concrete Mixer 350L;1;36.41;ACC0179;completed;Y
H107011;24/12/2024;Norwich Depot;East;WP-02;Water Pump 2in;1;21.88;ACC0126;completed;Y
H107012;04/11/2023;Norwich Depot;East;GEN-60;60kVA Generator;5;90.96;;completed;Y
H107013;10/09/2023;Norwich Depot;East;SC-22;Scissor Lift 22ft;-1;77.37;ACC0077;cancelled;Y
H107014;31/01/2024;Leeds Depot;North;HD-BRK;Hydraulic Breaker;-2;63.19;ACC0099;cancelled;Y
H107015;04/02/2024;Cardiff Depot;Wales;CM-350;Concrete Mixer 350L;1;34.78;ACC0189;completed;Y
H107016;09/04/2023;Leeds Depot;North;DM-09;Diesel Dumper 9T;1;140.6;ACC0102;completed;Y
H107017;15/06/2023;Cardiff Depot;Wales;WP-02;Water Pump 2in;2;21.63;ACC0106;completed;N
H107018;24/04/2024;Glasgow Depot;Scotland;SC-22;Scissor Lift 22ft;7;83.48;ACC0196;completed;N
H107019;12/03/2024;Leeds Depot;North;SC-22;Scissor Lift 22ft;2;76.43;ACC0224;completed;Y
H107020;30/11/2024;Bristol Depot;South West;CM-350;Concrete Mixer 350L;3;35.66;ACC0169;completed;N
H107021;30/05/2024;Norwich Depot;East;GEN-60;60kVA Generator;5;101.25;ACC0036;completed;Y
H107022;15/08/2023;Bristol Depot;South West;WP-02;Water Pump 2in;7;22.38;ACC0095;completed;Y
H107023;31/12/2023;Bristol Depot;South West;SC-22;Scissor Lift 22ft;7;75.48;ACC0037;completed;Y
H107024;17/03/2024;Glasgow Depot;Scotland;EX-140;13T Excavator;-1;334.57;ACC0113;cancelled;Y
H107025;19/11/2023;Cardiff Depot;Wales;WP-02;Water Pump 2in;3;21.56;ACC0232;open;Y
H107026;07/06/2023;Leeds Depot;North;GEN-60;60kVA Generator;2;100.45;ACC0184;completed;Y
H107027;26/12/2023;Bristol Depot;South West;WP-02;Water Pump 2in;1;23.05;ACC0053;completed;Y
H107028;02/12/2024;Cardiff Depot;Wales;DM-09;Diesel Dumper 9T;3;154.63;ACC0146;completed;N
H107029;05/11/2024;Cardiff Depot;Wales;PB-15;Powered Barrow;1;42.66;ACC0102;completed;Y
H107030;05/11/2024;Norwich Depot;East;SC-22;Scissor Lift 22ft;5;78.82;ACC0067;completed;Y
H107031;06/05/2024;Cardiff Depot;Wales;TL-01;Telehandler 4m;2;195.92;ACC0024;completed;Y
H107032;26/01/2024;Cardiff Depot;Wales;PB-15;Powered Barrow;7;38.64;ACC0143;completed;Y
H107033;13/06/2023;Norwich Depot;East;WP-02;Water Pump 2in;-1;24.08;ACC0217;cancelled;N
H107034;02/06/2024;Cardiff Depot;Wales;HD-BRK;Hydraulic Breaker;3;68.49;ACC0254;completed;N
H107035;25/07/2024;Cardiff Depot;Wales;SF-TOW;Site Tower Light;2;53.85;ACC0143;completed;Y
H107036;23/08/2023;Cardiff Depot;Wales;HD-BRK;Hydraulic Breaker;2;67.34;ACC0018;completed;Y
H107037;02/12/2024;Norwich Depot;East;SC-22;Scissor Lift 22ft;7;80.51;ACC0167;completed;Y
H107038;21/11/2024;Bristol Depot;South West;EX-140;13T Excavator;-14;308.4;;cancelled;Y
H107039;12/09/2023;Glasgow Depot;Scotland;TL-01;Telehandler 4m;14;197.31;;completed;N
H107040;28/05/2024;Glasgow Depot;Scotland;SC-22;Scissor Lift 22ft;14;81.08;ACC0010;completed;Y
H107041;03/09/2024;Cardiff Depot;Wales;GEN-60;60kVA Generator;1;89.97;;completed;Y
H107042;16/11/2023;Bristol Depot;South West;HD-BRK;Hydraulic Breaker;5;64.96;;completed;Y
H107043;29/12/2024;Norwich Depot;East;SC-22;Scissor Lift 22ft;1;79.83;ACC0197;completed;Y
H107044;15/11/2024;Bristol Depot;South West;GEN-60;60kVA Generator;3;91.38;ACC0205;completed;N
H107045;12/12/2023;Leeds Depot;North;SC-22;Scissor Lift 22ft;1;81.4;ACC0182;completed;Y
H107046;13/07/2024;Cardiff Depot;Wales;WP-02;Water Pump 2in;14;21.14;ACC0243;completed;Y
H107047;15/10/2024;Norwich Depot;East;TL-01;Telehandler 4m;-2;180.6;;cancelled;Y
H107048;14/12/2024;Bristol Depot;South West;CM-350;Concrete Mixer 350L;1;36.53;ACC0034;completed;N
H107049;28/12/2023;Norwich Depot;East;PB-15;Powered Barrow;14;43.67;ACC0041;completed;Y
H107050;27/04/2024;Norwich Depot;East;DM-09;Diesel Dumper 9T;28;153.94;;completed;N
H107051;17/04/2024;Glasgow Depot;Scotland;GEN-60;60kVA Generator;2;97.13;ACC0101;open;Y
H107052;25/09/2023;Cardiff Depot;Wales;SF-TOW;Site Tower Light;14;51.18;ACC0141;completed;Y
H107053;15/12/2024;Leeds Depot;North;CM-350;Concrete Mixer 350L;5;32.0;ACC0243;completed;Y
H107054;25/06/2024;Glasgow Depot;Scotland;SC-22;Scissor Lift 22ft;2;78.12;ACC0173;completed;Y
H107055;28/08/2024;Glasgow Depot;Scotland;GEN-60;60kVA Generator;1;95.59;ACC0007;completed;Y
H107056;16/10/2024;Cardiff Depot;Wales;CM-350;Concrete Mixer 350L;-1;34.66;ACC0055;cancelled;N
H107057;14/12/2024;Leeds Depot;North;SF-TOW;Site Tower Light;3;48.01;ACC0046;completed;Y
H107058;17/04/2023;Leeds Depot;North;SC-22;Scissor Lift 22ft;3;84.52;;completed;Y
H107059;14/10/2024;Leeds Depot;North;SC-22;Scissor Lift 22ft;1;72.3;ACC0180;completed;Y
H107060;31/05/2024;Glasgow Depot;Scotland;WP-02;Water Pump 2in;7;21.68;ACC0240;completed;Y
H107061;28/06/2023;Bristol Depot;South West;PB-15;Powered Barrow;-1;38.47;ACC0065;cancelled;Y
H107062;03/03/2024;Leeds Depot;North;GEN-60;60kVA Generator;14;90.12;ACC0039;completed;Y
H107063;08/06/2024;Glasgow Depot;Scotland;SC-22;Scissor Lift 22ft;-1;75.55;ACC0085;cancelled;Y
H107064;10/10/2024;Leeds Depot;North;WP-02;Water Pump 2in;2;22.6;ACC0079;completed;N
H107065;30/06/2024;Leeds Depot;North;DM-09;Diesel Dumper 9T;28;145.72;ACC0017;completed;Y
H107066;08/11/2023;Norwich Depot;East;WP-02;Water Pump 2in;5;22.34;ACC0024;open;N
H107067;10/03/2024;Bristol Depot;South West;SC-22;Scissor Lift 22ft;7;79.88;ACC0228;completed;Y
H107068;28/11/2024;Bristol Depot;South West;WP-02;Water Pump 2in;1;21.4;ACC0032;completed;N
H107069;26/11/2023;Glasgow Depot;Scotland;TL-01;Telehandler 4m;1;198.99;ACC0105;completed;Y
H107070;26/05/2023;Norwich Depot;East;DM-09;Diesel Dumper 9T;5;141.67;ACC0009;completed;N
H107071;28/07/2023;Cardiff Depot;Wales;CM-350;Concrete Mixer 350L;1;33.34;ACC0205;completed;N
H107072;03/01/2024;Leeds Depot;North;SC-22;Scissor Lift 22ft;1;75.55;ACC0187;completed;N
H107073;14/12/2023;Glasgow Depot;Scotland;CM-350;Concrete Mixer 350L;2;32.65;ACC0027;completed;N
H107074;30/11/2023;Norwich Depot;East;SF-TOW;Site Tower Light;-1;49.76;ACC0078;cancelled;Y
H107075;30/12/2023;Norwich Depot;East;SF-TOW;Site Tower Light;2;50.28;ACC0154;completed;Y
H107076;20/04/2023;Norwich Depot;East;TL-01;Telehandler 4m;1;202.09;ACC0033;completed;Y
H107077;27/01/2024;Leeds Depot;North;WP-02;Water Pump 2in;1;23.7;ACC0051;completed;Y
H107078;06/03/2024;Bristol Depot;South West;CM-350;Concrete Mixer 350L;1;36.71;ACC0136;completed;Y
H107079;01/04/2023;Glasgow Depot;Scotland;DM-09;Diesel Dumper 9T;3;155.11;ACC0015;completed;N
H107080;14/04/2024;Bristol Depot;South West;SF-TOW;Site Tower Light;7;49.42;ACC0109;completed;Y
H107081;24/11/2024;Cardiff Depot;Wales;WP-02;Water Pump 2in;1;21.37;ACC0087;completed;Y
H107082;09/01/2024;Cardiff Depot;Wales;WP-02;Water Pump 2in;2;22.04;ACC0120;completed;Y
H107083;31/12/2024;Cardiff Depot;Wales;CM-350;Concrete Mixer 350L;2;33.86;ACC0050;completed;Y
H107084;08/05/2023;Bristol Depot;South West;PB-15;Powered Barrow;1;40.74;ACC0219;completed;Y
H107085;21/12/2024;Bristol Depot;South West;WP-02;Water Pump 2in;2;23.12;ACC0191;completed;Y
H107086;19/08/2023;Bristol Depot;South West;SF-TOW;Site Tower Light;1;47.97;ACC0191;completed;Y
H107087;01/01/2024;Glasgow Depot;Scotland;SC-22;Scissor Lift 22ft;14;79.85;ACC0052;completed;Y
H107088;06/04/2023;Leeds Depot;North;SC-22;Scissor Lift 22ft;1;84.21;;completed;N
H107089;15/10/2023;Leeds Depot;North;WP-02;Water Pump 2in;1;23.98;ACC0048;completed;Y
H107090;10/05/2024;Norwich Depot;East;TL-01;Telehandler 4m;7;173.89;ACC0134;completed;Y
H107091;11/09/2024;Norwich Depot;East;SF-TOW;Site Tower Light;2;53.78;ACC0078;completed;Y
H107092;30/05/2023;Glasgow Depot;Scotland;SC-22;Scissor Lift 22ft;2;78.73;;completed;Y
H107093;05/09/2024;Bristol Depot;South West;HD-BRK;Hydraulic Breaker;3;60.05;ACC0084;completed;Y
H107094;26/03/2024;Bristol Depot;South West;PB-15;Powered Barrow;1;43.67;ACC0071;completed;Y
H107095;25/03/2024;Glasgow Depot;Scotland;PB-15;Powered Barrow;7;42.96;ACC0052;open;Y
H107096;26/09/2024;Leeds Depot;North;CM-350;Concrete Mixer 350L;1;31.9;ACC0169;completed;Y
H107097;15/06/2024;Glasgow Depot;Scotland;DM-09;Diesel Dumper 9T;1;155.82;;completed;Y
H107098;25/11/2024;Glasgow Depot;Scotland;HD-BRK;Hydraulic Breaker;3;65.88;ACC0060;completed;Y
H107099;28/06/2024;Norwich Depot;East;SF-TOW;Site Tower Light;2;55.71;;open;N
H107100;31/08/2023;Glasgow Depot;Scotland;GEN-60;60kVA Generator;7;88.8;ACC0138;completed;Y
H107101;10/09/2024;Leeds Depot;North;PB-15;Powered Barrow;3;43.95;ACC0091;completed;Y
H107102;07/09/2023;Glasgow Depot;Scotland;WP-02;Water Pump 2in;1;23.75;ACC0184;completed;N
H107103;13/01/2024;Cardiff Depot;Wales;GEN-60;60kVA Generator;-1;95.86;ACC0210;cancelled;N
H107104;16/02/2024;Bristol Depot;South West;WP-02;Water Pump 2in;1;23.79;ACC0230;completed;Y
H107105;06/08/2023;Norwich Depot;East;TL-01;Telehandler 4m;2;182.9;ACC0034;completed;N
H107106;20/11/2023;Cardiff Depot;Wales;CM-350;Concrete Mixer 350L;28;32.28;;completed;Y
H107107;23/01/2024;Norwich Depot;East;TL-01;Telehandler 4m;7;189.63;ACC0137;completed;N
H107108;26/04/2023;Cardiff Depot;Wales;DM-09;Diesel Dumper 9T;1;154.15;;completed;Y
H107109;23/10/2023;Leeds Depot;North;PB-15;Powered Barrow;1;41.72;ACC0180;completed;N
H107110;28/10/2023;Cardiff Depot;Wales;GEN-60;60kVA Generator;5;94.43;ACC0178;completed;Y
H107111;19/09/2024;Cardiff Depot;Wales;SF-TOW;Site Tower Light;1;48.03;ACC0084;completed;N
H107112;03/01/2024;Cardiff Depot;Wales;SC-22;Scissor Lift 22ft;3;75.24;ACC0232;completed;Y
H107113;24/09/2023;Cardiff Depot;Wales;EX-140;13T Excavator;7;324.69;ACC0023;completed;Y
H107114;13/12/2024;Glasgow Depot;Scotland;CM-350;Concrete Mixer 350L;1;32.43;ACC0093;completed;Y
H107115;14/05/2023;Leeds Depot;North;GEN-60;60kVA Generator;1;95.26;ACC0003;completed;Y
H107116;12/12/2023;Bristol Depot;South West;HD-BRK;Hydraulic Breaker;1;68.16;ACC0063;completed;N
H107117;10/07/2023;Cardiff Depot;Wales;SF-TOW;Site Tower Light;7;54.39;ACC0148;completed;N
H107118;22/05/2024;Norwich Depot;East;DM-09;Diesel Dumper 9T;7;138.76;ACC0088;completed;Y
H107119;27/08/2023;Norwich Depot;East;SF-TOW;Site Tower Light;-5;48.28;ACC0136;cancelled;Y
H107120;27/05/2024;Leeds Depot;North;WP-02;Water Pump 2in;2;21.71;ACC0213;open;N
H107121;01/12/2023;Leeds Depot;North;SF-TOW;Site Tower Light;2;55.57;ACC0044;completed;Y
H107122;29/07/2023;Bristol Depot;South West;WP-02;Water Pump 2in;1;21.92;ACC0195;completed;Y
H107123;19/05/2024;Norwich Depot;East;GEN-60;60kVA Generator;14;102.09;ACC0089;completed;Y
H107124;29/09/2024;Glasgow Depot;Scotland;WP-02;Water Pump 2in;2;24.25;ACC0009;completed;Y
H107125;04/03/2024;Glasgow Depot;Scotland;TL-01;Telehandler 4m;5;202.63;ACC0187;completed;Y
H107126;13/07/2024;Bristol Depot;South West;PB-15;Powered Barrow;7;41.23;ACC0100;completed;Y
H107127;31/12/2024;Norwich Depot;East;WP-02;Water Pump 2in;1;23.94;ACC0211;completed;Y
H107128;12/01/2024;Glasgow Depot;Scotland;PB-15;Powered Barrow;3;44.17;ACC0254;completed;Y
H107129;16/10/2023;Glasgow Depot;Scotland;SF-TOW;Site Tower Light;7;51.73;ACC0168;completed;Y
H107130;24/02/2024;Glasgow Depot;Scotland;DM-09;Diesel Dumper 9T;7;143.6;ACC0201;completed;Y
H107131;15/11/2023;Cardiff Depot;Wales;GEN-60;60kVA Generator;2;101.83;ACC0207;completed;Y
H107132;13/04/2023;Norwich Depot;East;SC-22;Scissor Lift 22ft;2;77.09;ACC0135;completed;Y
H107133;24/08/2023;Bristol Depot;South West;CM-350;Concrete Mixer 350L;1;34.4;ACC0200;completed;Y
H107134;01/11/2023;Glasgow Depot;Scotland;GEN-60;60kVA Generator;2;96.33;ACC0160;completed;Y
H107135;29/09/2024;Glasgow Depot;Scotland;TL-01;Telehandler 4m;2;181.08;ACC0022;completed;Y
H107136;10/01/2024;Cardiff Depot;Wales;SC-22;Scissor Lift 22ft;2;76.62;ACC0049;completed;Y
H107137;22/12/2024;Leeds Depot;North;DM-09;Diesel Dumper 9T;2;150.57;ACC0059;completed;Y
H107138;20/10/2024;Cardiff Depot;Wales;GEN-60;60kVA Generator;2;96.75;;open;Y
H107139;19/04/2023;Glasgow Depot;Scotland;SF-TOW;Site Tower Light;7;48.14;ACC0065;completed;Y
H107140;04/07/2024;Glasgow Depot;Scotland;GEN-60;60kVA Generator;2;102.05;ACC0064;completed;N
H107141;28/11/2024;Leeds Depot;North;SC-22;Scissor Lift 22ft;3;72.84;ACC0059;completed;Y
H107142;21/02/2024;Leeds Depot;North;SF-TOW;Site Tower Light;1;52.06;ACC0205;completed;Y
H107143;18/12/2023;Leeds Depot;North;WP-02;Water Pump 2in;1;24.19;ACC0164;completed;Y
H107144;01/10/2024;Bristol Depot;South West;CM-350;Concrete Mixer 350L;1;32.89;ACC0120;completed;Y
H107145;27/07/2023;Bristol Depot;South West;GEN-60;60kVA Generator;3;99.13;ACC0092;open;Y
H107146;12/10/2023;Leeds Depot;North;GEN-60;60kVA Generator;3;102.5;ACC0203;completed;N
H107147;21/09/2023;Bristol Depot;South West;TL-01;Telehandler 4m;14;183.77;ACC0111;completed;Y
H107148;07/05/2023;Norwich Depot;East;PB-15;Powered Barrow;-1;40.45;ACC0101;cancelled;N
H107149;03/07/2023;Bristol Depot;South West;PB-15;Powered Barrow;2;41.01;ACC0082;completed;Y
H107150;26/11/2023;Leeds Depot;North;GEN-60;60kVA Generator;5;92.31;ACC0065;completed;Y
H107151;31/08/2023;Norwich Depot;East;EX-140;13T Excavator;1;321.23;;completed;Y
H107152;09/07/2023;Bristol Depot;South West;CM-350;Concrete Mixer 350L;5;32.03;ACC0005;completed;Y
H107153;10/09/2024;Leeds Depot;North;WP-02;Water Pump 2in;3;23.43;ACC0242;completed;Y
H107154;13/02/2024;Bristol Depot;South West;WP-02;Water Pump 2in;28;24.15;ACC0014;completed;Y
H107155;14/09/2024;Glasgow Depot;Scotland;HD-BRK;Hydraulic Breaker;1;65.68;ACC0041;completed;Y
H107156;10/07/2024;Cardiff Depot;Wales;SC-22;Scissor Lift 22ft;3;78.41;ACC0149;completed;Y
H107157;21/04/2023;Norwich Depot;East;WP-02;Water Pump 2in;1;23.69;ACC0074;completed;Y
H107158;25/09/2023;Bristol Depot;South West;WP-02;Water Pump 2in;1;22.74;ACC0105;completed;Y
H107159;23/08/2023;Cardiff Depot;Wales;EX-140;13T Excavator;2;322.4;ACC0136;completed;Y
H107160;31/07/2024;Bristol Depot;South West;WP-02;Water Pump 2in;-1;23.48;ACC0200;cancelled;Y
H107161;24/09/2023;Glasgow Depot;Scotland;SF-TOW;Site Tower Light;7;54.51;ACC0230;completed;Y
H107162;02/03/2024;Bristol Depot;South West;DM-09;Diesel Dumper 9T;1;137.64;ACC0128;completed;Y
H107163;01/12/2023;Leeds Depot;North;CM-350;Concrete Mixer 350L;1;32.62;ACC0173;completed;Y
H107164;21/04/2023;Glasgow Depot;Scotland;SC-22;Scissor Lift 22ft;7;81.15;ACC0032;completed;Y
H107165;26/03/2024;Leeds Depot;North;HD-BRK;Hydraulic Breaker;2;65.56;ACC0254;completed;Y
H107166;27/12/2023;Glasgow Depot;Scotland;WP-02;Water Pump 2in;2;21.53;ACC0160;completed;Y
H107167;28/12/2024;Norwich Depot;East;DM-09;Diesel Dumper 9T;7;148.95;;completed;Y
H107168;26/08/2023;Leeds Depot;North;SC-22;Scissor Lift 22ft;1;82.39;ACC0250;completed;Y
H107169;30/12/2023;Glasgow Depot;Scotland;CM-350;Concrete Mixer 350L;2;31.81;ACC0027;completed;Y
H107170;31/05/2024;Leeds Depot;North;WP-02;Water Pump 2in;1;21.03;ACC0030;completed;N
H107171;01/01/2024;Leeds Depot;North;HD-BRK;Hydraulic Breaker;2;66.08;ACC0177;completed;Y
H107172;01/09/2023;Glasgow Depot;Scotland;PB-15;Powered Barrow;7;39.87;ACC0116;completed;Y
H107173;21/08/2024;Bristol Depot;South West;CM-350;Concrete Mixer 350L;-1;32.4;ACC0091;cancelled;Y
H107174;03/05/2024;Cardiff Depot;Wales;PB-15;Powered Barrow;2;38.52;;completed;Y
H107175;19/11/2023;Leeds Depot;North;TL-01;Telehandler 4m;5;190.43;ACC0242;completed;Y
H107176;12/10/2023;Norwich Depot;East;WP-02;Water Pump 2in;28;22.81;ACC0226;completed;Y
H107177;12/12/2024;Leeds Depot;North;PB-15;Powered Barrow;28;38.08;ACC0156;completed;Y
H107178;12/09/2024;Norwich Depot;East;GEN-60;60kVA Generator;1;91.83;ACC0096;completed;Y
H107179;05/07/2024;Norwich Depot;East;GEN-60;60kVA Generator;5;102.97;ACC0128;completed;Y
H107180;12/10/2024;Norwich Depot;East;WP-02;Water Pump 2in;1;24.17;ACC0243;completed;Y
H107181;02/11/2024;Glasgow Depot;Scotland;EX-140;13T Excavator;1;302.81;ACC0093;completed;N
H107182;26/06/2024;Bristol Depot;South West;CM-350;Concrete Mixer 350L;2;35.48;ACC0040;completed;Y
H107183;23/11/2024;Glasgow Depot;Scotland;EX-140;13T Excavator;2;329.48;ACC0119;completed;Y
H107184;03/04/2024;Glasgow Depot;Scotland;PB-15;Powered Barrow;14;43.85;ACC0194;completed;N
H107185;24/06/2023;Bristol Depot;South West;PB-15;Powered Barrow;1;41.69;ACC0023;completed;Y
H107186;21/09/2023;Cardiff Depot;Wales;SF-TOW;Site Tower Light;2;55.88;ACC0051;completed;Y
H107187;07/03/2024;Leeds Depot;North;GEN-60;60kVA Generator;2;101.83;ACC0017;completed;Y
H107188;19/10/2023;Bristol Depot;South West;CM-350;Concrete Mixer 350L;2;33.09;ACC0166;completed;Y
H107189;03/02/2024;Bristol Depot;South West;SC-22;Scissor Lift 22ft;3;80.38;ACC0144;completed;Y
H107190;05/12/2023;Norwich Depot;East;TL-01;Telehandler 4m;2;201.5;ACC0059;completed;Y
H107191;05/05/2024;Cardiff Depot;Wales;PB-15;Powered Barrow;1;39.99;ACC0186;completed;N
H107192;12/09/2023;Cardiff Depot;Wales;TL-01;Telehandler 4m;7;188.02;ACC0216;completed;Y
H107193;09/07/2023;Cardiff Depot;Wales;HD-BRK;Hydraulic Breaker;3;67.94;ACC0235;completed;Y
H107194;05/09/2023;Glasgow Depot;Scotland;WP-02;Water Pump 2in;2;21.17;ACC0005;completed;Y
H107195;22/12/2024;Glasgow Depot;Scotland;GEN-60;60kVA Generator;5;93.15;ACC0096;completed;Y
H107196;03/01/2024;Glasgow Depot;Scotland;HD-BRK;Hydraulic Breaker;3;69.09;ACC0207;completed;Y
H107197;25/11/2023;Leeds Depot;North;SF-TOW;Site Tower Light;5;50.8;ACC0237;completed;N
H107198;08/04/2024;Glasgow Depot;Scotland;WP-02;Water Pump 2in;2;22.9;ACC0008;completed;Y
H107199;14/11/2024;Bristol Depot;South West;EX-140;13T Excavator;-7;332.98;;cancelled;Y
H107200;20/12/2023;Norwich Depot;East;EX-140;13T Excavator;2;318.08;ACC0125;completed;N
H107201;26/12/2023;Bristol Depot;South West;WP-02;Water Pump 2in;3;23.62;ACC0051;completed;N
H107202;20/08/2023;Glasgow Depot;Scotland;DM-09;Diesel Dumper 9T;3;155.07;ACC0058;completed;Y
H107203;19/04/2024;Cardiff Depot;Wales;DM-09;Diesel Dumper 9T;2;135.15;ACC0255;completed;Y
H107204;23/08/2024;Norwich Depot;East;GEN-60;60kVA Generator;7;91.5;ACC0029;completed;Y
H107205;02/10/2023;Glasgow Depot;Scotland;SF-TOW;Site Tower Light;3;53.85;ACC0215;completed;N
H107206;12/08/2023;Leeds Depot;North;WP-02;Water Pump 2in;14;23.05;ACC0180;completed;Y
H107207;08/01/2024;Bristol Depot;South West;HD-BRK;Hydraulic Breaker;3;65.9;ACC0194;completed;N
H107208;25/03/2024;Norwich Depot;East;WP-02;Water Pump 2in;14;23.18;ACC0207;completed;Y
H107209;23/09/2023;Leeds Depot;North;WP-02;Water Pump 2in;2;21.79;ACC0056;completed;Y
H107210;18/05/2024;Cardiff Depot;Wales;SF-TOW;Site Tower Light;2;50.38;ACC0095;completed;Y
H107211;18/04/2024;Norwich Depot;East;SC-22;Scissor Lift 22ft;-1;79.76;ACC0139;cancelled;Y
H107212;26/06/2023;Cardiff Depot;Wales;SF-TOW;Site Tower Light;1;50.0;;completed;Y
H107213;11/05/2024;Cardiff Depot;Wales;PB-15;Powered Barrow;14;42.85;;completed;N
H107214;10/10/2023;Cardiff Depot;Wales;CM-350;Concrete Mixer 350L;1;35.06;ACC0092;completed;Y
H107215;08/05/2023;Bristol Depot;South West;SF-TOW;Site Tower Light;2;51.78;;completed;Y
H107216;24/04/2024;Cardiff Depot;Wales;CM-350;Concrete Mixer 350L;2;34.75;ACC0047;completed;Y
H107217;11/10/2024;Norwich Depot;East;HD-BRK;Hydraulic Breaker;2;61.68;ACC0141;completed;Y
H107218;03/12/2023;Norwich Depot;East;SF-TOW;Site Tower Light;7;55.71;ACC0107;completed;Y
H107219;23/10/2024;Cardiff Depot;Wales;TL-01;Telehandler 4m;1;201.54;ACC0018;completed;Y
H107220;19/04/2024;Bristol Depot;South West;CM-350;Concrete Mixer 350L;3;33.8;ACC0083;completed;Y
H107221;23/11/2023;Norwich Depot;East;CM-350;Concrete Mixer 350L;14;35.81;ACC0109;completed;Y
H107222;15/10/2023;Leeds Depot;North;SC-22;Scissor Lift 22ft;2;78.17;ACC0173;completed;Y
H107223;22/11/2023;Leeds Depot;North;PB-15;Powered Barrow;3;39.64;ACC0148;completed;N
H107224;09/11/2023;Glasgow Depot;Scotland;GEN-60;60kVA Generator;2;101.48;ACC0171;completed;Y
H107225;03/10/2024;Leeds Depot;North;SF-TOW;Site Tower Light;1;56.13;ACC0122;completed;Y
H107226;02/10/2024;Leeds Depot;North;PB-15;Powered Barrow;5;38.12;ACC0069;completed;Y
H107227;11/03/2024;Glasgow Depot;Scotland;WP-02;Water Pump 2in;5;23.53;ACC0030;completed;Y
H107228;09/10/2023;Leeds Depot;North;CM-350;Concrete Mixer 350L;3;35.2;ACC0033;completed;Y
H107229;06/04/2023;Cardiff Depot;Wales;EX-140;13T Excavator;1;307.8;ACC0005;completed;Y
H107230;02/05/2024;Leeds Depot;North;CM-350;Concrete Mixer 350L;14;35.51;ACC0097;completed;Y
H107231;31/10/2023;Norwich Depot;East;CM-350;Concrete Mixer 350L;2;36.54;ACC0240;completed;Y
H107232;23/09/2024;Norwich Depot;East;WP-02;Water Pump 2in;3;23.69;;completed;Y
H107233;26/04/2024;Glasgow Depot;Scotland;CM-350;Concrete Mixer 350L;5;34.35;ACC0250;completed;Y
H107234;03/02/2024;Bristol Depot;South West;CM-350;Concrete Mixer 350L;1;35.37;ACC0060;completed;Y
H107235;15/08/2024;Glasgow Depot;Scotland;WP-02;Water Pump 2in;1;23.61;;completed;N
H107236;21/09/2023;Cardiff Depot;Wales;PB-15;Powered Barrow;5;39.33;ACC0052;completed;Y
H107237;08/01/2024;Glasgow Depot;Scotland;HD-BRK;Hydraulic Breaker;3;65.49;ACC0147;completed;Y
H107238;06/05/2023;Norwich Depot;East;SC-22;Scissor Lift 22ft;7;77.36;ACC0208;completed;Y
H107239;23/08/2023;Norwich Depot;East;HD-BRK;Hydraulic Breaker;7;58.93;;completed;Y
H107240;25/05/2024;Leeds Depot;North;DM-09;Diesel Dumper 9T;1;148.64;ACC0017;completed;Y
H107241;14/07/2023;Norwich Depot;East;SF-TOW;Site Tower Light;1;51.14;ACC0133;completed;Y
H107242;28/12/2023;Glasgow Depot;Scotland;GEN-60;60kVA Generator;1;89.43;ACC0116;completed;Y
H107243;20/12/2024;Norwich Depot;East;WP-02;Water Pump 2in;-7;23.76;ACC0147;cancelled;Y
H107244;18/08/2023;Leeds Depot;North;WP-02;Water Pump 2in;5;21.12;ACC0169;completed;Y
H107245;12/04/2023;Leeds Depot;North;PB-15;Powered Barrow;1;40.9;ACC0233;completed;Y
H107246;25/01/2024;Leeds Depot;North;GEN-60;60kVA Generator;1;92.01;ACC0234;completed;N
H107247;17/10/2024;Glasgow Depot;Scotland;CM-350;Concrete Mixer 350L;5;36.62;;completed;Y
H107248;22/03/2024;Glasgow Depot;Scotland;SC-22;Scissor Lift 22ft;3;83.53;;completed;Y
H107249;27/10/2024;Cardiff Depot;Wales;GEN-60;60kVA Generator;1;92.65;ACC0070;open;Y
H107250;04/09/2023;Cardiff Depot;Wales;SC-22;Scissor Lift 22ft;1;77.45;ACC0118;completed;N
H107251;02/04/2023;Cardiff Depot;Wales;WP-02;Water Pump 2in;7;20.91;ACC0212;completed;Y
H107252;31/03/2024;Leeds Depot;North;WP-02;Water Pump 2in;3;22.16;ACC0156;completed;Y
H107253;12/07/2024;Glasgow Depot;Scotland;WP-02;Water Pump 2in;1;21.15;ACC0237;completed;Y
H107254;04/02/2024;Bristol Depot;South West;CM-350;Concrete Mixer 350L;7;36.52;ACC0038;completed;Y
H107255;01/04/2024;Cardiff Depot;Wales;DM-09;Diesel Dumper 9T;1;144.77;ACC0011;completed;Y
H107256;03/12/2024;Leeds Depot;North;WP-02;Water Pump 2in;2;23.61;ACC0190;completed;N
H107257;10/09/2023;Glasgow Depot;Scotland;PB-15;Powered Barrow;5;40.76;ACC0163;completed;N
H107258;15/11/2023;Bristol Depot;South West;SF-TOW;Site Tower Light;2;49.84;ACC0175;completed;Y
H107259;12/08/2023;Norwich Depot;East;DM-09;Diesel Dumper 9T;2;155.99;ACC0048;completed;Y
H107260;18/09/2024;Bristol Depot;South West;CM-350;Concrete Mixer 350L;28;35.61;ACC0130;completed;Y
H107261;27/05/2023;Norwich Depot;East;CM-350;Concrete Mixer 350L;3;33.33;ACC0041;completed;N
H107262;09/07/2023;Glasgow Depot;Scotland;PB-15;Powered Barrow;2;43.71;ACC0127;completed;Y
H107263;23/12/2024;Norwich Depot;East;CM-350;Concrete Mixer 350L;7;36.38;ACC0061;completed;N
H107264;14/07/2023;Leeds Depot;North;HD-BRK;Hydraulic Breaker;14;64.41;ACC0247;completed;Y
H107265;10/07/2024;Cardiff Depot;Wales;WP-02;Water Pump 2in;1;22.13;ACC0050;completed;N
H107266;05/12/2024;Bristol Depot;South West;HD-BRK;Hydraulic Breaker;1;64.21;ACC0210;completed;Y
H107267;18/01/2024;Bristol Depot;South West;SC-22;Scissor Lift 22ft;2;73.33;ACC0228;completed;N
H107268;26/08/2024;Bristol Depot;South West;TL-01;Telehandler 4m;14;201.93;ACC0145;completed;Y
H107269;01/12/2024;Bristol Depot;South West;DM-09;Diesel Dumper 9T;2;137.55;;completed;Y
H107270;02/08/2024;Norwich Depot;East;PB-15;Powered Barrow;5;41.82;ACC0161;completed;Y
H107271;01/08/2023;Glasgow Depot;Scotland;WP-02;Water Pump 2in;7;24.05;ACC0258;completed;Y
H107272;11/02/2024;Leeds Depot;North;PB-15;Powered Barrow;1;42.82;ACC0047;completed;N
H107273;20/11/2023;Bristol Depot;South West;DM-09;Diesel Dumper 9T;3;137.63;ACC0118;completed;Y
H107274;23/04/2024;Norwich Depot;East;WP-02;Water Pump 2in;14;22.09;ACC0131;open;N
H107275;13/10/2024;Cardiff Depot;Wales;SC-22;Scissor Lift 22ft;2;73.81;ACC0085;completed;Y
H107276;13/06/2024;Cardiff Depot;Wales;CM-350;Concrete Mixer 350L;3;33.73;ACC0031;completed;Y
H107277;15/07/2024;Norwich Depot;East;CM-350;Concrete Mixer 350L;2;33.05;ACC0216;completed;N
H107278;01/06/2023;Leeds Depot;North;WP-02;Water Pump 2in;28;23.32;ACC0254;completed;N
H107279;21/07/2023;Cardiff Depot;Wales;SF-TOW;Site Tower Light;7;53.92;ACC0039;completed;Y
H107280;02/02/2024;Bristol Depot;South West;PB-15;Powered Barrow;2;38.94;;completed;Y
H107281;02/07/2023;Bristol Depot;South West;PB-15;Powered Barrow;3;42.49;ACC0149;completed;Y
H107282;08/05/2024;Norwich Depot;East;HD-BRK;Hydraulic Breaker;1;63.36;ACC0105;completed;Y
H107283;23/02/2024;Bristol Depot;South West;PB-15;Powered Barrow;3;42.89;ACC0148;completed;Y
H107284;10/06/2024;Glasgow Depot;Scotland;TL-01;Telehandler 4m;5;175.64;ACC0025;completed;Y
H107285;08/05/2024;Cardiff Depot;Wales;GEN-60;60kVA Generator;2;102.06;ACC0158;completed;Y
H107286;18/05/2023;Leeds Depot;North;SC-22;Scissor Lift 22ft;1;75.69;ACC0103;completed;Y
H107287;13/06/2023;Leeds Depot;North;WP-02;Water Pump 2in;2;21.89;ACC0145;completed;Y
H107288;24/06/2024;Norwich Depot;East;WP-02;Water Pump 2in;2;22.01;ACC0016;completed;Y
H107289;12/11/2023;Bristol Depot;South West;HD-BRK;Hydraulic Breaker;3;59.49;ACC0222;completed;Y
H107290;30/07/2024;Glasgow Depot;Scotland;SC-22;Scissor Lift 22ft;2;79.81;ACC0144;completed;N
H107291;01/11/2024;Cardiff Depot;Wales;TL-01;Telehandler 4m;28;174.36;ACC0128;completed;Y
H107292;02/10/2023;Norwich Depot;East;GEN-60;60kVA Generator;-2;91.7;;cancelled;Y
H107293;17/04/2023;Bristol Depot;South West;TL-01;Telehandler 4m;28;175.46;ACC0173;completed;Y
H107294;11/03/2024;Norwich Depot;East;SC-22;Scissor Lift 22ft;1;74.61;ACC0053;completed;N
H107295;08/04/2023;Leeds Depot;North;GEN-60;60kVA Generator;7;98.85;ACC0161;completed;Y
H107296;02/01/2024;Glasgow Depot;Scotland;EX-140;13T Excavator;5;319.71;ACC0184;completed;N
H107297;21/04/2023;Cardiff Depot;Wales;SC-22;Scissor Lift 22ft;3;78.98;ACC0017;completed;Y
H107298;13/11/2023;Glasgow Depot;Scotland;EX-140;13T Excavator;1;295.87;ACC0252;completed;N
H107299;30/07/2023;Cardiff Depot;Wales;SC-22;Scissor Lift 22ft;1;82.23;ACC0187;completed;Y
H107300;23/08/2023;Cardiff Depot;Wales;CM-350;Concrete Mixer 350L;7;31.29;ACC0021;completed;Y
H107301;24/06/2024;Norwich Depot;East;HD-BRK;Hydraulic Breaker;2;65.86;ACC0256;completed;Y
H107302;22/09/2024;Cardiff Depot;Wales;CM-350;Concrete Mixer 350L;7;34.49;ACC0210;completed;Y
H107303;14/04/2024;Norwich Depot;East;CM-350;Concrete Mixer 350L;2;33.64;ACC0068;completed;Y
H107304;28/07/2023;Leeds Depot;North;CM-350;Concrete Mixer 350L;7;35.55;ACC0046;completed;Y
H107305;04/12/2024;Leeds Depot;North;WP-02;Water Pump 2in;5;21.62;;completed;Y
H107306;06/09/2024;Norwich Depot;East;PB-15;Powered Barrow;3;43.18;ACC0221;completed;N
H107307;16/12/2023;Cardiff Depot;Wales;SC-22;Scissor Lift 22ft;1;72.3;ACC0207;completed;Y
H107308;07/08/2023;Leeds Depot;North;GEN-60;60kVA Generator;7;99.81;ACC0194;completed;Y
H107309;14/12/2024;Leeds Depot;North;DM-09;Diesel Dumper 9T;3;146.58;ACC0087;completed;Y
H107310;17/03/2024;Norwich Depot;East;HD-BRK;Hydraulic Breaker;5;61.9;;completed;N
H107311;06/07/2023;Cardiff Depot;Wales;SC-22;Scissor Lift 22ft;2;75.12;ACC0199;completed;Y
H107312;04/05/2024;Leeds Depot;North;HD-BRK;Hydraulic Breaker;3;68.31;ACC0066;completed;Y
H107313;29/10/2023;Norwich Depot;East;DM-09;Diesel Dumper 9T;3;145.03;ACC0193;completed;Y
H107314;02/12/2023;Glasgow Depot;Scotland;SF-TOW;Site Tower Light;5;50.11;ACC0169;completed;Y
H107315;20/03/2024;Leeds Depot;North;SC-22;Scissor Lift 22ft;1;79.3;ACC0176;completed;Y
H107316;31/10/2023;Leeds Depot;North;SF-TOW;Site Tower Light;5;53.84;ACC0119;completed;Y
H107317;01/04/2023;Norwich Depot;East;SC-22;Scissor Lift 22ft;7;82.5;ACC0067;completed;Y
H107318;13/07/2023;Cardiff Depot;Wales;CM-350;Concrete Mixer 350L;2;33.25;ACC0233;completed;Y
H107319;05/12/2024;Leeds Depot;North;WP-02;Water Pump 2in;2;23.89;ACC0213;completed;Y
H107320;30/09/2024;Leeds Depot;North;PB-15;Powered Barrow;7;41.39;ACC0222;open;Y
H107321;27/07/2023;Bristol Depot;South West;SC-22;Scissor Lift 22ft;-5;78.47;ACC0037;cancelled;Y
H107322;04/06/2023;Cardiff Depot;Wales;CM-350;Concrete Mixer 350L;5;32.91;ACC0200;completed;Y
H107323;29/08/2023;Cardiff Depot;Wales;DM-09;Diesel Dumper 9T;2;141.71;ACC0141;completed;Y
H107324;17/01/2024;Leeds Depot;North;SC-22;Scissor Lift 22ft;1;80.85;;completed;Y
H107325;16/12/2024;Norwich Depot;East;GEN-60;60kVA Generator;-2;101.23;ACC0159;cancelled;Y
H107326;25/06/2024;Leeds Depot;North;TL-01;Telehandler 4m;2;190.78;ACC0097;completed;Y
H107327;23/07/2023;Glasgow Depot;Scotland;SC-22;Scissor Lift 22ft;2;78.57;ACC0097;completed;Y
H107328;17/11/2024;Norwich Depot;East;WP-02;Water Pump 2in;3;22.86;ACC0194;completed;Y
H107329;14/06/2023;Leeds Depot;North;SF-TOW;Site Tower Light;2;48.14;ACC0043;completed;Y
H107330;10/09/2023;Bristol Depot;South West;EX-140;13T Excavator;1;311.79;ACC0025;completed;Y
H107331;23/10/2024;Bristol Depot;South West;HD-BRK;Hydraulic Breaker;1;64.25;ACC0044;completed;Y
H107332;09/06/2023;Glasgow Depot;Scotland;WP-02;Water Pump 2in;3;21.96;ACC0068;completed;Y
H107333;12/09/2024;Leeds Depot;North;GEN-60;60kVA Generator;5;95.38;ACC0133;completed;Y
H107334;22/05/2023;Glasgow Depot;Scotland;PB-15;Powered Barrow;1;41.26;ACC0116;completed;Y
H107335;25/06/2024;Glasgow Depot;Scotland;SC-22;Scissor Lift 22ft;5;79.94;ACC0148;completed;Y
H107336;24/10/2024;Cardiff Depot;Wales;TL-01;Telehandler 4m;1;202.67;ACC0209;completed;Y
H107337;04/11/2023;Norwich Depot;East;HD-BRK;Hydraulic Breaker;1;59.56;ACC0166;completed;Y
H107338;15/03/2024;Leeds Depot;North;WP-02;Water Pump 2in;-28;21.6;;cancelled;Y
H107339;06/11/2023;Cardiff Depot;Wales;CM-350;Concrete Mixer 350L;5;32.09;ACC0221;completed;Y
H107340;08/09/2024;Norwich Depot;East;DM-09;Diesel Dumper 9T;1;148.54;ACC0097;completed;Y
H107341;28/02/2024;Norwich Depot;East;GEN-60;60kVA Generator;2;94.94;ACC0228;completed;Y
H107342;02/11/2023;Bristol Depot;South West;CM-350;Concrete Mixer 350L;7;34.93;ACC0144;completed;Y
H107343;21/06/2024;Bristol Depot;South West;EX-140;13T Excavator;2;307.37;ACC0129;completed;Y
H107344;09/09/2024;Glasgow Depot;Scotland;SC-22;Scissor Lift 22ft;7;74.85;ACC0099;completed;Y
H107345;23/10/2024;Norwich Depot;East;WP-02;Water Pump 2in;1;22.26;ACC0153;completed;Y
H107346;20/09/2024;Cardiff Depot;Wales;PB-15;Powered Barrow;7;40.96;ACC0250;completed;Y
H107347;16/06/2024;Leeds Depot;North;HD-BRK;Hydraulic Breaker;2;67.43;ACC0117;completed;Y
H107348;19/07/2024;Norwich Depot;East;SC-22;Scissor Lift 22ft;1;79.09;ACC0117;completed;Y
H107349;13/10/2024;Cardiff Depot;Wales;DM-09;Diesel Dumper 9T;2;134.06;ACC0049;completed;Y
H107350;17/04/2023;Glasgow Depot;Scotland;CM-350;Concrete Mixer 350L;-1;31.82;ACC0034;cancelled;Y
H107351;24/03/2024;Norwich Depot;East;SC-22;Scissor Lift 22ft;1;80.92;ACC0128;completed;Y
H107352;07/08/2024;Norwich Depot;East;GEN-60;60kVA Generator;-3;95.05;ACC0125;cancelled;Y
H107353;15/12/2023;Norwich Depot;East;GEN-60;60kVA Generator;1;90.24;;completed;Y
H107354;08/07/2024;Norwich Depot;East;HD-BRK;Hydraulic Breaker;5;67.1;ACC0224;completed;Y
H107355;10/01/2024;Norwich Depot;East;GEN-60;60kVA Generator;3;102.72;ACC0104;completed;Y
H107356;18/10/2023;Leeds Depot;North;PB-15;Powered Barrow;5;39.07;ACC0078;completed;Y
H107357;06/12/2024;Bristol Depot;South West;SF-TOW;Site Tower Light;2;54.53;ACC0213;completed;Y
H107358;29/07/2024;Norwich Depot;East;CM-350;Concrete Mixer 350L;5;35.77;ACC0073;completed;Y
H107359;01/06/2024;Leeds Depot;North;SC-22;Scissor Lift 22ft;1;77.98;ACC0020;completed;Y
H107360;01/03/2024;Glasgow Depot;Scotland;DM-09;Diesel Dumper 9T;3;135.57;ACC0044;completed;Y
H107361;22/05/2023;Bristol Depot;South West;SC-22;Scissor Lift 22ft;1;83.37;;completed;Y
H107362;04/10/2024;Leeds Depot;North;GEN-60;60kVA Generator;-2;95.85;ACC0222;cancelled;Y
H107363;08/09/2023;Bristol Depot;South West;WP-02;Water Pump 2in;2;21.22;;completed;N
H107364;22/05/2024;Glasgow Depot;Scotland;WP-02;Water Pump 2in;5;20.92;ACC0120;completed;Y
H107365;26/08/2023;Bristol Depot;South West;DM-09;Diesel Dumper 9T;1;152.75;ACC0064;completed;Y
H107366;01/09/2023;Norwich Depot;East;GEN-60;60kVA Generator;14;102.89;ACC0204;completed;N
H107367;04/05/2024;Cardiff Depot;Wales;GEN-60;60kVA Generator;1;89.1;ACC0253;completed;N
H107368;28/04/2023;Bristol Depot;South West;WP-02;Water Pump 2in;3;22.57;ACC0202;open;Y
H107369;23/10/2023;Bristol Depot;South West;DM-09;Diesel Dumper 9T;1;139.47;ACC0148;completed;Y
H107370;15/09/2023;Bristol Depot;South West;DM-09;Diesel Dumper 9T;2;133.76;ACC0131;completed;Y
H107371;15/09/2024;Leeds Depot;North;PB-15;Powered Barrow;7;44.1;ACC0051;open;Y
H107372;25/12/2023;Glasgow Depot;Scotland;GEN-60;60kVA Generator;14;92.09;ACC0108;completed;Y
H107373;29/08/2024;Cardiff Depot;Wales;GEN-60;60kVA Generator;3;95.55;;completed;N
H107374;10/10/2024;Bristol Depot;South West;GEN-60;60kVA Generator;2;95.86;ACC0189;completed;Y
H107375;22/10/2024;Glasgow Depot;Scotland;DM-09;Diesel Dumper 9T;3;145.51;ACC0238;completed;Y
H107376;30/10/2023;Norwich Depot;East;PB-15;Powered Barrow;5;42.46;;completed;Y
H107377;19/06/2024;Bristol Depot;South West;GEN-60;60kVA Generator;1;96.61;ACC0231;completed;Y
H107378;20/11/2023;Norwich Depot;East;SC-22;Scissor Lift 22ft;3;82.12;ACC0170;completed;Y
H107379;02/11/2023;Cardiff Depot;Wales;CM-350;Concrete Mixer 350L;1;35.63;ACC0096;completed;N
H107380;29/11/2023;Bristol Depot;South West;SC-22;Scissor Lift 22ft;14;84.63;ACC0250;completed;Y
H107381;24/10/2023;Leeds Depot;North;TL-01;Telehandler 4m;2;201.66;ACC0001;completed;Y
H107382;19/12/2023;Cardiff Depot;Wales;TL-01;Telehandler 4m;3;195.7;ACC0160;completed;Y
H107383;17/12/2024;Glasgow Depot;Scotland;EX-140;13T Excavator;7;302.11;ACC0238;completed;Y
H107384;15/03/2024;Cardiff Depot;Wales;GEN-60;60kVA Generator;5;89.51;ACC0228;completed;Y
H107385;17/12/2023;Cardiff Depot;Wales;SF-TOW;Site Tower Light;14;55.5;ACC0032;completed;Y
H107386;24/12/2023;Bristol Depot;South West;SF-TOW;Site Tower Light;2;55.54;ACC0177;open;N
H107387;08/04/2023;Leeds Depot;North;WP-02;Water Pump 2in;2;21.58;ACC0031;completed;Y
H107388;13/08/2024;Cardiff Depot;Wales;DM-09;Diesel Dumper 9T;3;154.76;ACC0018;completed;Y
H107389;31/05/2024;Bristol Depot;South West;EX-140;13T Excavator;-1;323.35;ACC0002;cancelled;Y
H107390;09/12/2023;Glasgow Depot;Scotland;HD-BRK;Hydraulic Breaker;14;67.63;;completed;N
H107391;22/07/2023;Leeds Depot;North;DM-09;Diesel Dumper 9T;2;136.83;ACC0186;completed;Y
H107392;28/09/2024;Leeds Depot;North;PB-15;Powered Barrow;1;42.15;ACC0208;completed;Y
H107393;30/10/2024;Bristol Depot;South West;CM-350;Concrete Mixer 350L;3;35.54;ACC0144;completed;Y
H107394;06/05/2024;Cardiff Depot;Wales;CM-350;Concrete Mixer 350L;2;34.81;ACC0223;completed;N
H107395;12/06/2024;Leeds Depot;North;EX-140;13T Excavator;2;318.79;ACC0174;completed;Y
H107396;13/05/2023;Cardiff Depot;Wales;WP-02;Water Pump 2in;14;21.86;;completed;Y
H107397;29/08/2024;Norwich Depot;East;CM-350;Concrete Mixer 350L;3;32.63;ACC0189;completed;Y
H107398;12/03/2024;Leeds Depot;North;TL-01;Telehandler 4m;14;197.31;;completed;Y
H107399;03/04/2023;Glasgow Depot;Scotland;DM-09;Diesel Dumper 9T;5;148.67;ACC0185;completed;Y
H107400;08/09/2023;Glasgow Depot;Scotland;WP-02;Water Pump 2in;1;21.27;ACC0138;completed;N
H107401;13/11/2024;Leeds Depot;North;CM-350;Concrete Mixer 350L;2;34.44;ACC0045;open;Y
H107402;16/08/2024;Cardiff Depot;Wales;HD-BRK;Hydraulic Breaker;2;68.59;ACC0248;completed;Y
H107403;24/02/2024;Norwich Depot;East;GEN-60;60kVA Generator;5;97.89;ACC0159;completed;Y
H107404;20/09/2024;Bristol Depot;South West;CM-350;Concrete Mixer 350L;7;32.21;ACC0031;completed;Y
H107405;11/08/2023;Leeds Depot;North;CM-350;Concrete Mixer 350L;28;34.98;;completed;Y
H107406;18/07/2023;Leeds Depot;North;GEN-60;60kVA Generator;1;93.15;ACC0108;open;Y
H107407;04/07/2023;Bristol Depot;South West;GEN-60;60kVA Generator;1;102.48;ACC0205;completed;N
H107408;18/04/2023;Cardiff Depot;Wales;SC-22;Scissor Lift 22ft;5;75.63;ACC0082;completed;N
H107409;08/02/2024;Bristol Depot;South West;CM-350;Concrete Mixer 350L;3;34.21;ACC0161;completed;Y
H107410;26/08/2024;Cardiff Depot;Wales;SF-TOW;Site Tower Light;1;49.99;ACC0250;completed;N
H107411;17/01/2024;Glasgow Depot;Scotland;SF-TOW;Site Tower Light;2;50.79;ACC0036;completed;N
H107412;05/10/2023;Norwich Depot;East;CM-350;Concrete Mixer 350L;1;32.65;ACC0048;completed;Y
H107413;25/08/2024;Norwich Depot;East;HD-BRK;Hydraulic Breaker;2;66.2;ACC0017;completed;Y
H107414;02/11/2023;Leeds Depot;North;SC-22;Scissor Lift 22ft;3;74.15;ACC0233;completed;Y
H107415;21/02/2024;Leeds Depot;North;WP-02;Water Pump 2in;2;23.1;ACC0259;completed;Y
H107416;05/09/2023;Cardiff Depot;Wales;WP-02;Water Pump 2in;3;22.88;;completed;Y
H107417;01/07/2024;Bristol Depot;South West;DM-09;Diesel Dumper 9T;5;140.75;ACC0247;completed;Y
H107418;30/09/2023;Bristol Depot;South West;PB-15;Powered Barrow;2;40.16;ACC0149;completed;Y
H107419;07/07/2024;Norwich Depot;East;CM-350;Concrete Mixer 350L;1;34.89;ACC0223;completed;Y
H107420;04/11/2023;Cardiff Depot;Wales;GEN-60;60kVA Generator;2;101.92;ACC0016;completed;Y
H107421;03/11/2024;Norwich Depot;East;SC-22;Scissor Lift 22ft;1;81.11;ACC0240;completed;Y
H107422;19/10/2023;Glasgow Depot;Scotland;DM-09;Diesel Dumper 9T;2;139.28;ACC0222;completed;Y
H107423;16/02/2024;Glasgow Depot;Scotland;SC-22;Scissor Lift 22ft;1;75.61;ACC0109;completed;Y
H107424;20/11/2023;Cardiff Depot;Wales;WP-02;Water Pump 2in;2;22.68;ACC0105;completed;Y
H107425;08/10/2023;Leeds Depot;North;GEN-60;60kVA Generator;1;94.8;ACC0169;completed;Y
H107426;19/12/2024;Bristol Depot;South West;TL-01;Telehandler 4m;1;184.56;ACC0227;completed;Y
H107427;13/09/2023;Bristol Depot;South West;SC-22;Scissor Lift 22ft;1;80.99;ACC0201;completed;N
H107428;18/12/2023;Bristol Depot;South West;GEN-60;60kVA Generator;3;103.25;ACC0231;completed;Y
H107429;29/12/2023;Leeds Depot;North;WP-02;Water Pump 2in;3;22.92;ACC0176;completed;Y
H107430;07/09/2023;Norwich Depot;East;WP-02;Water Pump 2in;1;21.63;ACC0182;completed;Y
H107431;25/08/2023;Norwich Depot;East;HD-BRK;Hydraulic Breaker;14;64.87;ACC0201;completed;Y
H107432;16/07/2023;Glasgow Depot;Scotland;CM-350;Concrete Mixer 350L;7;33.23;ACC0183;completed;Y
H107433;18/10/2024;Glasgow Depot;Scotland;TL-01;Telehandler 4m;-1;187.07;;cancelled;Y
H107434;09/12/2024;Norwich Depot;East;WP-02;Water Pump 2in;3;21.51;ACC0095;completed;Y
H107435;29/05/2023;Bristol Depot;South West;SF-TOW;Site Tower Light;1;48.92;ACC0033;completed;Y
H107436;28/12/2023;Cardiff Depot;Wales;WP-02;Water Pump 2in;-1;23.36;;cancelled;N
H107437;09/06/2024;Norwich Depot;East;SF-TOW;Site Tower Light;1;53.38;ACC0149;completed;Y
H107438;03/07/2024;Norwich Depot;East;SF-TOW;Site Tower Light;3;49.34;ACC0028;completed;Y
H107439;23/07/2023;Glasgow Depot;Scotland;DM-09;Diesel Dumper 9T;7;137.01;ACC0204;completed;Y
H107440;24/01/2024;Leeds Depot;North;SC-22;Scissor Lift 22ft;7;79.97;;completed;N
H107441;29/11/2024;Cardiff Depot;Wales;CM-350;Concrete Mixer 350L;1;35.7;ACC0117;completed;N
H107442;03/11/2024;Cardiff Depot;Wales;EX-140;13T Excavator;1;309.57;ACC0008;completed;Y
H107443;30/10/2023;Bristol Depot;South West;SF-TOW;Site Tower Light;1;55.07;ACC0097;completed;Y
H107444;03/05/2024;Bristol Depot;South West;HD-BRK;Hydraulic Breaker;5;67.79;ACC0214;completed;N
H107445;08/08/2023;Cardiff Depot;Wales;CM-350;Concrete Mixer 350L;1;33.67;ACC0150;completed;Y
H107446;18/02/2024;Cardiff Depot;Wales;HD-BRK;Hydraulic Breaker;5;65.33;ACC0135;completed;Y
H107447;03/04/2024;Leeds Depot;North;SC-22;Scissor Lift 22ft;2;79.7;ACC0229;completed;Y
H107448;21/09/2024;Bristol Depot;South West;GEN-60;60kVA Generator;1;91.47;ACC0167;completed;Y
H107449;14/03/2024;Glasgow Depot;Scotland;SC-22;Scissor Lift 22ft;7;72.44;ACC0054;completed;Y
H107450;10/10/2024;Bristol Depot;South West;HD-BRK;Hydraulic Breaker;1;68.91;ACC0160;completed;Y
H107451;03/01/2024;Norwich Depot;East;SF-TOW;Site Tower Light;3;48.95;ACC0180;completed;Y
H107452;14/06/2023;Norwich Depot;East;HD-BRK;Hydraulic Breaker;2;69.06;ACC0127;completed;Y
H107453;03/09/2024;Cardiff Depot;Wales;CM-350;Concrete Mixer 350L;14;35.05;;completed;Y
H107454;02/10/2023;Cardiff Depot;Wales;CM-350;Concrete Mixer 350L;2;34.48;ACC0067;completed;N
H107455;14/07/2023;Glasgow Depot;Scotland;DM-09;Diesel Dumper 9T;1;154.04;;completed;N
H107456;14/07/2023;Norwich Depot;East;WP-02;Water Pump 2in;2;21.13;ACC0027;completed;Y
H107457;07/07/2023;Bristol Depot;South West;SC-22;Scissor Lift 22ft;1;79.88;ACC0219;completed;Y
H107458;24/04/2023;Leeds Depot;North;SC-22;Scissor Lift 22ft;1;78.28;ACC0035;completed;Y
H107459;30/08/2024;Cardiff Depot;Wales;PB-15;Powered Barrow;-2;43.56;ACC0222;cancelled;N
H107460;01/06/2023;Bristol Depot;South West;SC-22;Scissor Lift 22ft;1;72.9;ACC0005;completed;Y
H107461;06/12/2024;Leeds Depot;North;PB-15;Powered Barrow;-5;41.61;ACC0135;cancelled;Y
H107462;03/07/2023;Bristol Depot;South West;PB-15;Powered Barrow;28;38.27;ACC0244;completed;Y
H107463;02/12/2023;Leeds Depot;North;DM-09;Diesel Dumper 9T;7;146.28;ACC0018;completed;N
H107464;18/12/2024;Glasgow Depot;Scotland;WP-02;Water Pump 2in;2;22.9;ACC0087;completed;Y
H107465;29/09/2024;Norwich Depot;East;HD-BRK;Hydraulic Breaker;2;69.03;ACC0172;open;Y
H107466;25/05/2024;Norwich Depot;East;CM-350;Concrete Mixer 350L;1;32.8;ACC0256;completed;Y
H107467;09/06/2023;Cardiff Depot;Wales;SF-TOW;Site Tower Light;2;49.48;ACC0027;completed;Y
H107468;05/01/2024;Glasgow Depot;Scotland;SF-TOW;Site Tower Light;2;50.92;ACC0173;completed;Y
H107469;18/05/2024;Norwich Depot;East;SF-TOW;Site Tower Light;7;50.7;ACC0238;completed;Y
H107470;01/10/2023;Glasgow Depot;Scotland;SC-22;Scissor Lift 22ft;1;80.15;ACC0099;completed;Y
H107471;27/01/2024;Glasgow Depot;Scotland;HD-BRK;Hydraulic Breaker;14;66.49;ACC0183;completed;N
H107472;06/12/2024;Cardiff Depot;Wales;CM-350;Concrete Mixer 350L;2;31.38;ACC0048;completed;N
H107473;01/03/2024;Bristol Depot;South West;SF-TOW;Site Tower Light;1;48.88;;completed;Y
H107474;05/04/2023;Cardiff Depot;Wales;PB-15;Powered Barrow;1;38.76;ACC0104;completed;Y
H107475;24/02/2024;Leeds Depot;North;GEN-60;60kVA Generator;-2;95.39;ACC0246;cancelled;Y
H107476;24/01/2024;Leeds Depot;North;PB-15;Powered Barrow;1;40.35;ACC0073;completed;N
H107477;03/03/2024;Leeds Depot;North;SF-TOW;Site Tower Light;7;50.83;ACC0105;completed;Y
H107478;12/01/2024;Leeds Depot;North;SF-TOW;Site Tower Light;5;49.41;ACC0016;completed;Y
H107479;08/02/2024;Glasgow Depot;Scotland;DM-09;Diesel Dumper 9T;1;136.57;ACC0116;open;Y
H107480;26/02/2024;Bristol Depot;South West;SF-TOW;Site Tower Light;3;50.06;;open;Y
H107481;05/06/2023;Bristol Depot;South West;SC-22;Scissor Lift 22ft;7;82.54;;completed;Y
H107482;10/12/2023;Bristol Depot;South West;SC-22;Scissor Lift 22ft;2;78.89;;completed;Y
H107483;07/07/2024;Norwich Depot;East;CM-350;Concrete Mixer 350L;-5;35.86;ACC0070;cancelled;Y
H107484;25/03/2024;Cardiff Depot;Wales;WP-02;Water Pump 2in;7;22.68;ACC0024;completed;N
H107485;26/10/2023;Cardiff Depot;Wales;WP-02;Water Pump 2in;2;21.11;ACC0098;completed;Y
H107486;25/02/2024;Leeds Depot;North;CM-350;Concrete Mixer 350L;3;34.34;ACC0253;completed;Y
H107487;11/04/2023;Leeds Depot;North;SC-22;Scissor Lift 22ft;1;84.15;ACC0001;completed;Y
H107488;15/01/2024;Cardiff Depot;Wales;WP-02;Water Pump 2in;2;21.36;ACC0172;completed;N
H107489;15/02/2024;Norwich Depot;East;PB-15;Powered Barrow;1;40.6;;completed;Y
H107490;12/01/2024;Bristol Depot;South West;DM-09;Diesel Dumper 9T;14;136.36;ACC0015;completed;N
H107491;19/10/2023;Leeds Depot;North;TL-01;Telehandler 4m;28;177.62;ACC0030;completed;Y
H107492;22/04/2023;Glasgow Depot;Scotland;WP-02;Water Pump 2in;7;21.89;ACC0231;completed;Y
H107493;28/07/2024;Leeds Depot;North;CM-350;Concrete Mixer 350L;1;33.82;ACC0231;completed;N
H107494;13/09/2024;Bristol Depot;South West;CM-350;Concrete Mixer 350L;14;32.33;ACC0096;completed;N
H107495;20/03/2024;Leeds Depot;North;SF-TOW;Site Tower Light;5;54.97;ACC0252;completed;Y
H107496;03/03/2024;Bristol Depot;South West;SC-22;Scissor Lift 22ft;2;82.96;ACC0064;completed;Y
H107497;04/09/2024;Glasgow Depot;Scotland;PB-15;Powered Barrow;14;37.76;ACC0150;open;Y
H107498;19/10/2024;Cardiff Depot;Wales;CM-350;Concrete Mixer 350L;1;32.53;ACC0256;completed;Y
H107499;21/01/2024;Norwich Depot;East;GEN-60;60kVA Generator;3;96.59;ACC0171;completed;Y
H107500;25/06/2024;Norwich Depot;East;DM-09;Diesel Dumper 9T;2;134.45;ACC0088;completed;Y
H107501;22/03/2024;Bristol Depot;South West;GEN-60;60kVA Generator;14;92.89;;completed;Y
H107502;15/10/2024;Bristol Depot;South West;CM-350;Concrete Mixer 350L;5;33.55;ACC0018;completed;N
H107503;17/12/2024;Norwich Depot;East;DM-09;Diesel Dumper 9T;2;151.4;ACC0032;completed;Y
H107504;11/06/2023;Glasgow Depot;Scotland;GEN-60;60kVA Generator;1;93.78;;completed;Y
H107505;16/08/2024;Bristol Depot;South West;PB-15;Powered Barrow;3;41.84;ACC0250;completed;Y
H107506;19/10/2023;Cardiff Depot;Wales;CM-350;Concrete Mixer 350L;14;34.02;ACC0057;completed;Y
H107507;20/08/2023;Leeds Depot;North;SF-TOW;Site Tower Light;2;49.88;;completed;Y
H107508;16/12/2024;Bristol Depot;South West;WP-02;Water Pump 2in;5;20.82;ACC0153;completed;Y
H107509;30/08/2023;Cardiff Depot;Wales;CM-350;Concrete Mixer 350L;2;35.81;ACC0154;completed;Y
H107510;23/12/2024;Bristol Depot;South West;SC-22;Scissor Lift 22ft;5;75.07;ACC0256;completed;Y
H107511;11/09/2023;Bristol Depot;South West;EX-140;13T Excavator;1;291.3;ACC0108;completed;Y
H107512;02/08/2024;Cardiff Depot;Wales;SC-22;Scissor Lift 22ft;7;83.29;ACC0009;completed;Y
H107513;03/07/2023;Leeds Depot;North;PB-15;Powered Barrow;7;41.17;ACC0211;completed;Y
H107514;07/07/2023;Bristol Depot;South West;GEN-60;60kVA Generator;5;89.99;ACC0094;completed;Y
H107515;02/05/2024;Bristol Depot;South West;PB-15;Powered Barrow;5;42.92;ACC0148;completed;N
H107516;18/10/2023;Norwich Depot;East;HD-BRK;Hydraulic Breaker;28;68.03;ACC0046;completed;Y
H107517;10/11/2024;Glasgow Depot;Scotland;DM-09;Diesel Dumper 9T;7;139.94;ACC0102;completed;Y
H107518;27/05/2023;Bristol Depot;South West;SC-22;Scissor Lift 22ft;1;74.97;ACC0006;completed;Y
H107519;18/08/2024;Bristol Depot;South West;EX-140;13T Excavator;2;322.3;ACC0213;completed;Y
H107520;29/09/2024;Norwich Depot;East;HD-BRK;Hydraulic Breaker;7;58.9;ACC0076;completed;Y
H107521;02/05/2023;Norwich Depot;East;PB-15;Powered Barrow;2;40.42;;completed;Y
H107522;21/04/2024;Glasgow Depot;Scotland;CM-350;Concrete Mixer 350L;5;33.4;;completed;Y
H107523;05/04/2024;Norwich Depot;East;WP-02;Water Pump 2in;1;24.16;ACC0151;completed;Y
H107524;18/10/2024;Bristol Depot;South West;SC-22;Scissor Lift 22ft;1;75.26;ACC0197;completed;Y
H107525;17/08/2023;Cardiff Depot;Wales;SC-22;Scissor Lift 22ft;2;80.51;ACC0024;completed;Y
H107526;08/03/2024;Cardiff Depot;Wales;PB-15;Powered Barrow;14;39.09;ACC0127;completed;Y
H107527;29/02/2024;Bristol Depot;South West;GEN-60;60kVA Generator;1;96.51;ACC0119;completed;Y
H107528;20/07/2023;Norwich Depot;East;SF-TOW;Site Tower Light;7;51.96;ACC0126;completed;Y
H107529;09/09/2024;Leeds Depot;North;PB-15;Powered Barrow;1;39.39;ACC0161;completed;Y
H107530;16/01/2024;Leeds Depot;North;CM-350;Concrete Mixer 350L;5;35.35;ACC0226;completed;Y
H107531;06/01/2024;Glasgow Depot;Scotland;PB-15;Powered Barrow;3;43.23;ACC0075;completed;Y
H107532;21/02/2024;Norwich Depot;East;HD-BRK;Hydraulic Breaker;1;63.76;ACC0233;completed;Y
H107533;14/09/2024;Cardiff Depot;Wales;PB-15;Powered Barrow;28;43.6;ACC0110;completed;Y
H107534;18/10/2023;Glasgow Depot;Scotland;DM-09;Diesel Dumper 9T;14;134.09;ACC0237;completed;Y
H107535;08/09/2024;Bristol Depot;South West;SF-TOW;Site Tower Light;1;50.18;ACC0084;completed;Y
H107536;06/04/2023;Leeds Depot;North;DM-09;Diesel Dumper 9T;1;149.71;ACC0186;completed;Y
H107537;21/08/2023;Norwich Depot;East;PB-15;Powered Barrow;2;39.58;ACC0238;completed;Y
H107538;05/04/2024;Norwich Depot;East;WP-02;Water Pump 2in;14;20.89;ACC0039;completed;Y
H107539;28/09/2023;Bristol Depot;South West;SF-TOW;Site Tower Light;14;56.01;ACC0018;completed;Y
H107540;19/01/2024;Leeds Depot;North;WP-02;Water Pump 2in;1;21.07;ACC0211;completed;N
H107541;07/05/2023;Bristol Depot;South West;WP-02;Water Pump 2in;1;21.18;ACC0225;completed;N
H107542;17/09/2024;Bristol Depot;South West;CM-350;Concrete Mixer 350L;5;34.59;ACC0255;completed;Y
H107543;27/04/2023;Bristol Depot;South West;GEN-60;60kVA Generator;3;92.89;ACC0249;completed;Y
H107544;09/05/2024;Bristol Depot;South West;GEN-60;60kVA Generator;3;100.7;ACC0067;completed;Y
H107545;04/08/2024;Norwich Depot;East;SC-22;Scissor Lift 22ft;2;83.16;ACC0065;completed;Y
H107546;10/11/2023;Leeds Depot;North;WP-02;Water Pump 2in;1;23.69;ACC0017;completed;N
H107547;04/08/2023;Cardiff Depot;Wales;WP-02;Water Pump 2in;1;23.57;ACC0023;completed;N
H107548;17/09/2023;Glasgow Depot;Scotland;GEN-60;60kVA Generator;1;92.33;ACC0161;completed;N
H107549;16/06/2023;Norwich Depot;East;TL-01;Telehandler 4m;1;177.38;ACC0092;completed;Y
H107550;13/12/2023;Bristol Depot;South West;HD-BRK;Hydraulic Breaker;2;63.18;ACC0187;completed;N
H107551;25/11/2024;Leeds Depot;North;CM-350;Concrete Mixer 350L;5;33.86;ACC0169;completed;N
H107552;03/07/2023;Bristol Depot;South West;PB-15;Powered Barrow;2;41.52;ACC0242;completed;Y
H107553;29/02/2024;Leeds Depot;North;WP-02;Water Pump 2in;5;22.25;ACC0054;completed;N
H107554;07/05/2024;Leeds Depot;North;DM-09;Diesel Dumper 9T;1;137.06;;completed;N
H107555;15/06/2023;Leeds Depot;North;DM-09;Diesel Dumper 9T;-1;145.25;ACC0217;cancelled;Y
H107556;31/05/2024;Leeds Depot;North;DM-09;Diesel Dumper 9T;1;145.25;ACC0107;completed;Y
H107557;12/06/2024;Cardiff Depot;Wales;CM-350;Concrete Mixer 350L;2;31.41;;completed;Y
H107558;20/07/2023;Cardiff Depot;Wales;SF-TOW;Site Tower Light;3;49.6;ACC0187;completed;Y
H107559;16/07/2024;Norwich Depot;East;GEN-60;60kVA Generator;-1;96.76;ACC0201;cancelled;Y
H107560;11/01/2024;Norwich Depot;East;DM-09;Diesel Dumper 9T;1;147.8;ACC0023;completed;Y
H107561;23/07/2024;Bristol Depot;South West;CM-350;Concrete Mixer 350L;-5;32.02;ACC0248;cancelled;Y
H107562;29/06/2023;Leeds Depot;North;TL-01;Telehandler 4m;1;184.46;;completed;N
H107563;24/07/2023;Leeds Depot;North;GEN-60;60kVA Generator;5;103.67;;completed;Y
H107564;02/03/2024;Leeds Depot;North;WP-02;Water Pump 2in;2;23.09;ACC0200;completed;Y
H107565;05/01/2024;Cardiff Depot;Wales;SC-22;Scissor Lift 22ft;1;79.37;ACC0175;completed;Y
H107566;17/03/2024;Glasgow Depot;Scotland;SF-TOW;Site Tower Light;1;53.41;ACC0042;completed;Y
H107567;15/09/2024;Bristol Depot;South West;WP-02;Water Pump 2in;2;23.34;;completed;Y
H107568;01/11/2023;Glasgow Depot;Scotland;PB-15;Powered Barrow;5;42.47;ACC0260;completed;Y
H107569;23/09/2023;Glasgow Depot;Scotland;SF-TOW;Site Tower Light;1;51.52;ACC0056;completed;Y
H107570;12/07/2023;Bristol Depot;South West;HD-BRK;Hydraulic Breaker;3;62.4;ACC0147;completed;N
H107571;30/11/2023;Leeds Depot;North;CM-350;Concrete Mixer 350L;-2;32.97;ACC0095;cancelled;N
H107572;17/06/2023;Norwich Depot;East;TL-01;Telehandler 4m;7;192.22;ACC0238;completed;Y
H107573;10/06/2023;Leeds Depot;North;TL-01;Telehandler 4m;3;193.96;;completed;Y
H107574;05/02/2024;Norwich Depot;East;HD-BRK;Hydraulic Breaker;3;66.05;ACC0100;completed;Y
H107575;29/11/2023;Bristol Depot;South West;PB-15;Powered Barrow;1;39.54;;completed;Y
H107576;11/05/2024;Glasgow Depot;Scotland;SC-22;Scissor Lift 22ft;2;80.36;ACC0249;completed;Y
H107577;22/12/2024;Norwich Depot;East;HD-BRK;Hydraulic Breaker;3;66.86;ACC0184;completed;Y
H107578;22/02/2024;Bristol Depot;South West;TL-01;Telehandler 4m;1;178.03;ACC0248;completed;N
H107579;28/10/2024;Norwich Depot;East;PB-15;Powered Barrow;1;44.17;ACC0209;completed;Y
H107580;14/06/2024;Bristol Depot;South West;WP-02;Water Pump 2in;5;21.54;ACC0166;completed;Y
H107581;26/08/2024;Leeds Depot;North;CM-350;Concrete Mixer 350L;2;35.68;ACC0064;completed;Y
H107582;06/04/2023;Norwich Depot;East;GEN-60;60kVA Generator;-5;97.14;ACC0030;cancelled;Y
H107583;19/05/2023;Norwich Depot;East;SF-TOW;Site Tower Light;3;50.61;ACC0051;completed;N
H107584;08/10/2023;Leeds Depot;North;SF-TOW;Site Tower Light;5;50.9;ACC0221;completed;Y
H107585;06/06/2023;Norwich Depot;East;PB-15;Powered Barrow;1;38.27;ACC0050;completed;Y
H107586;08/09/2023;Leeds Depot;North;CM-350;Concrete Mixer 350L;5;32.8;ACC0180;completed;Y
H107587;25/12/2024;Cardiff Depot;Wales;GEN-60;60kVA Generator;1;98.14;ACC0244;completed;Y
H107588;21/06/2024;Cardiff Depot;Wales;DM-09;Diesel Dumper 9T;1;141.47;;completed;Y
H107589;09/05/2023;Norwich Depot;East;WP-02;Water Pump 2in;1;23.5;;completed;Y
H107590;10/04/2024;Norwich Depot;East;CM-350;Concrete Mixer 350L;1;34.25;ACC0221;completed;Y
H107591;15/06/2023;Glasgow Depot;Scotland;EX-140;13T Excavator;14;302.53;ACC0175;completed;Y
H107592;13/05/2024;Norwich Depot;East;CM-350;Concrete Mixer 350L;1;33.5;ACC0007;completed;Y
H107593;30/11/2023;Norwich Depot;East;PB-15;Powered Barrow;2;41.22;ACC0090;completed;N
H107594;12/04/2023;Bristol Depot;South West;TL-01;Telehandler 4m;5;191.97;ACC0093;completed;N
H107595;17/05/2023;Bristol Depot;South West;GEN-60;60kVA Generator;2;97.9;ACC0113;completed;Y
H107596;15/12/2023;Norwich Depot;East;TL-01;Telehandler 4m;28;181.3;ACC0051;completed;Y
H107597;28/08/2023;Glasgow Depot;Scotland;WP-02;Water Pump 2in;-1;23.4;ACC0185;cancelled;N
H107598;02/01/2024;Cardiff Depot;Wales;WP-02;Water Pump 2in;2;23.03;ACC0054;open;Y
H107599;18/09/2024;Bristol Depot;South West;EX-140;13T Excavator;2;319.2;ACC0126;completed;Y
H107600;24/09/2024;Glasgow Depot;Scotland;SF-TOW;Site Tower Light;5;50.27;ACC0253;completed;Y
H107601;13/12/2024;Leeds Depot;North;WP-02;Water Pump 2in;3;24.16;ACC0089;completed;N
H107602;01/06/2024;Bristol Depot;South West;SC-22;Scissor Lift 22ft;3;82.73;ACC0243;completed;Y
H107603;10/09/2024;Norwich Depot;East;DM-09;Diesel Dumper 9T;2;137.45;ACC0060;completed;Y
H107604;15/11/2024;Bristol Depot;South West;HD-BRK;Hydraulic Breaker;1;61.13;ACC0143;completed;Y
H107605;07/09/2024;Leeds Depot;North;SF-TOW;Site Tower Light;14;53.48;ACC0243;completed;Y
H107606;21/09/2024;Bristol Depot;South West;DM-09;Diesel Dumper 9T;5;144.24;ACC0067;completed;Y
H107607;15/06/2023;Bristol Depot;South West;CM-350;Concrete Mixer 350L;28;31.48;ACC0098;completed;N
H107608;11/05/2024;Glasgow Depot;Scotland;SC-22;Scissor Lift 22ft;1;77.21;ACC0236;completed;Y
H107609;28/05/2024;Glasgow Depot;Scotland;WP-02;Water Pump 2in;3;22.24;ACC0179;completed;Y
H107610;17/04/2023;Glasgow Depot;Scotland;CM-350;Concrete Mixer 350L;1;31.65;ACC0255;completed;Y
H107611;06/05/2023;Norwich Depot;East;EX-140;13T Excavator;2;308.39;ACC0029;completed;Y
H107612;07/05/2023;Glasgow Depot;Scotland;WP-02;Water Pump 2in;1;22.19;;completed;Y
H107613;02/09/2023;Leeds Depot;North;SF-TOW;Site Tower Light;1;55.89;ACC0192;completed;Y
H107614;11/10/2024;Bristol Depot;South West;CM-350;Concrete Mixer 350L;3;36.28;ACC0191;completed;Y
H107615;10/10/2024;Leeds Depot;North;PB-15;Powered Barrow;1;43.33;ACC0067;completed;N
H107616;20/11/2023;Glasgow Depot;Scotland;GEN-60;60kVA Generator;1;90.13;ACC0138;completed;Y
H107617;10/11/2023;Leeds Depot;North;TL-01;Telehandler 4m;5;184.65;ACC0248;completed;Y
H107618;26/05/2024;Glasgow Depot;Scotland;DM-09;Diesel Dumper 9T;2;153.87;ACC0212;completed;Y
H107619;27/09/2024;Norwich Depot;East;EX-140;13T Excavator;2;287.23;ACC0052;completed;Y
H107620;05/05/2023;Norwich Depot;East;SF-TOW;Site Tower Light;2;50.57;ACC0071;completed;N
H107621;31/05/2024;Leeds Depot;North;SC-22;Scissor Lift 22ft;1;81.02;;completed;Y
H107622;11/08/2024;Glasgow Depot;Scotland;CM-350;Concrete Mixer 350L;1;31.46;ACC0041;completed;Y
H107623;18/10/2024;Glasgow Depot;Scotland;GEN-60;60kVA Generator;2;93.64;ACC0211;completed;Y
H107624;04/01/2024;Bristol Depot;South West;DM-09;Diesel Dumper 9T;14;153.01;ACC0131;completed;Y
H107625;19/08/2023;Leeds Depot;North;PB-15;Powered Barrow;1;43.1;;completed;Y
H107626;02/09/2023;Cardiff Depot;Wales;PB-15;Powered Barrow;2;42.99;ACC0215;completed;Y
H107627;14/09/2024;Leeds Depot;North;CM-350;Concrete Mixer 350L;28;32.64;ACC0205;completed;Y
H107628;22/07/2023;Glasgow Depot;Scotland;WP-02;Water Pump 2in;2;23.62;ACC0048;completed;N
H107629;05/12/2024;Leeds Depot;North;HD-BRK;Hydraulic Breaker;2;63.62;ACC0082;completed;Y
H107630;10/10/2024;Glasgow Depot;Scotland;SC-22;Scissor Lift 22ft;2;74.17;ACC0235;completed;Y
H107631;20/10/2023;Bristol Depot;South West;CM-350;Concrete Mixer 350L;2;36.59;ACC0062;completed;Y
H107632;04/10/2023;Norwich Depot;East;HD-BRK;Hydraulic Breaker;1;67.22;ACC0111;open;Y
H107633;28/09/2023;Norwich Depot;East;SF-TOW;Site Tower Light;7;54.07;;completed;Y
H107634;25/06/2023;Cardiff Depot;Wales;TL-01;Telehandler 4m;2;201.08;ACC0038;completed;Y
H107635;19/03/2024;Leeds Depot;North;WP-02;Water Pump 2in;1;20.99;ACC0130;completed;Y
H107636;10/05/2024;Cardiff Depot;Wales;DM-09;Diesel Dumper 9T;2;142.98;ACC0128;completed;Y
H107637;21/03/2024;Glasgow Depot;Scotland;DM-09;Diesel Dumper 9T;2;141.55;ACC0143;completed;Y
H107638;17/08/2024;Cardiff Depot;Wales;GEN-60;60kVA Generator;7;90.36;ACC0229;completed;Y
H107639;17/11/2024;Glasgow Depot;Scotland;TL-01;Telehandler 4m;1;173.7;ACC0065;completed;Y
H107640;21/05/2023;Norwich Depot;East;SF-TOW;Site Tower Light;2;49.21;ACC0253;open;Y
H107641;30/12/2023;Glasgow Depot;Scotland;PB-15;Powered Barrow;1;41.76;ACC0049;completed;Y
H107642;24/01/2024;Norwich Depot;East;PB-15;Powered Barrow;1;41.12;ACC0171;completed;N
H107643;01/09/2023;Cardiff Depot;Wales;PB-15;Powered Barrow;5;43.44;ACC0126;completed;Y
H107644;10/04/2024;Glasgow Depot;Scotland;HD-BRK;Hydraulic Breaker;1;63.94;ACC0057;completed;Y
H107645;10/10/2024;Bristol Depot;South West;TL-01;Telehandler 4m;1;194.04;;completed;Y
H107646;07/09/2023;Norwich Depot;East;WP-02;Water Pump 2in;1;22.57;ACC0168;completed;Y
H107647;05/07/2023;Bristol Depot;South West;CM-350;Concrete Mixer 350L;1;35.83;;completed;N
H107648;06/12/2024;Norwich Depot;East;SF-TOW;Site Tower Light;5;52.68;ACC0011;completed;Y
H107649;03/07/2024;Bristol Depot;South West;GEN-60;60kVA Generator;14;92.52;ACC0067;completed;Y
H107650;29/10/2023;Cardiff Depot;Wales;DM-09;Diesel Dumper 9T;3;146.0;ACC0182;completed;Y
H107651;14/11/2024;Glasgow Depot;Scotland;WP-02;Water Pump 2in;7;23.36;ACC0182;completed;Y
H107652;06/10/2024;Cardiff Depot;Wales;SF-TOW;Site Tower Light;1;55.39;ACC0156;completed;Y
H107653;22/02/2024;Bristol Depot;South West;WP-02;Water Pump 2in;1;21.47;ACC0215;completed;Y
H107654;23/07/2023;Glasgow Depot;Scotland;EX-140;13T Excavator;2;303.76;ACC0229;completed;Y
H107655;21/04/2023;Glasgow Depot;Scotland;SC-22;Scissor Lift 22ft;14;77.64;ACC0049;completed;Y
H107656;04/05/2024;Bristol Depot;South West;WP-02;Water Pump 2in;1;21.2;ACC0060;completed;Y
H107657;10/02/2024;Leeds Depot;North;GEN-60;60kVA Generator;1;97.48;ACC0011;completed;Y
H107658;09/04/2024;Leeds Depot;North;DM-09;Diesel Dumper 9T;2;137.36;ACC0251;completed;Y
H107659;30/08/2024;Bristol Depot;South West;HD-BRK;Hydraulic Breaker;28;61.43;;completed;Y
H107660;17/08/2024;Norwich Depot;East;CM-350;Concrete Mixer 350L;14;31.76;ACC0048;completed;N
H107661;12/12/2023;Glasgow Depot;Scotland;GEN-60;60kVA Generator;2;98.44;;completed;Y
H107662;25/03/2024;Cardiff Depot;Wales;CM-350;Concrete Mixer 350L;14;31.67;ACC0122;completed;Y
H107663;20/03/2024;Glasgow Depot;Scotland;SF-TOW;Site Tower Light;1;51.43;ACC0196;completed;Y
H107664;19/09/2023;Leeds Depot;North;WP-02;Water Pump 2in;1;22.12;ACC0182;completed;N
H107665;17/07/2023;Leeds Depot;North;GEN-60;60kVA Generator;3;103.4;ACC0209;completed;N
H107666;14/08/2023;Glasgow Depot;Scotland;TL-01;Telehandler 4m;1;191.72;ACC0062;open;Y
H107667;02/11/2023;Norwich Depot;East;EX-140;13T Excavator;3;321.78;ACC0151;completed;Y
H107668;18/02/2024;Norwich Depot;East;EX-140;13T Excavator;-2;311.71;ACC0136;cancelled;Y
H107669;04/09/2024;Norwich Depot;East;CM-350;Concrete Mixer 350L;1;36.12;ACC0230;completed;Y
H107670;08/01/2024;Leeds Depot;North;DM-09;Diesel Dumper 9T;2;144.02;;completed;N
H107671;10/10/2023;Bristol Depot;South West;PB-15;Powered Barrow;-5;39.5;ACC0068;cancelled;Y
H107672;13/06/2024;Glasgow Depot;Scotland;DM-09;Diesel Dumper 9T;-7;156.26;ACC0224;cancelled;N
H107673;30/05/2023;Glasgow Depot;Scotland;GEN-60;60kVA Generator;2;90.9;ACC0242;completed;Y
H107674;27/06/2023;Cardiff Depot;Wales;PB-15;Powered Barrow;2;41.71;ACC0185;completed;Y
H107675;26/07/2024;Bristol Depot;South West;SC-22;Scissor Lift 22ft;1;75.8;ACC0118;completed;Y
H107676;07/12/2024;Glasgow Depot;Scotland;WP-02;Water Pump 2in;2;22.03;ACC0200;completed;Y
H107677;14/12/2024;Bristol Depot;South West;SF-TOW;Site Tower Light;5;51.68;ACC0180;completed;Y
H107678;28/01/2024;Cardiff Depot;Wales;PB-15;Powered Barrow;-14;39.66;;cancelled;N
H107679;12/12/2023;Leeds Depot;North;PB-15;Powered Barrow;2;41.88;ACC0078;completed;Y
H107680;06/01/2024;Bristol Depot;South West;DM-09;Diesel Dumper 9T;1;135.98;ACC0095;completed;Y
H107681;02/03/2024;Bristol Depot;South West;TL-01;Telehandler 4m;-14;195.73;ACC0134;cancelled;Y
H107682;17/02/2024;Glasgow Depot;Scotland;PB-15;Powered Barrow;14;43.66;ACC0172;completed;Y
H107683;04/07/2023;Bristol Depot;South West;SF-TOW;Site Tower Light;3;54.73;;completed;Y
H107684;13/07/2024;Bristol Depot;South West;WP-02;Water Pump 2in;-2;20.8;ACC0048;cancelled;Y
H107685;19/07/2024;Glasgow Depot;Scotland;CM-350;Concrete Mixer 350L;2;35.23;ACC0228;completed;N
H107686;29/06/2023;Cardiff Depot;Wales;HD-BRK;Hydraulic Breaker;1;65.54;ACC0006;completed;Y
H107687;02/04/2024;Bristol Depot;South West;PB-15;Powered Barrow;1;40.42;ACC0102;completed;Y
H107688;17/03/2024;Bristol Depot;South West;GEN-60;60kVA Generator;1;100.48;ACC0017;completed;Y
H107689;30/01/2024;Bristol Depot;South West;EX-140;13T Excavator;5;315.47;ACC0161;completed;Y
H107690;25/06/2024;Norwich Depot;East;PB-15;Powered Barrow;7;38.1;ACC0201;completed;Y
H107691;05/03/2024;Glasgow Depot;Scotland;WP-02;Water Pump 2in;1;24.13;ACC0009;completed;Y
H107692;13/08/2023;Bristol Depot;South West;PB-15;Powered Barrow;1;41.11;ACC0137;completed;Y
H107693;04/09/2023;Norwich Depot;East;SC-22;Scissor Lift 22ft;5;81.61;;completed;Y
H107694;11/05/2024;Leeds Depot;North;DM-09;Diesel Dumper 9T;2;153.95;ACC0129;open;N
H107695;14/04/2023;Leeds Depot;North;TL-01;Telehandler 4m;5;191.23;ACC0185;completed;Y
H107696;13/12/2024;Bristol Depot;South West;SC-22;Scissor Lift 22ft;1;73.69;ACC0160;completed;Y
H107697;10/05/2023;Cardiff Depot;Wales;DM-09;Diesel Dumper 9T;3;141.23;;completed;Y
H107698;23/07/2024;Glasgow Depot;Scotland;WP-02;Water Pump 2in;3;20.72;ACC0200;completed;Y
H107699;20/08/2024;Norwich Depot;East;WP-02;Water Pump 2in;3;23.71;ACC0049;completed;N
H107700;31/01/2024;Norwich Depot;East;WP-02;Water Pump 2in;14;23.44;ACC0203;completed;Y
H107701;26/04/2024;Norwich Depot;East;PB-15;Powered Barrow;1;43.65;;completed;Y
H107702;03/04/2024;Bristol Depot;South West;CM-350;Concrete Mixer 350L;1;31.84;ACC0216;completed;Y
H107703;09/08/2023;Leeds Depot;North;GEN-60;60kVA Generator;1;96.25;;completed;Y
H107704;05/05/2024;Glasgow Depot;Scotland;CM-350;Concrete Mixer 350L;3;31.39;ACC0155;completed;Y
H107705;10/09/2024;Leeds Depot;North;WP-02;Water Pump 2in;1;22.44;ACC0133;completed;Y
H107706;18/05/2024;Bristol Depot;South West;DM-09;Diesel Dumper 9T;-1;149.06;ACC0054;cancelled;Y
H107707;14/04/2024;Cardiff Depot;Wales;EX-140;13T Excavator;3;294.48;;open;Y
H107708;19/07/2023;Bristol Depot;South West;CM-350;Concrete Mixer 350L;14;34.08;ACC0043;completed;N
H107709;02/11/2023;Norwich Depot;East;CM-350;Concrete Mixer 350L;2;35.83;;completed;Y
H107710;01/06/2023;Glasgow Depot;Scotland;DM-09;Diesel Dumper 9T;-28;145.91;ACC0026;cancelled;Y
H107711;20/09/2024;Cardiff Depot;Wales;EX-140;13T Excavator;1;293.5;ACC0212;completed;Y
H107712;18/04/2023;Norwich Depot;East;PB-15;Powered Barrow;3;38.7;ACC0066;completed;Y
H107713;22/05/2024;Norwich Depot;East;WP-02;Water Pump 2in;5;21.99;ACC0001;completed;N
H107714;03/01/2024;Bristol Depot;South West;CM-350;Concrete Mixer 350L;2;31.58;ACC0075;completed;Y
H107715;30/11/2024;Bristol Depot;South West;HD-BRK;Hydraulic Breaker;14;67.08;ACC0035;completed;Y
H107716;01/06/2024;Leeds Depot;North;TL-01;Telehandler 4m;-14;202.7;ACC0184;cancelled;Y
H107717;15/09/2023;Glasgow Depot;Scotland;GEN-60;60kVA Generator;1;90.31;ACC0030;completed;N
H107718;27/09/2023;Cardiff Depot;Wales;HD-BRK;Hydraulic Breaker;7;63.24;ACC0172;completed;Y
H107719;15/09/2023;Norwich Depot;East;SF-TOW;Site Tower Light;3;51.34;ACC0190;completed;Y
H107720;30/06/2024;Bristol Depot;South West;GEN-60;60kVA Generator;-2;88.71;ACC0077;cancelled;Y
H107721;17/11/2023;Glasgow Depot;Scotland;GEN-60;60kVA Generator;1;101.97;ACC0258;completed;Y
H107722;14/12/2024;Cardiff Depot;Wales;HD-BRK;Hydraulic Breaker;2;61.55;ACC0174;completed;Y
H107723;15/07/2024;Glasgow Depot;Scotland;SF-TOW;Site Tower Light;2;49.84;ACC0164;open;Y
H107724;07/05/2024;Norwich Depot;East;CM-350;Concrete Mixer 350L;3;32.66;ACC0084;completed;N
H107725;11/11/2023;Bristol Depot;South West;PB-15;Powered Barrow;3;40.95;ACC0079;completed;Y
H107726;29/04/2023;Bristol Depot;South West;WP-02;Water Pump 2in;3;21.28;ACC0022;completed;Y
H107727;13/07/2023;Cardiff Depot;Wales;EX-140;13T Excavator;7;302.15;;completed;Y
H107728;19/10/2024;Glasgow Depot;Scotland;TL-01;Telehandler 4m;5;201.12;ACC0251;completed;N
H107729;30/04/2024;Glasgow Depot;Scotland;CM-350;Concrete Mixer 350L;7;33.72;ACC0077;completed;Y
H107730;26/10/2024;Leeds Depot;North;EX-140;13T Excavator;2;320.31;ACC0192;completed;Y
H107731;17/04/2024;Leeds Depot;North;CM-350;Concrete Mixer 350L;2;35.96;ACC0172;completed;Y
H107732;16/12/2024;Cardiff Depot;Wales;SF-TOW;Site Tower Light;2;51.37;;completed;Y
H107733;07/09/2023;Cardiff Depot;Wales;SC-22;Scissor Lift 22ft;1;82.72;ACC0073;completed;Y
H107734;08/04/2024;Cardiff Depot;Wales;CM-350;Concrete Mixer 350L;14;32.88;ACC0007;completed;Y
H107735;17/11/2023;Norwich Depot;East;DM-09;Diesel Dumper 9T;2;134.64;ACC0260;completed;Y
H107736;12/05/2024;Bristol Depot;South West;CM-350;Concrete Mixer 350L;5;31.46;ACC0083;completed;Y
H107737;01/10/2024;Cardiff Depot;Wales;CM-350;Concrete Mixer 350L;2;34.62;ACC0221;completed;N
H107738;04/11/2024;Leeds Depot;North;WP-02;Water Pump 2in;3;23.2;ACC0153;completed;Y
H107739;05/12/2024;Cardiff Depot;Wales;SC-22;Scissor Lift 22ft;5;73.99;ACC0138;completed;Y
H107740;03/06/2024;Glasgow Depot;Scotland;PB-15;Powered Barrow;3;40.0;ACC0202;completed;Y
H107741;25/01/2024;Norwich Depot;East;GEN-60;60kVA Generator;5;97.26;ACC0235;completed;N
H107742;24/03/2024;Cardiff Depot;Wales;GEN-60;60kVA Generator;2;90.31;ACC0062;completed;Y
H107743;27/05/2023;Cardiff Depot;Wales;PB-15;Powered Barrow;1;41.7;ACC0231;completed;N
H107744;08/05/2023;Cardiff Depot;Wales;TL-01;Telehandler 4m;7;178.71;ACC0191;completed;Y
H107745;15/03/2024;Cardiff Depot;Wales;WP-02;Water Pump 2in;3;23.86;ACC0220;completed;Y
H107746;10/12/2023;Bristol Depot;South West;HD-BRK;Hydraulic Breaker;7;65.5;ACC0104;completed;Y
H107747;11/11/2024;Leeds Depot;North;CM-350;Concrete Mixer 350L;3;35.8;;completed;Y
H107748;31/10/2024;Glasgow Depot;Scotland;DM-09;Diesel Dumper 9T;1;155.66;ACC0111;completed;Y
H107749;03/12/2023;Norwich Depot;East;EX-140;13T Excavator;2;311.19;ACC0071;completed;Y
H107750;25/04/2023;Bristol Depot;South West;CM-350;Concrete Mixer 350L;3;31.4;ACC0156;completed;Y
H107751;25/01/2024;Bristol Depot;South West;SC-22;Scissor Lift 22ft;28;72.42;ACC0108;completed;N
H107752;02/09/2023;Norwich Depot;East;CM-350;Concrete Mixer 350L;1;31.32;ACC0100;completed;Y
H107753;04/12/2023;Leeds Depot;North;DM-09;Diesel Dumper 9T;1;151.47;ACC0010;open;N
H107754;21/04/2023;Leeds Depot;North;DM-09;Diesel Dumper 9T;1;143.54;ACC0064;completed;Y
H107755;05/11/2024;Bristol Depot;South West;GEN-60;60kVA Generator;2;98.66;;completed;Y
H107756;02/04/2023;Glasgow Depot;Scotland;PB-15;Powered Barrow;7;38.94;;completed;Y
H107757;28/11/2023;Bristol Depot;South West;GEN-60;60kVA Generator;7;92.62;ACC0082;completed;N
H107758;13/08/2023;Norwich Depot;East;CM-350;Concrete Mixer 350L;1;35.19;ACC0014;completed;Y
H107759;30/06/2024;Leeds Depot;North;WP-02;Water Pump 2in;5;21.25;;completed;N
H107760;20/09/2024;Norwich Depot;East;PB-15;Powered Barrow;7;42.02;ACC0124;completed;N
H107761;13/01/2024;Norwich Depot;East;WP-02;Water Pump 2in;2;20.88;ACC0130;completed;Y
H107762;23/03/2024;Glasgow Depot;Scotland;WP-02;Water Pump 2in;2;22.73;ACC0190;completed;Y
H107763;18/10/2023;Cardiff Depot;Wales;SF-TOW;Site Tower Light;5;54.98;ACC0046;completed;N
H107764;29/11/2023;Bristol Depot;South West;SF-TOW;Site Tower Light;-3;49.43;ACC0016;cancelled;Y
H107765;08/12/2023;Norwich Depot;East;HD-BRK;Hydraulic Breaker;-1;68.92;ACC0094;cancelled;Y
H107766;22/03/2024;Leeds Depot;North;WP-02;Water Pump 2in;7;21.94;ACC0153;completed;Y
H107767;15/06/2023;Leeds Depot;North;WP-02;Water Pump 2in;2;22.3;ACC0157;completed;Y
H107768;22/10/2024;Glasgow Depot;Scotland;DM-09;Diesel Dumper 9T;1;142.86;;completed;Y
H107769;24/04/2024;Bristol Depot;South West;SC-22;Scissor Lift 22ft;28;82.16;ACC0222;completed;Y
H107770;29/06/2024;Leeds Depot;North;GEN-60;60kVA Generator;1;90.72;;completed;Y
H107771;21/04/2024;Glasgow Depot;Scotland;SF-TOW;Site Tower Light;2;48.65;ACC0066;completed;Y
H107772;10/06/2023;Leeds Depot;North;HD-BRK;Hydraulic Breaker;14;61.48;ACC0161;completed;Y
H107773;01/07/2023;Leeds Depot;North;HD-BRK;Hydraulic Breaker;3;66.26;ACC0235;completed;Y
H107774;10/09/2024;Norwich Depot;East;SC-22;Scissor Lift 22ft;3;76.26;ACC0026;completed;Y
H107775;18/07/2024;Bristol Depot;South West;SC-22;Scissor Lift 22ft;2;75.33;ACC0245;open;Y
H107776;07/12/2024;Cardiff Depot;Wales;EX-140;13T Excavator;3;298.61;ACC0190;completed;N
H107777;19/07/2024;Glasgow Depot;Scotland;WP-02;Water Pump 2in;5;23.22;ACC0059;completed;Y
H107778;01/10/2023;Leeds Depot;North;HD-BRK;Hydraulic Breaker;1;59.46;ACC0124;completed;N
H107779;03/11/2024;Glasgow Depot;Scotland;CM-350;Concrete Mixer 350L;3;31.77;ACC0202;open;Y
H107780;13/12/2023;Bristol Depot;South West;SF-TOW;Site Tower Light;2;51.87;ACC0255;completed;Y
H107781;23/09/2024;Glasgow Depot;Scotland;SF-TOW;Site Tower Light;1;54.86;ACC0050;completed;Y
H107782;22/07/2024;Norwich Depot;East;GEN-60;60kVA Generator;2;94.17;ACC0061;completed;N
H107783;06/07/2023;Leeds Depot;North;HD-BRK;Hydraulic Breaker;3;66.66;;completed;Y
H107784;01/02/2024;Cardiff Depot;Wales;EX-140;13T Excavator;2;329.77;ACC0065;completed;N
H107785;01/01/2024;Bristol Depot;South West;WP-02;Water Pump 2in;-2;23.02;ACC0060;cancelled;Y
H107786;27/01/2024;Glasgow Depot;Scotland;GEN-60;60kVA Generator;2;103.22;ACC0253;completed;Y
H107787;17/05/2024;Leeds Depot;North;DM-09;Diesel Dumper 9T;3;138.52;ACC0124;completed;Y
H107788;27/11/2024;Leeds Depot;North;DM-09;Diesel Dumper 9T;3;153.28;ACC0244;completed;Y
H107789;01/10/2023;Norwich Depot;East;DM-09;Diesel Dumper 9T;5;145.89;;completed;Y
H107790;19/05/2024;Glasgow Depot;Scotland;WP-02;Water Pump 2in;14;21.34;ACC0138;completed;Y
H107791;14/02/2024;Leeds Depot;North;CM-350;Concrete Mixer 350L;3;35.61;ACC0221;completed;Y
H107792;02/06/2023;Bristol Depot;South West;SF-TOW;Site Tower Light;-2;49.21;ACC0086;cancelled;Y
H107793;18/05/2023;Norwich Depot;East;HD-BRK;Hydraulic Breaker;28;64.85;ACC0146;completed;Y
H107794;19/07/2023;Glasgow Depot;Scotland;CM-350;Concrete Mixer 350L;14;34.35;ACC0092;completed;N
H107795;27/11/2024;Cardiff Depot;Wales;CM-350;Concrete Mixer 350L;1;35.45;ACC0156;completed;Y
H107796;05/05/2023;Cardiff Depot;Wales;HD-BRK;Hydraulic Breaker;2;60.88;ACC0041;completed;N
H107797;24/10/2024;Cardiff Depot;Wales;EX-140;13T Excavator;1;325.03;ACC0105;completed;Y
H107798;10/06/2023;Norwich Depot;East;CM-350;Concrete Mixer 350L;1;34.45;ACC0031;completed;Y
H107799;28/08/2023;Norwich Depot;East;SF-TOW;Site Tower Light;2;50.14;ACC0207;completed;Y
H107800;06/06/2023;Cardiff Depot;Wales;SC-22;Scissor Lift 22ft;1;83.59;ACC0014;completed;Y
H107801;01/08/2024;Glasgow Depot;Scotland;HD-BRK;Hydraulic Breaker;3;61.44;ACC0088;completed;N
H107802;12/10/2023;Cardiff Depot;Wales;GEN-60;60kVA Generator;5;90.69;ACC0163;completed;Y
H107803;03/11/2023;Bristol Depot;South West;TL-01;Telehandler 4m;7;173.27;ACC0074;completed;Y
H107804;16/05/2024;Glasgow Depot;Scotland;EX-140;13T Excavator;5;290.08;ACC0073;completed;Y
H107805;29/10/2023;Leeds Depot;North;SC-22;Scissor Lift 22ft;7;76.22;ACC0083;completed;Y
H107806;31/08/2024;Bristol Depot;South West;PB-15;Powered Barrow;1;44.0;ACC0207;completed;Y
H107807;10/08/2024;Glasgow Depot;Scotland;EX-140;13T Excavator;1;333.46;ACC0066;completed;Y
H107808;21/05/2024;Glasgow Depot;Scotland;WP-02;Water Pump 2in;1;20.74;ACC0176;completed;Y
H107809;29/01/2024;Cardiff Depot;Wales;WP-02;Water Pump 2in;3;22.71;ACC0003;completed;Y
H107810;04/07/2024;Glasgow Depot;Scotland;WP-02;Water Pump 2in;1;21.74;;completed;Y
H107811;12/04/2024;Bristol Depot;South West;WP-02;Water Pump 2in;2;22.43;ACC0011;completed;N
H107812;20/08/2024;Cardiff Depot;Wales;GEN-60;60kVA Generator;3;102.21;ACC0172;completed;Y
H107813;12/10/2023;Norwich Depot;East;WP-02;Water Pump 2in;5;21.11;ACC0105;completed;Y
H107814;13/07/2023;Glasgow Depot;Scotland;SC-22;Scissor Lift 22ft;1;80.78;;completed;Y
H107815;17/11/2024;Bristol Depot;South West;SF-TOW;Site Tower Light;2;53.46;ACC0206;completed;Y
H107816;30/12/2023;Bristol Depot;South West;CM-350;Concrete Mixer 350L;3;32.6;ACC0017;completed;Y
H107817;04/05/2023;Leeds Depot;North;DM-09;Diesel Dumper 9T;2;156.54;ACC0242;completed;Y
H107818;13/08/2023;Bristol Depot;South West;SC-22;Scissor Lift 22ft;1;76.42;;open;Y
H107819;16/08/2024;Glasgow Depot;Scotland;DM-09;Diesel Dumper 9T;1;151.22;ACC0100;completed;Y
H107820;13/06/2023;Leeds Depot;North;SC-22;Scissor Lift 22ft;2;82.34;ACC0089;completed;Y
H107821;14/11/2024;Glasgow Depot;Scotland;HD-BRK;Hydraulic Breaker;1;68.49;ACC0039;completed;Y
H107822;23/11/2024;Bristol Depot;South West;CM-350;Concrete Mixer 350L;3;34.13;;completed;Y
H107823;08/10/2023;Leeds Depot;North;SF-TOW;Site Tower Light;1;54.43;ACC0155;completed;Y
H107824;01/06/2023;Norwich Depot;East;TL-01;Telehandler 4m;3;193.42;;completed;Y
H107825;01/12/2023;Bristol Depot;South West;HD-BRK;Hydraulic Breaker;1;65.71;ACC0021;completed;Y
H107826;25/11/2023;Norwich Depot;East;WP-02;Water Pump 2in;-1;21.75;ACC0200;cancelled;Y
H107827;22/05/2024;Norwich Depot;East;WP-02;Water Pump 2in;1;22.77;ACC0168;completed;N
H107828;02/02/2024;Leeds Depot;North;PB-15;Powered Barrow;5;42.81;ACC0015;completed;Y
H107829;29/07/2023;Norwich Depot;East;SF-TOW;Site Tower Light;5;51.49;ACC0062;completed;Y
H107830;15/11/2024;Norwich Depot;East;GEN-60;60kVA Generator;5;97.12;ACC0023;completed;Y
H107831;04/11/2024;Norwich Depot;East;GEN-60;60kVA Generator;1;88.59;ACC0109;completed;Y
H107832;18/10/2023;Cardiff Depot;Wales;DM-09;Diesel Dumper 9T;5;134.71;ACC0181;completed;Y
H107833;28/11/2023;Glasgow Depot;Scotland;SF-TOW;Site Tower Light;28;54.54;ACC0138;completed;Y
H107834;26/04/2023;Bristol Depot;South West;PB-15;Powered Barrow;2;41.36;ACC0092;completed;Y
H107835;25/12/2023;Leeds Depot;North;CM-350;Concrete Mixer 350L;1;35.81;ACC0188;completed;Y
H107836;30/12/2024;Norwich Depot;East;TL-01;Telehandler 4m;2;188.15;ACC0023;completed;Y
H107837;14/11/2023;Cardiff Depot;Wales;HD-BRK;Hydraulic Breaker;1;67.72;ACC0027;completed;Y
H107838;02/06/2024;Norwich Depot;East;TL-01;Telehandler 4m;1;197.85;ACC0202;completed;Y
H107839;14/06/2023;Leeds Depot;North;SF-TOW;Site Tower Light;1;48.64;ACC0147;completed;Y
H107840;18/06/2024;Norwich Depot;East;PB-15;Powered Barrow;7;38.42;ACC0052;completed;Y
H107841;10/10/2024;Leeds Depot;North;PB-15;Powered Barrow;2;43.72;ACC0170;completed;Y
H107842;06/03/2024;Leeds Depot;North;WP-02;Water Pump 2in;5;22.82;ACC0252;completed;Y
H107843;03/09/2024;Cardiff Depot;Wales;DM-09;Diesel Dumper 9T;1;153.86;ACC0163;completed;Y
H107844;21/09/2024;Glasgow Depot;Scotland;PB-15;Powered Barrow;1;42.8;ACC0008;completed;N
H107845;31/12/2023;Cardiff Depot;Wales;WP-02;Water Pump 2in;3;24.17;ACC0014;completed;Y
H107846;06/05/2024;Cardiff Depot;Wales;SF-TOW;Site Tower Light;5;49.6;ACC0227;completed;Y
H107847;16/09/2024;Cardiff Depot;Wales;SC-22;Scissor Lift 22ft;7;74.24;ACC0107;completed;Y
H107848;19/07/2023;Cardiff Depot;Wales;SF-TOW;Site Tower Light;1;50.34;ACC0168;completed;Y
H107849;09/06/2023;Leeds Depot;North;WP-02;Water Pump 2in;-2;21.62;;cancelled;Y
H107850;07/10/2024;Leeds Depot;North;HD-BRK;Hydraulic Breaker;3;65.95;ACC0144;completed;Y
H107851;08/12/2024;Glasgow Depot;Scotland;CM-350;Concrete Mixer 350L;1;32.81;ACC0062;completed;Y
H107852;26/11/2024;Glasgow Depot;Scotland;WP-02;Water Pump 2in;14;21.71;ACC0129;completed;Y
H107853;09/02/2024;Cardiff Depot;Wales;SC-22;Scissor Lift 22ft;2;76.53;ACC0243;completed;Y
H107854;28/05/2024;Bristol Depot;South West;SC-22;Scissor Lift 22ft;1;83.93;ACC0114;completed;Y
H107855;11/12/2024;Bristol Depot;South West;WP-02;Water Pump 2in;2;23.45;ACC0160;completed;N
H107856;16/03/2024;Leeds Depot;North;WP-02;Water Pump 2in;-7;23.97;ACC0257;cancelled;Y
H107857;08/02/2024;Leeds Depot;North;DM-09;Diesel Dumper 9T;7;133.9;ACC0005;completed;Y
H107858;11/02/2024;Bristol Depot;South West;WP-02;Water Pump 2in;3;23.2;ACC0213;completed;Y
H107859;04/03/2024;Glasgow Depot;Scotland;DM-09;Diesel Dumper 9T;14;140.75;ACC0201;completed;N
H107860;27/10/2024;Bristol Depot;South West;HD-BRK;Hydraulic Breaker;2;67.39;ACC0009;completed;Y
H107861;20/11/2023;Cardiff Depot;Wales;GEN-60;60kVA Generator;5;100.16;ACC0044;completed;Y
H107862;08/08/2023;Leeds Depot;North;SC-22;Scissor Lift 22ft;1;84.43;ACC0150;completed;N
H107863;11/11/2023;Norwich Depot;East;SF-TOW;Site Tower Light;5;49.36;ACC0200;completed;Y
H107864;14/04/2023;Bristol Depot;South West;TL-01;Telehandler 4m;5;186.69;ACC0139;completed;Y
H107865;22/05/2024;Norwich Depot;East;WP-02;Water Pump 2in;14;21.34;;completed;Y
H107866;24/07/2024;Leeds Depot;North;GEN-60;60kVA Generator;3;98.25;ACC0016;completed;N
H107867;01/09/2023;Norwich Depot;East;EX-140;13T Excavator;1;302.4;ACC0149;completed;Y
H107868;15/07/2023;Cardiff Depot;Wales;WP-02;Water Pump 2in;2;21.73;;completed;Y
H107869;25/12/2023;Glasgow Depot;Scotland;SF-TOW;Site Tower Light;1;48.58;ACC0157;completed;Y
H107870;06/06/2023;Leeds Depot;North;CM-350;Concrete Mixer 350L;1;33.81;ACC0251;completed;Y
H107871;15/07/2024;Bristol Depot;South West;GEN-60;60kVA Generator;1;99.65;ACC0091;completed;N
H107872;24/12/2023;Bristol Depot;South West;WP-02;Water Pump 2in;7;21.65;ACC0014;completed;Y
H107873;21/01/2024;Glasgow Depot;Scotland;TL-01;Telehandler 4m;2;198.03;ACC0161;completed;Y
H107874;27/11/2023;Bristol Depot;South West;GEN-60;60kVA Generator;2;92.81;ACC0243;completed;Y
H107875;02/05/2024;Norwich Depot;East;DM-09;Diesel Dumper 9T;1;153.03;ACC0055;completed;Y
H107876;09/03/2024;Norwich Depot;East;PB-15;Powered Barrow;-7;38.59;ACC0043;cancelled;N
H107877;09/06/2024;Glasgow Depot;Scotland;WP-02;Water Pump 2in;1;22.36;ACC0111;completed;N
H107878;14/04/2023;Cardiff Depot;Wales;HD-BRK;Hydraulic Breaker;3;64.39;;completed;N
H107879;20/10/2024;Bristol Depot;South West;WP-02;Water Pump 2in;3;22.74;ACC0122;completed;Y
H107880;13/06/2024;Leeds Depot;North;CM-350;Concrete Mixer 350L;1;36.07;ACC0029;completed;Y
H107881;26/12/2023;Cardiff Depot;Wales;WP-02;Water Pump 2in;1;24.03;ACC0126;completed;Y
H107882;10/05/2023;Bristol Depot;South West;DM-09;Diesel Dumper 9T;1;144.6;ACC0207;completed;Y
H107883;16/08/2023;Norwich Depot;East;TL-01;Telehandler 4m;14;174.05;ACC0063;completed;Y
H107884;08/12/2024;Glasgow Depot;Scotland;WP-02;Water Pump 2in;3;20.82;ACC0123;completed;Y
H107885;21/05/2024;Norwich Depot;East;SF-TOW;Site Tower Light;1;54.34;ACC0009;completed;Y
H107886;11/11/2023;Glasgow Depot;Scotland;SC-22;Scissor Lift 22ft;14;75.06;ACC0249;completed;Y
H107887;07/07/2023;Cardiff Depot;Wales;WP-02;Water Pump 2in;2;23.19;ACC0028;completed;Y
H107888;06/03/2024;Leeds Depot;North;GEN-60;60kVA Generator;1;95.17;;completed;Y
H107889;27/09/2023;Bristol Depot;South West;EX-140;13T Excavator;-2;320.14;ACC0143;cancelled;Y
H107890;17/06/2024;Norwich Depot;East;HD-BRK;Hydraulic Breaker;1;63.6;ACC0158;completed;Y
H107891;19/07/2024;Norwich Depot;East;CM-350;Concrete Mixer 350L;3;32.75;ACC0044;completed;Y
H107892;12/02/2024;Leeds Depot;North;GEN-60;60kVA Generator;2;92.7;ACC0032;completed;N
H107893;07/02/2024;Leeds Depot;North;CM-350;Concrete Mixer 350L;3;34.15;ACC0224;completed;Y
H107894;29/01/2024;Bristol Depot;South West;GEN-60;60kVA Generator;14;101.07;ACC0125;completed;N
H107895;20/05/2024;Cardiff Depot;Wales;CM-350;Concrete Mixer 350L;3;32.94;ACC0247;completed;Y
H107896;16/12/2023;Cardiff Depot;Wales;SC-22;Scissor Lift 22ft;-5;73.14;ACC0099;cancelled;Y
H107897;11/01/2024;Cardiff Depot;Wales;CM-350;Concrete Mixer 350L;2;36.58;ACC0172;completed;Y
H107898;10/07/2024;Bristol Depot;South West;HD-BRK;Hydraulic Breaker;14;68.75;;completed;N
H107899;07/12/2023;Cardiff Depot;Wales;HD-BRK;Hydraulic Breaker;3;68.57;ACC0187;completed;Y
H107900;29/11/2024;Cardiff Depot;Wales;WP-02;Water Pump 2in;3;23.35;ACC0250;completed;Y
H107901;12/05/2023;Bristol Depot;South West;EX-140;13T Excavator;3;303.95;ACC0253;open;Y
H107902;14/01/2024;Glasgow Depot;Scotland;CM-350;Concrete Mixer 350L;3;35.93;ACC0208;completed;Y
H107903;09/04/2024;Leeds Depot;North;CM-350;Concrete Mixer 350L;1;31.35;;completed;Y
H107904;07/11/2024;Leeds Depot;North;WP-02;Water Pump 2in;1;21.69;ACC0104;completed;Y
H107905;12/08/2023;Leeds Depot;North;PB-15;Powered Barrow;2;40.11;ACC0235;completed;Y
H107906;19/11/2024;Leeds Depot;North;PB-15;Powered Barrow;1;43.14;ACC0085;completed;Y
H107907;20/05/2024;Bristol Depot;South West;CM-350;Concrete Mixer 350L;3;32.43;ACC0243;completed;Y
H107908;04/04/2023;Norwich Depot;East;EX-140;13T Excavator;3;297.46;ACC0107;completed;Y
H107909;16/08/2023;Norwich Depot;East;PB-15;Powered Barrow;3;39.11;;completed;Y
H107910;12/06/2023;Glasgow Depot;Scotland;EX-140;13T Excavator;7;317.14;ACC0181;completed;Y
H107911;11/09/2023;Bristol Depot;South West;GEN-60;60kVA Generator;2;93.44;ACC0214;completed;Y
H107912;22/03/2024;Glasgow Depot;Scotland;TL-01;Telehandler 4m;-1;180.44;ACC0046;cancelled;Y
H107913;05/08/2024;Bristol Depot;South West;EX-140;13T Excavator;3;314.51;ACC0252;completed;Y
H107914;20/04/2024;Leeds Depot;North;WP-02;Water Pump 2in;2;24.21;ACC0147;completed;Y
H107915;09/08/2024;Glasgow Depot;Scotland;SF-TOW;Site Tower Light;5;52.72;ACC0153;completed;Y
H107916;27/04/2023;Bristol Depot;South West;GEN-60;60kVA Generator;28;94.62;ACC0112;completed;Y
H107917;27/09/2023;Cardiff Depot;Wales;SF-TOW;Site Tower Light;2;54.29;ACC0053;completed;Y
H107918;17/06/2024;Leeds Depot;North;WP-02;Water Pump 2in;2;21.8;;completed;Y
H107919;04/08/2023;Bristol Depot;South West;SC-22;Scissor Lift 22ft;28;76.87;;completed;Y
H107920;10/11/2023;Cardiff Depot;Wales;EX-140;13T Excavator;7;306.6;ACC0168;open;Y
H107921;25/10/2024;Norwich Depot;East;WP-02;Water Pump 2in;7;21.74;ACC0063;completed;N
H107922;09/03/2024;Cardiff Depot;Wales;CM-350;Concrete Mixer 350L;3;36.11;ACC0034;completed;Y
H107923;10/12/2023;Bristol Depot;South West;GEN-60;60kVA Generator;7;89.66;ACC0058;completed;N
H107924;29/02/2024;Norwich Depot;East;CM-350;Concrete Mixer 350L;3;31.53;ACC0066;completed;Y
H107925;28/05/2023;Glasgow Depot;Scotland;SF-TOW;Site Tower Light;2;53.11;ACC0065;completed;N
H107926;01/03/2024;Leeds Depot;North;PB-15;Powered Barrow;2;41.43;;completed;N
H107927;02/07/2023;Leeds Depot;North;DM-09;Diesel Dumper 9T;1;148.58;ACC0250;completed;Y
H107928;25/10/2024;Leeds Depot;North;SC-22;Scissor Lift 22ft;1;75.2;ACC0100;completed;N
H107929;25/05/2023;Glasgow Depot;Scotland;WP-02;Water Pump 2in;7;22.31;ACC0186;completed;Y
H107930;15/08/2023;Glasgow Depot;Scotland;HD-BRK;Hydraulic Breaker;3;63.12;;completed;Y
H107931;17/08/2024;Glasgow Depot;Scotland;TL-01;Telehandler 4m;2;202.44;ACC0085;completed;Y
H107932;02/09/2023;Glasgow Depot;Scotland;CM-350;Concrete Mixer 350L;1;33.4;ACC0210;completed;N
H107933;03/06/2023;Leeds Depot;North;CM-350;Concrete Mixer 350L;1;33.0;ACC0098;completed;Y
H107934;10/08/2023;Cardiff Depot;Wales;WP-02;Water Pump 2in;3;23.68;ACC0016;open;Y
H107935;21/10/2023;Norwich Depot;East;WP-02;Water Pump 2in;3;23.73;ACC0253;open;Y
H107936;29/12/2023;Norwich Depot;East;CM-350;Concrete Mixer 350L;28;33.19;ACC0100;completed;Y
H107937;28/07/2024;Glasgow Depot;Scotland;SC-22;Scissor Lift 22ft;1;82.08;ACC0122;completed;N
H107938;15/03/2024;Cardiff Depot;Wales;CM-350;Concrete Mixer 350L;1;34.84;ACC0186;completed;N
H107939;01/06/2024;Norwich Depot;East;SC-22;Scissor Lift 22ft;5;75.38;ACC0146;completed;Y
H107940;14/08/2024;Cardiff Depot;Wales;EX-140;13T Excavator;-3;291.29;ACC0126;cancelled;N
H107941;05/08/2023;Leeds Depot;North;EX-140;13T Excavator;5;310.56;ACC0140;completed;Y
H107942;16/04/2023;Norwich Depot;East;GEN-60;60kVA Generator;7;98.97;ACC0082;completed;Y
H107943;14/10/2023;Cardiff Depot;Wales;CM-350;Concrete Mixer 350L;7;35.01;;completed;Y
H107944;21/08/2023;Cardiff Depot;Wales;PB-15;Powered Barrow;14;38.03;ACC0031;completed;Y
H107945;03/01/2024;Norwich Depot;East;PB-15;Powered Barrow;14;41.83;ACC0041;completed;N
H107946;30/07/2023;Norwich Depot;East;TL-01;Telehandler 4m;2;182.43;ACC0214;open;Y
H107947;03/10/2024;Cardiff Depot;Wales;WP-02;Water Pump 2in;28;22.11;ACC0176;completed;Y
H107948;01/11/2023;Norwich Depot;East;DM-09;Diesel Dumper 9T;7;141.17;;completed;Y
H107949;04/09/2023;Bristol Depot;South West;HD-BRK;Hydraulic Breaker;1;68.97;ACC0259;completed;Y
H107950;23/11/2023;Glasgow Depot;Scotland;WP-02;Water Pump 2in;3;23.64;ACC0004;completed;Y
H107951;27/05/2023;Cardiff Depot;Wales;SC-22;Scissor Lift 22ft;7;83.54;ACC0091;completed;Y
H107952;17/09/2024;Norwich Depot;East;GEN-60;60kVA Generator;7;101.09;ACC0219;completed;Y
H107953;24/07/2024;Bristol Depot;South West;DM-09;Diesel Dumper 9T;1;152.96;ACC0133;completed;Y
H107954;22/04/2023;Norwich Depot;East;TL-01;Telehandler 4m;-1;182.78;ACC0082;cancelled;Y
H107955;08/12/2023;Cardiff Depot;Wales;WP-02;Water Pump 2in;1;22.47;ACC0001;completed;Y
H107956;28/06/2023;Glasgow Depot;Scotland;SF-TOW;Site Tower Light;5;49.23;ACC0058;completed;Y
H107957;20/08/2023;Cardiff Depot;Wales;HD-BRK;Hydraulic Breaker;2;61.14;ACC0055;completed;Y
H107958;31/10/2023;Norwich Depot;East;CM-350;Concrete Mixer 350L;2;33.34;ACC0125;completed;Y
H107959;07/07/2023;Glasgow Depot;Scotland;DM-09;Diesel Dumper 9T;2;149.11;ACC0091;open;Y
H107960;26/08/2023;Glasgow Depot;Scotland;WP-02;Water Pump 2in;7;21.98;;completed;Y
H107961;25/05/2024;Glasgow Depot;Scotland;DM-09;Diesel Dumper 9T;3;141.67;ACC0128;completed;Y
H107962;06/06/2023;Glasgow Depot;Scotland;HD-BRK;Hydraulic Breaker;1;60.07;;completed;Y
H107963;16/06/2024;Cardiff Depot;Wales;PB-15;Powered Barrow;1;40.29;ACC0209;completed;Y
H107964;31/08/2024;Norwich Depot;East;PB-15;Powered Barrow;5;43.05;ACC0209;completed;Y
H107965;03/09/2024;Cardiff Depot;Wales;SC-22;Scissor Lift 22ft;3;82.65;ACC0030;completed;Y
H107966;13/03/2024;Bristol Depot;South West;SC-22;Scissor Lift 22ft;3;80.46;ACC0189;completed;Y
H107967;29/04/2024;Cardiff Depot;Wales;HD-BRK;Hydraulic Breaker;7;67.88;ACC0226;completed;Y
H107968;16/10/2023;Leeds Depot;North;SC-22;Scissor Lift 22ft;28;72.69;ACC0216;completed;Y
H107969;16/10/2024;Glasgow Depot;Scotland;PB-15;Powered Barrow;1;39.06;ACC0176;completed;N
H107970;17/03/2024;Glasgow Depot;Scotland;TL-01;Telehandler 4m;1;191.71;ACC0211;completed;N
H107971;22/09/2024;Norwich Depot;East;WP-02;Water Pump 2in;28;23.18;ACC0069;completed;Y
H107972;20/07/2023;Leeds Depot;North;DM-09;Diesel Dumper 9T;1;146.16;ACC0145;completed;Y
H107973;15/03/2024;Bristol Depot;South West;TL-01;Telehandler 4m;5;185.45;ACC0101;completed;N
H107974;22/07/2024;Glasgow Depot;Scotland;PB-15;Powered Barrow;1;43.3;ACC0082;completed;Y
H107975;06/06/2023;Leeds Depot;North;SC-22;Scissor Lift 22ft;1;79.35;ACC0178;completed;Y
H107976;08/10/2024;Bristol Depot;South West;TL-01;Telehandler 4m;2;177.24;ACC0142;completed;N
H107977;04/09/2023;Bristol Depot;South West;WP-02;Water Pump 2in;5;24.01;ACC0219;completed;Y
H107978;18/06/2023;Norwich Depot;East;GEN-60;60kVA Generator;1;95.81;ACC0220;completed;Y
H107979;20/04/2024;Cardiff Depot;Wales;HD-BRK;Hydraulic Breaker;2;63.74;;completed;Y
H107980;30/10/2023;Leeds Depot;North;CM-350;Concrete Mixer 350L;1;31.69;ACC0071;completed;Y
H107981;20/07/2024;Leeds Depot;North;GEN-60;60kVA Generator;2;100.04;ACC0009;completed;Y
H107982;21/02/2024;Glasgow Depot;Scotland;GEN-60;60kVA Generator;14;90.27;ACC0127;completed;Y
H107983;12/06/2023;Bristol Depot;South West;WP-02;Water Pump 2in;2;23.57;ACC0017;completed;Y
H107984;04/05/2023;Leeds Depot;North;HD-BRK;Hydraulic Breaker;1;59.49;ACC0010;completed;Y
H107985;24/07/2023;Norwich Depot;East;SF-TOW;Site Tower Light;1;49.63;ACC0006;completed;Y
H107986;13/03/2024;Cardiff Depot;Wales;WP-02;Water Pump 2in;28;22.14;ACC0152;open;Y
H107987;26/07/2024;Leeds Depot;North;CM-350;Concrete Mixer 350L;1;34.79;ACC0259;completed;Y
H107988;27/07/2024;Norwich Depot;East;EX-140;13T Excavator;1;307.94;ACC0240;completed;Y
H107989;19/06/2023;Cardiff Depot;Wales;WP-02;Water Pump 2in;1;20.87;ACC0213;completed;N
H107990;24/05/2024;Leeds Depot;North;SC-22;Scissor Lift 22ft;-7;77.01;ACC0187;cancelled;Y
H107991;06/09/2024;Glasgow Depot;Scotland;HD-BRK;Hydraulic Breaker;5;68.09;ACC0246;completed;Y
H107992;06/04/2023;Bristol Depot;South West;PB-15;Powered Barrow;2;42.66;;completed;Y
H107993;19/09/2024;Bristol Depot;South West;GEN-60;60kVA Generator;7;92.24;ACC0034;completed;N
H107994;07/04/2023;Leeds Depot;North;EX-140;13T Excavator;7;294.6;;completed;N
H107995;31/05/2024;Cardiff Depot;Wales;WP-02;Water Pump 2in;3;20.8;ACC0003;completed;Y
H107996;01/08/2024;Glasgow Depot;Scotland;WP-02;Water Pump 2in;2;22.44;;completed;N
H107997;09/05/2023;Norwich Depot;East;TL-01;Telehandler 4m;7;179.45;ACC0056;completed;Y
H107998;12/04/2023;Norwich Depot;East;DM-09;Diesel Dumper 9T;1;143.4;ACC0098;completed;Y
H107999;04/04/2024;Leeds Depot;North;SC-22;Scissor Lift 22ft;1;76.12;ACC0226;completed;Y
H108000;30/04/2024;Leeds Depot;North;WP-02;Water Pump 2in;5;23.87;ACC0244;completed;Y
H108001;27/09/2024;Glasgow Depot;Scotland;WP-02;Water Pump 2in;1;23.63;ACC0003;completed;Y
H108002;12/04/2023;Cardiff Depot;Wales;DM-09;Diesel Dumper 9T;3;147.35;ACC0148;completed;N
H108003;24/03/2024;Cardiff Depot;Wales;SC-22;Scissor Lift 22ft;1;74.2;ACC0170;completed;Y
H108004;16/07/2024;Bristol Depot;South West;CM-350;Concrete Mixer 350L;1;34.54;ACC0104;completed;Y
H108005;22/02/2024;Glasgow Depot;Scotland;EX-140;13T Excavator;1;303.56;ACC0033;completed;Y
H108006;02/07/2024;Norwich Depot;East;TL-01;Telehandler 4m;14;182.75;ACC0210;completed;Y
H108007;09/11/2023;Glasgow Depot;Scotland;SF-TOW;Site Tower Light;2;53.25;ACC0082;open;Y
H108008;21/06/2023;Leeds Depot;North;SF-TOW;Site Tower Light;2;51.18;ACC0144;open;Y
H108009;26/11/2023;Bristol Depot;South West;WP-02;Water Pump 2in;1;20.83;ACC0206;completed;Y
H108010;13/11/2023;Glasgow Depot;Scotland;SF-TOW;Site Tower Light;7;50.9;ACC0009;completed;Y
H108011;28/11/2023;Cardiff Depot;Wales;GEN-60;60kVA Generator;1;99.39;ACC0188;completed;Y
H108012;01/06/2024;Norwich Depot;East;WP-02;Water Pump 2in;7;23.28;ACC0131;completed;Y
H108013;22/11/2024;Glasgow Depot;Scotland;SC-22;Scissor Lift 22ft;1;81.81;ACC0150;completed;Y
H108014;12/04/2023;Norwich Depot;East;SF-TOW;Site Tower Light;-7;49.13;ACC0152;cancelled;N
H108015;08/11/2024;Bristol Depot;South West;WP-02;Water Pump 2in;2;22.9;ACC0252;completed;Y
H108016;27/02/2024;Leeds Depot;North;GEN-60;60kVA Generator;2;93.09;ACC0029;completed;N
H108017;21/02/2024;Norwich Depot;East;TL-01;Telehandler 4m;7;175.57;ACC0042;completed;Y
H108018;08/04/2024;Leeds Depot;North;DM-09;Diesel Dumper 9T;1;150.71;ACC0123;completed;Y
H108019;14/12/2024;Bristol Depot;South West;PB-15;Powered Barrow;28;43.03;ACC0198;completed;Y
H108020;16/07/2024;Bristol Depot;South West;HD-BRK;Hydraulic Breaker;3;63.9;ACC0186;completed;N
H108021;11/06/2024;Norwich Depot;East;HD-BRK;Hydraulic Breaker;3;64.01;ACC0168;completed;Y
H108022;03/03/2024;Cardiff Depot;Wales;CM-350;Concrete Mixer 350L;1;32.37;ACC0246;open;Y
H108023;20/02/2024;Cardiff Depot;Wales;SC-22;Scissor Lift 22ft;14;81.44;ACC0040;completed;Y
H108024;11/08/2023;Leeds Depot;North;DM-09;Diesel Dumper 9T;28;152.49;ACC0119;completed;Y
H108025;28/05/2024;Bristol Depot;South West;EX-140;13T Excavator;2;315.22;ACC0041;completed;Y
H108026;08/06/2024;Leeds Depot;North;SF-TOW;Site Tower Light;2;55.75;ACC0186;completed;Y
H108027;01/02/2024;Glasgow Depot;Scotland;CM-350;Concrete Mixer 350L;1;33.56;ACC0053;completed;Y
H108028;06/07/2023;Cardiff Depot;Wales;SC-22;Scissor Lift 22ft;3;72.34;ACC0147;completed;Y
H108029;17/08/2024;Norwich Depot;East;EX-140;13T Excavator;1;295.0;ACC0076;completed;Y
H108030;02/09/2023;Cardiff Depot;Wales;HD-BRK;Hydraulic Breaker;1;60.92;ACC0008;completed;Y
H108031;07/10/2023;Norwich Depot;East;DM-09;Diesel Dumper 9T;1;147.24;ACC0124;completed;Y
H108032;12/03/2024;Leeds Depot;North;HD-BRK;Hydraulic Breaker;3;66.77;ACC0020;open;Y
H108033;19/10/2024;Glasgow Depot;Scotland;DM-09;Diesel Dumper 9T;2;139.08;ACC0074;open;N
H108034;02/10/2023;Glasgow Depot;Scotland;TL-01;Telehandler 4m;28;175.0;ACC0203;completed;Y
H108035;09/10/2024;Glasgow Depot;Scotland;GEN-60;60kVA Generator;3;90.81;;completed;Y
H108036;28/06/2023;Bristol Depot;South West;CM-350;Concrete Mixer 350L;1;33.2;ACC0180;completed;Y
H108037;12/07/2024;Glasgow Depot;Scotland;SC-22;Scissor Lift 22ft;7;79.07;ACC0006;completed;Y
H108038;27/05/2024;Leeds Depot;North;GEN-60;60kVA Generator;14;100.73;ACC0107;completed;Y
H108039;02/08/2023;Glasgow Depot;Scotland;GEN-60;60kVA Generator;3;93.26;ACC0211;completed;Y
H108040;25/12/2023;Leeds Depot;North;HD-BRK;Hydraulic Breaker;7;61.62;ACC0076;completed;Y
H108041;23/08/2023;Leeds Depot;North;PB-15;Powered Barrow;2;42.48;ACC0131;completed;Y
H108042;05/06/2023;Leeds Depot;North;SF-TOW;Site Tower Light;5;49.08;ACC0124;completed;Y
H108043;01/05/2024;Bristol Depot;South West;CM-350;Concrete Mixer 350L;3;33.95;;completed;Y
H108044;08/09/2023;Leeds Depot;North;SC-22;Scissor Lift 22ft;2;77.2;ACC0155;completed;Y
H108045;23/06/2024;Norwich Depot;East;GEN-60;60kVA Generator;1;100.1;ACC0082;completed;N
H108046;19/12/2024;Leeds Depot;North;PB-15;Powered Barrow;-1;37.78;;cancelled;Y
H108047;30/06/2023;Glasgow Depot;Scotland;GEN-60;60kVA Generator;1;100.15;ACC0100;completed;N
H108048;22/03/2024;Leeds Depot;North;WP-02;Water Pump 2in;1;23.56;ACC0166;completed;N
H108049;01/04/2024;Cardiff Depot;Wales;GEN-60;60kVA Generator;1;96.66;ACC0234;completed;Y
H108050;28/01/2024;Leeds Depot;North;SF-TOW;Site Tower Light;1;50.15;ACC0146;completed;N
H108051;14/08/2023;Norwich Depot;East;CM-350;Concrete Mixer 350L;1;31.66;;completed;N
H108052;28/10/2024;Glasgow Depot;Scotland;DM-09;Diesel Dumper 9T;2;152.15;ACC0195;completed;Y
H108053;13/11/2024;Bristol Depot;South West;CM-350;Concrete Mixer 350L;1;35.0;ACC0116;completed;Y
H108054;08/07/2024;Leeds Depot;North;SF-TOW;Site Tower Light;1;54.37;ACC0161;completed;N
H108055;11/07/2023;Glasgow Depot;Scotland;SC-22;Scissor Lift 22ft;2;80.38;ACC0205;completed;N
H108056;07/12/2024;Glasgow Depot;Scotland;DM-09;Diesel Dumper 9T;5;155.54;ACC0257;completed;Y
H108057;29/12/2024;Leeds Depot;North;GEN-60;60kVA Generator;1;99.67;ACC0184;completed;N
H108058;29/11/2023;Cardiff Depot;Wales;EX-140;13T Excavator;-1;296.05;ACC0050;cancelled;Y
H108059;19/06/2024;Cardiff Depot;Wales;SF-TOW;Site Tower Light;1;50.55;ACC0050;completed;Y
H108060;09/11/2024;Glasgow Depot;Scotland;GEN-60;60kVA Generator;1;93.96;ACC0199;completed;Y
H108061;07/06/2023;Cardiff Depot;Wales;WP-02;Water Pump 2in;1;21.46;ACC0150;open;Y
H108062;14/08/2024;Glasgow Depot;Scotland;TL-01;Telehandler 4m;7;189.6;ACC0175;completed;Y
H108063;17/11/2023;Bristol Depot;South West;HD-BRK;Hydraulic Breaker;2;59.85;ACC0139;completed;Y
H108064;04/12/2023;Norwich Depot;East;TL-01;Telehandler 4m;-1;201.75;ACC0043;cancelled;Y
H108065;23/01/2024;Leeds Depot;North;PB-15;Powered Barrow;7;43.17;ACC0090;completed;Y
H108066;01/06/2024;Bristol Depot;South West;HD-BRK;Hydraulic Breaker;3;64.58;ACC0234;completed;Y
H108067;28/10/2023;Glasgow Depot;Scotland;GEN-60;60kVA Generator;2;93.06;ACC0218;completed;Y
H108068;18/06/2024;Bristol Depot;South West;CM-350;Concrete Mixer 350L;5;34.6;ACC0062;completed;Y
H108069;10/04/2024;Bristol Depot;South West;SF-TOW;Site Tower Light;2;49.72;ACC0193;open;Y
H108070;22/08/2023;Bristol Depot;South West;CM-350;Concrete Mixer 350L;1;35.23;ACC0170;completed;Y
H108071;02/10/2024;Glasgow Depot;Scotland;SC-22;Scissor Lift 22ft;2;77.2;;completed;N
H108072;14/05/2023;Norwich Depot;East;SC-22;Scissor Lift 22ft;1;75.93;ACC0204;completed;N
H108073;16/09/2024;Glasgow Depot;Scotland;SC-22;Scissor Lift 22ft;14;74.63;ACC0233;completed;Y
H108074;19/05/2024;Cardiff Depot;Wales;SC-22;Scissor Lift 22ft;1;81.99;ACC0248;completed;Y
H108075;13/06/2024;Norwich Depot;East;DM-09;Diesel Dumper 9T;1;133.96;ACC0149;completed;Y
H108076;15/11/2024;Bristol Depot;South West;DM-09;Diesel Dumper 9T;14;156.23;ACC0072;completed;Y
H108077;11/06/2024;Norwich Depot;East;SC-22;Scissor Lift 22ft;3;76.01;;completed;Y
H108078;10/12/2024;Bristol Depot;South West;GEN-60;60kVA Generator;5;96.2;;completed;N
H108079;05/07/2024;Norwich Depot;East;SC-22;Scissor Lift 22ft;5;83.06;ACC0174;completed;Y
H108080;09/07/2023;Bristol Depot;South West;HD-BRK;Hydraulic Breaker;3;66.27;ACC0045;completed;Y
H108081;16/09/2023;Glasgow Depot;Scotland;TL-01;Telehandler 4m;1;173.93;ACC0223;completed;N
H108082;01/04/2024;Bristol Depot;South West;SC-22;Scissor Lift 22ft;2;77.37;ACC0087;completed;Y
H108083;07/11/2023;Leeds Depot;North;SF-TOW;Site Tower Light;-7;50.67;ACC0126;cancelled;N
H108084;26/02/2024;Leeds Depot;North;SF-TOW;Site Tower Light;-2;49.5;ACC0098;cancelled;Y
H108085;05/08/2023;Bristol Depot;South West;DM-09;Diesel Dumper 9T;1;137.31;ACC0241;completed;Y
H108086;13/09/2024;Bristol Depot;South West;DM-09;Diesel Dumper 9T;7;152.81;ACC0190;completed;Y
H108087;16/06/2024;Leeds Depot;North;HD-BRK;Hydraulic Breaker;1;60.02;ACC0057;completed;N
H108088;05/01/2024;Glasgow Depot;Scotland;WP-02;Water Pump 2in;2;21.56;ACC0116;completed;N
H108089;07/10/2023;Leeds Depot;North;SF-TOW;Site Tower Light;2;50.41;ACC0122;open;N
H108090;06/10/2024;Glasgow Depot;Scotland;DM-09;Diesel Dumper 9T;1;139.46;ACC0180;completed;Y
H108091;16/12/2023;Cardiff Depot;Wales;CM-350;Concrete Mixer 350L;1;35.75;ACC0045;completed;Y
H108092;07/09/2024;Bristol Depot;South West;SC-22;Scissor Lift 22ft;2;82.56;ACC0060;open;Y
H108093;02/10/2023;Cardiff Depot;Wales;SF-TOW;Site Tower Light;1;48.38;ACC0251;completed;N
H108094;23/05/2023;Leeds Depot;North;SC-22;Scissor Lift 22ft;2;75.31;;completed;Y
H108095;14/09/2023;Norwich Depot;East;WP-02;Water Pump 2in;1;24.0;ACC0015;completed;Y
H108096;15/08/2024;Glasgow Depot;Scotland;SC-22;Scissor Lift 22ft;3;77.06;ACC0221;completed;Y
H108097;12/01/2024;Glasgow Depot;Scotland;EX-140;13T Excavator;2;296.02;ACC0184;completed;Y
H108098;19/08/2024;Glasgow Depot;Scotland;HD-BRK;Hydraulic Breaker;1;66.81;ACC0243;completed;N
H108099;30/04/2023;Cardiff Depot;Wales;PB-15;Powered Barrow;3;39.84;ACC0207;completed;Y
H108100;07/04/2023;Cardiff Depot;Wales;WP-02;Water Pump 2in;5;24.02;ACC0098;completed;Y
H108101;25/01/2024;Cardiff Depot;Wales;HD-BRK;Hydraulic Breaker;28;62.73;ACC0157;completed;Y
H108102;02/03/2024;Bristol Depot;South West;SF-TOW;Site Tower Light;-1;53.51;ACC0194;cancelled;Y
H108103;28/12/2024;Norwich Depot;East;DM-09;Diesel Dumper 9T;5;134.35;ACC0145;completed;Y
H108104;09/07/2024;Norwich Depot;East;PB-15;Powered Barrow;-14;44.21;ACC0084;cancelled;Y
H108105;03/04/2023;Bristol Depot;South West;SC-22;Scissor Lift 22ft;28;78.43;ACC0249;completed;Y
H108106;04/08/2024;Cardiff Depot;Wales;EX-140;13T Excavator;2;291.42;ACC0255;completed;Y
H108107;19/09/2023;Leeds Depot;North;TL-01;Telehandler 4m;5;192.8;ACC0114;completed;Y
H108108;11/09/2024;Leeds Depot;North;TL-01;Telehandler 4m;7;192.24;ACC0119;completed;Y
H108109;14/10/2024;Bristol Depot;South West;TL-01;Telehandler 4m;14;189.51;ACC0092;completed;N
H108110;30/10/2024;Norwich Depot;East;SC-22;Scissor Lift 22ft;2;82.79;;completed;Y
H108111;19/01/2024;Cardiff Depot;Wales;WP-02;Water Pump 2in;14;21.27;ACC0044;completed;Y
H108112;28/03/2024;Bristol Depot;South West;GEN-60;60kVA Generator;2;101.93;ACC0068;completed;Y
H108113;30/12/2024;Bristol Depot;South West;CM-350;Concrete Mixer 350L;3;36.35;ACC0257;completed;Y
H108114;20/01/2024;Glasgow Depot;Scotland;HD-BRK;Hydraulic Breaker;5;60.9;ACC0088;completed;Y
H108115;29/09/2023;Norwich Depot;East;CM-350;Concrete Mixer 350L;-2;33.33;;cancelled;Y
H108116;04/04/2023;Cardiff Depot;Wales;DM-09;Diesel Dumper 9T;1;148.18;ACC0239;completed;Y
H108117;21/03/2024;Cardiff Depot;Wales;SF-TOW;Site Tower Light;28;52.37;ACC0243;open;Y
H108118;21/05/2024;Norwich Depot;East;SF-TOW;Site Tower Light;1;54.93;ACC0016;completed;Y
H108119;08/05/2024;Cardiff Depot;Wales;HD-BRK;Hydraulic Breaker;3;62.71;ACC0052;completed;Y
H108120;06/07/2023;Leeds Depot;North;PB-15;Powered Barrow;3;43.95;ACC0013;completed;Y
H108121;01/05/2024;Cardiff Depot;Wales;CM-350;Concrete Mixer 350L;2;33.66;ACC0046;completed;Y
H108122;16/05/2024;Bristol Depot;South West;WP-02;Water Pump 2in;28;23.89;;completed;Y
H108123;13/05/2024;Cardiff Depot;Wales;WP-02;Water Pump 2in;3;21.94;ACC0124;completed;Y
H108124;07/08/2024;Norwich Depot;East;PB-15;Powered Barrow;2;39.2;ACC0017;completed;Y
H108125;14/04/2023;Norwich Depot;East;EX-140;13T Excavator;5;301.93;ACC0198;completed;Y
H108126;15/08/2023;Cardiff Depot;Wales;CM-350;Concrete Mixer 350L;1;34.7;ACC0073;completed;Y
H108127;19/07/2024;Cardiff Depot;Wales;CM-350;Concrete Mixer 350L;1;35.45;ACC0031;completed;Y
H108128;23/09/2023;Norwich Depot;East;PB-15;Powered Barrow;1;41.8;ACC0214;completed;Y
H108129;27/06/2024;Glasgow Depot;Scotland;CM-350;Concrete Mixer 350L;1;36.5;ACC0162;completed;Y
H108130;28/12/2023;Glasgow Depot;Scotland;PB-15;Powered Barrow;1;40.01;ACC0165;completed;Y
H108131;18/07/2023;Glasgow Depot;Scotland;PB-15;Powered Barrow;2;39.16;ACC0144;completed;Y
H108132;21/11/2024;Leeds Depot;North;SF-TOW;Site Tower Light;2;50.35;ACC0073;completed;Y
H108133;22/02/2024;Norwich Depot;East;SC-22;Scissor Lift 22ft;2;84.77;ACC0217;completed;Y
H108134;27/12/2024;Cardiff Depot;Wales;CM-350;Concrete Mixer 350L;-5;36.28;ACC0162;cancelled;Y
H108135;26/09/2024;Norwich Depot;East;SF-TOW;Site Tower Light;-2;48.41;ACC0105;cancelled;Y
H108136;18/06/2023;Norwich Depot;East;GEN-60;60kVA Generator;1;89.55;ACC0183;completed;Y
H108137;26/06/2024;Cardiff Depot;Wales;EX-140;13T Excavator;3;308.81;ACC0046;completed;Y
H108138;12/11/2023;Leeds Depot;North;WP-02;Water Pump 2in;3;22.27;ACC0197;completed;Y
H108139;26/03/2024;Leeds Depot;North;WP-02;Water Pump 2in;3;23.02;ACC0139;completed;Y
H108140;13/01/2024;Leeds Depot;North;SC-22;Scissor Lift 22ft;2;74.59;ACC0160;completed;Y
H108141;24/05/2023;Cardiff Depot;Wales;GEN-60;60kVA Generator;14;96.97;ACC0241;completed;Y
H108142;12/03/2024;Norwich Depot;East;GEN-60;60kVA Generator;1;93.05;;completed;N
H108143;20/02/2024;Cardiff Depot;Wales;CM-350;Concrete Mixer 350L;2;35.74;ACC0110;completed;Y
H108144;21/12/2023;Leeds Depot;North;SC-22;Scissor Lift 22ft;1;82.25;ACC0018;completed;Y
H108145;14/10/2024;Glasgow Depot;Scotland;CM-350;Concrete Mixer 350L;2;33.85;ACC0229;completed;N
H108146;11/05/2023;Cardiff Depot;Wales;SC-22;Scissor Lift 22ft;5;73.04;ACC0081;completed;N
H108147;15/12/2024;Leeds Depot;North;DM-09;Diesel Dumper 9T;7;142.05;ACC0053;completed;Y
H108148;16/12/2023;Norwich Depot;East;WP-02;Water Pump 2in;2;23.51;ACC0035;completed;Y
H108149;23/01/2024;Glasgow Depot;Scotland;EX-140;13T Excavator;3;311.04;ACC0007;completed;Y
H108150;29/06/2024;Bristol Depot;South West;WP-02;Water Pump 2in;5;21.13;ACC0090;completed;N
H108151;27/03/2024;Leeds Depot;North;HD-BRK;Hydraulic Breaker;3;62.39;ACC0193;completed;Y
H108152;03/12/2024;Leeds Depot;North;PB-15;Powered Barrow;1;43.05;ACC0100;completed;Y
H108153;22/10/2023;Cardiff Depot;Wales;WP-02;Water Pump 2in;3;23.18;;completed;Y
H108154;13/10/2024;Bristol Depot;South West;SC-22;Scissor Lift 22ft;7;77.2;ACC0129;completed;N
H108155;17/12/2024;Cardiff Depot;Wales;DM-09;Diesel Dumper 9T;1;145.91;ACC0169;completed;Y
H108156;04/05/2024;Norwich Depot;East;SC-22;Scissor Lift 22ft;5;78.18;ACC0028;completed;Y
H108157;17/01/2024;Cardiff Depot;Wales;HD-BRK;Hydraulic Breaker;2;60.04;ACC0058;completed;Y
H108158;19/12/2024;Cardiff Depot;Wales;GEN-60;60kVA Generator;7;96.63;ACC0031;completed;Y
H108159;09/09/2024;Cardiff Depot;Wales;SC-22;Scissor Lift 22ft;7;77.09;ACC0025;completed;Y
H108160;29/02/2024;Glasgow Depot;Scotland;DM-09;Diesel Dumper 9T;2;140.45;ACC0239;completed;Y
H108161;20/05/2024;Glasgow Depot;Scotland;DM-09;Diesel Dumper 9T;2;136.0;ACC0110;completed;Y
H108162;14/03/2024;Glasgow Depot;Scotland;WP-02;Water Pump 2in;2;22.0;ACC0082;completed;N
H108163;06/07/2023;Cardiff Depot;Wales;DM-09;Diesel Dumper 9T;7;139.29;ACC0052;completed;N
H108164;20/04/2023;Cardiff Depot;Wales;SC-22;Scissor Lift 22ft;1;72.64;ACC0182;completed;N
H108165;02/08/2023;Bristol Depot;South West;CM-350;Concrete Mixer 350L;28;34.82;ACC0022;completed;Y
H108166;11/05/2024;Leeds Depot;North;SF-TOW;Site Tower Light;2;52.24;ACC0168;completed;Y
H108167;09/07/2024;Cardiff Depot;Wales;SC-22;Scissor Lift 22ft;1;79.43;ACC0149;completed;Y
H108168;12/12/2024;Leeds Depot;North;TL-01;Telehandler 4m;1;192.68;ACC0227;open;Y
H108169;18/06/2023;Norwich Depot;East;PB-15;Powered Barrow;1;40.64;;completed;N
H108170;18/05/2024;Cardiff Depot;Wales;EX-140;13T Excavator;3;324.45;ACC0248;completed;N
H108171;24/09/2024;Leeds Depot;North;EX-140;13T Excavator;5;290.09;ACC0063;completed;Y
H108172;20/12/2024;Bristol Depot;South West;SF-TOW;Site Tower Light;1;51.06;ACC0076;completed;Y
H108173;20/09/2024;Norwich Depot;East;CM-350;Concrete Mixer 350L;-3;36.1;ACC0082;cancelled;Y
H108174;05/11/2024;Leeds Depot;North;DM-09;Diesel Dumper 9T;28;144.24;;completed;N
H108175;06/05/2023;Norwich Depot;East;HD-BRK;Hydraulic Breaker;1;67.02;ACC0008;completed;Y
H108176;18/06/2024;Leeds Depot;North;TL-01;Telehandler 4m;2;181.93;ACC0257;completed;Y
H108177;09/02/2024;Glasgow Depot;Scotland;PB-15;Powered Barrow;7;38.55;ACC0023;completed;Y
H108178;15/05/2024;Leeds Depot;North;PB-15;Powered Barrow;2;39.42;ACC0241;completed;Y
H108179;02/09/2023;Bristol Depot;South West;GEN-60;60kVA Generator;1;97.55;ACC0084;open;Y
H108180;08/05/2023;Cardiff Depot;Wales;WP-02;Water Pump 2in;5;21.19;ACC0039;completed;Y
H108181;02/09/2024;Glasgow Depot;Scotland;CM-350;Concrete Mixer 350L;3;36.01;ACC0217;completed;N
H108182;10/04/2024;Cardiff Depot;Wales;CM-350;Concrete Mixer 350L;1;34.65;ACC0215;completed;Y
H108183;07/07/2024;Cardiff Depot;Wales;HD-BRK;Hydraulic Breaker;3;65.29;ACC0214;completed;Y
H108184;07/02/2024;Bristol Depot;South West;CM-350;Concrete Mixer 350L;1;34.9;ACC0068;completed;Y
H108185;22/06/2024;Leeds Depot;North;EX-140;13T Excavator;1;324.74;ACC0132;completed;Y
H108186;27/04/2024;Bristol Depot;South West;TL-01;Telehandler 4m;5;187.91;ACC0066;open;Y
H108187;19/10/2023;Leeds Depot;North;CM-350;Concrete Mixer 350L;3;36.39;ACC0116;completed;N
H108188;29/03/2024;Leeds Depot;North;GEN-60;60kVA Generator;1;94.89;ACC0127;completed;N
H108189;25/07/2023;Leeds Depot;North;SF-TOW;Site Tower Light;3;51.94;ACC0233;completed;N
H108190;29/10/2024;Bristol Depot;South West;SF-TOW;Site Tower Light;5;50.94;;completed;Y
H108191;15/05/2024;Glasgow Depot;Scotland;WP-02;Water Pump 2in;1;24.22;;completed;N
H108192;05/04/2024;Cardiff Depot;Wales;PB-15;Powered Barrow;1;43.85;ACC0001;completed;N
H108193;18/08/2024;Leeds Depot;North;SC-22;Scissor Lift 22ft;1;84.44;ACC0065;completed;Y
H108194;16/10/2023;Glasgow Depot;Scotland;SF-TOW;Site Tower Light;1;50.07;ACC0176;completed;Y
H108195;18/08/2023;Leeds Depot;North;SF-TOW;Site Tower Light;2;49.24;ACC0128;completed;Y
H108196;01/07/2023;Leeds Depot;North;SF-TOW;Site Tower Light;2;51.27;;completed;Y
H108197;30/08/2023;Norwich Depot;East;DM-09;Diesel Dumper 9T;14;150.83;ACC0036;completed;Y
H108198;01/06/2024;Leeds Depot;North;HD-BRK;Hydraulic Breaker;-7;60.09;ACC0013;cancelled;Y
H108199;13/05/2024;Norwich Depot;East;EX-140;13T Excavator;-3;299.86;ACC0079;cancelled;Y
H108200;23/09/2024;Glasgow Depot;Scotland;TL-01;Telehandler 4m;28;201.13;ACC0206;completed;Y
H108201;31/12/2023;Norwich Depot;East;WP-02;Water Pump 2in;3;22.33;ACC0157;completed;Y
H108202;01/01/2024;Bristol Depot;South West;SC-22;Scissor Lift 22ft;5;72.91;ACC0148;completed;Y
H108203;24/10/2023;Glasgow Depot;Scotland;WP-02;Water Pump 2in;14;23.87;ACC0229;completed;Y
H108204;26/03/2024;Leeds Depot;North;PB-15;Powered Barrow;2;41.18;ACC0259;completed;Y
H108205;26/03/2024;Cardiff Depot;Wales;CM-350;Concrete Mixer 350L;7;35.16;ACC0203;completed;N
H108206;13/07/2024;Bristol Depot;South West;GEN-60;60kVA Generator;1;99.55;;completed;N
H108207;23/08/2023;Glasgow Depot;Scotland;SF-TOW;Site Tower Light;3;51.76;ACC0171;completed;Y
H108208;28/04/2023;Norwich Depot;East;PB-15;Powered Barrow;-28;41.87;ACC0113;cancelled;Y
H108209;28/05/2023;Glasgow Depot;Scotland;SF-TOW;Site Tower Light;3;48.29;ACC0185;completed;Y
H108210;19/08/2023;Bristol Depot;South West;WP-02;Water Pump 2in;2;22.81;ACC0250;completed;Y
H108211;02/07/2023;Cardiff Depot;Wales;SF-TOW;Site Tower Light;2;54.3;ACC0227;completed;Y
H108212;05/10/2023;Bristol Depot;South West;GEN-60;60kVA Generator;3;92.78;ACC0232;completed;Y
H108213;07/11/2023;Bristol Depot;South West;DM-09;Diesel Dumper 9T;5;133.91;ACC0045;completed;Y
H108214;22/08/2024;Cardiff Depot;Wales;DM-09;Diesel Dumper 9T;-3;140.7;ACC0214;cancelled;N
H108215;08/03/2024;Cardiff Depot;Wales;SC-22;Scissor Lift 22ft;5;80.81;ACC0229;completed;Y
H108216;19/08/2023;Bristol Depot;South West;CM-350;Concrete Mixer 350L;1;32.59;ACC0249;completed;Y
H108217;24/09/2023;Norwich Depot;East;SC-22;Scissor Lift 22ft;2;79.29;ACC0180;completed;Y
H108218;05/06/2023;Bristol Depot;South West;GEN-60;60kVA Generator;1;92.87;ACC0147;completed;Y
H108219;23/01/2024;Bristol Depot;South West;DM-09;Diesel Dumper 9T;7;137.81;ACC0246;completed;N
H108220;17/03/2024;Leeds Depot;North;CM-350;Concrete Mixer 350L;1;36.13;ACC0120;completed;Y
H108221;24/05/2023;Cardiff Depot;Wales;SC-22;Scissor Lift 22ft;1;74.21;ACC0054;completed;Y
H108222;04/05/2023;Norwich Depot;East;TL-01;Telehandler 4m;1;192.22;ACC0219;completed;Y
H108223;09/11/2024;Norwich Depot;East;DM-09;Diesel Dumper 9T;14;140.66;ACC0212;completed;N
H108224;08/06/2024;Cardiff Depot;Wales;WP-02;Water Pump 2in;14;22.78;ACC0006;completed;N
H108225;24/12/2023;Norwich Depot;East;SC-22;Scissor Lift 22ft;3;79.84;ACC0123;completed;Y
H108226;14/07/2024;Leeds Depot;North;DM-09;Diesel Dumper 9T;-1;145.04;ACC0249;cancelled;N
H108227;18/04/2023;Leeds Depot;North;EX-140;13T Excavator;1;288.72;ACC0029;completed;Y
H108228;09/12/2023;Cardiff Depot;Wales;WP-02;Water Pump 2in;1;22.64;ACC0046;completed;Y
H108229;02/08/2023;Leeds Depot;North;SF-TOW;Site Tower Light;14;52.2;ACC0003;completed;Y
H108230;30/09/2024;Glasgow Depot;Scotland;HD-BRK;Hydraulic Breaker;-3;65.88;ACC0218;cancelled;Y
H108231;25/07/2023;Cardiff Depot;Wales;HD-BRK;Hydraulic Breaker;5;66.57;ACC0119;completed;N
H108232;08/06/2023;Bristol Depot;South West;WP-02;Water Pump 2in;1;20.94;ACC0018;completed;Y
H108233;30/06/2023;Cardiff Depot;Wales;GEN-60;60kVA Generator;2;99.79;ACC0029;completed;N
H108234;25/09/2023;Bristol Depot;South West;SF-TOW;Site Tower Light;2;51.07;ACC0018;completed;Y
H108235;25/06/2023;Glasgow Depot;Scotland;WP-02;Water Pump 2in;1;22.44;ACC0076;completed;Y
H108236;08/04/2023;Leeds Depot;North;CM-350;Concrete Mixer 350L;28;34.05;ACC0047;completed;Y
H108237;10/10/2023;Leeds Depot;North;WP-02;Water Pump 2in;2;22.29;ACC0170;completed;Y
H108238;02/10/2023;Leeds Depot;North;WP-02;Water Pump 2in;5;23.63;ACC0193;completed;Y
H108239;02/07/2024;Bristol Depot;South West;HD-BRK;Hydraulic Breaker;1;63.6;;completed;Y
H108240;01/08/2024;Bristol Depot;South West;TL-01;Telehandler 4m;2;199.66;ACC0058;completed;Y
H108241;20/03/2024;Norwich Depot;East;GEN-60;60kVA Generator;2;91.1;ACC0108;open;Y
H108242;04/02/2024;Cardiff Depot;Wales;WP-02;Water Pump 2in;2;23.0;ACC0091;completed;N
H108243;14/04/2024;Cardiff Depot;Wales;WP-02;Water Pump 2in;2;22.28;ACC0194;completed;Y
H108244;14/09/2023;Cardiff Depot;Wales;DM-09;Diesel Dumper 9T;5;135.31;ACC0153;completed;Y
H108245;17/05/2024;Bristol Depot;South West;DM-09;Diesel Dumper 9T;1;151.74;ACC0222;completed;N
H108246;25/08/2023;Leeds Depot;North;WP-02;Water Pump 2in;5;23.94;ACC0181;completed;Y
H108247;26/09/2023;Bristol Depot;South West;SC-22;Scissor Lift 22ft;14;83.75;ACC0204;completed;Y
H108248;25/09/2024;Cardiff Depot;Wales;CM-350;Concrete Mixer 350L;-1;32.71;;cancelled;Y
H108249;08/04/2023;Leeds Depot;North;GEN-60;60kVA Generator;3;103.31;ACC0258;completed;Y
H108250;12/12/2023;Leeds Depot;North;WP-02;Water Pump 2in;1;21.23;ACC0051;completed;Y
H108251;26/08/2023;Bristol Depot;South West;SF-TOW;Site Tower Light;2;54.58;ACC0199;completed;N
H108252;28/08/2024;Glasgow Depot;Scotland;CM-350;Concrete Mixer 350L;5;34.82;ACC0228;completed;Y
H108253;03/04/2024;Cardiff Depot;Wales;PB-15;Powered Barrow;28;42.07;ACC0119;completed;Y
H108254;08/05/2024;Norwich Depot;East;HD-BRK;Hydraulic Breaker;1;61.38;ACC0050;completed;Y
H108255;10/09/2024;Bristol Depot;South West;HD-BRK;Hydraulic Breaker;1;65.19;ACC0072;completed;Y
H108256;13/10/2023;Glasgow Depot;Scotland;SF-TOW;Site Tower Light;2;52.34;ACC0031;completed;Y
H108257;11/06/2023;Bristol Depot;South West;SC-22;Scissor Lift 22ft;-2;81.35;;cancelled;Y
H108258;10/10/2024;Leeds Depot;North;SC-22;Scissor Lift 22ft;1;74.34;ACC0083;completed;Y
H108259;06/11/2024;Cardiff Depot;Wales;DM-09;Diesel Dumper 9T;3;136.63;ACC0008;completed;Y
H108260;29/05/2024;Bristol Depot;South West;SC-22;Scissor Lift 22ft;3;74.17;ACC0008;completed;Y
H108261;10/12/2023;Cardiff Depot;Wales;HD-BRK;Hydraulic Breaker;2;67.97;;completed;Y
H108262;18/06/2023;Norwich Depot;East;WP-02;Water Pump 2in;2;22.71;ACC0201;completed;Y
H108263;18/08/2024;Leeds Depot;North;GEN-60;60kVA Generator;3;91.85;ACC0246;completed;N
H108264;09/12/2024;Bristol Depot;South West;TL-01;Telehandler 4m;3;192.09;ACC0015;completed;Y
H108265;17/10/2023;Norwich Depot;East;SF-TOW;Site Tower Light;5;52.7;ACC0094;completed;Y
H108266;22/05/2023;Norwich Depot;East;DM-09;Diesel Dumper 9T;7;139.79;ACC0113;completed;Y
H108267;21/11/2023;Cardiff Depot;Wales;TL-01;Telehandler 4m;2;184.9;ACC0091;completed;Y
H108268;01/09/2024;Leeds Depot;North;SC-22;Scissor Lift 22ft;1;79.95;ACC0011;completed;Y
H108269;03/09/2024;Norwich Depot;East;CM-350;Concrete Mixer 350L;5;33.78;ACC0017;completed;Y
H108270;09/09/2023;Norwich Depot;East;WP-02;Water Pump 2in;7;22.67;ACC0237;completed;N
H108271;09/11/2023;Leeds Depot;North;GEN-60;60kVA Generator;14;94.02;ACC0019;completed;Y
H108272;22/03/2024;Glasgow Depot;Scotland;CM-350;Concrete Mixer 350L;14;34.44;ACC0130;completed;Y
H108273;12/06/2024;Norwich Depot;East;DM-09;Diesel Dumper 9T;1;134.7;ACC0250;completed;Y
H108274;08/11/2023;Cardiff Depot;Wales;TL-01;Telehandler 4m;1;196.1;ACC0016;completed;Y
H108275;25/06/2023;Leeds Depot;North;WP-02;Water Pump 2in;14;21.69;ACC0193;completed;Y
H108276;22/11/2024;Cardiff Depot;Wales;GEN-60;60kVA Generator;-5;90.3;ACC0209;cancelled;Y
H108277;23/03/2024;Norwich Depot;East;HD-BRK;Hydraulic Breaker;2;67.53;ACC0242;completed;N
H108278;01/08/2023;Cardiff Depot;Wales;SC-22;Scissor Lift 22ft;2;78.36;ACC0223;completed;Y
H108279;26/12/2023;Glasgow Depot;Scotland;DM-09;Diesel Dumper 9T;2;144.24;ACC0154;completed;N
H108280;31/10/2024;Cardiff Depot;Wales;HD-BRK;Hydraulic Breaker;5;59.37;ACC0065;completed;Y
H108281;19/05/2023;Norwich Depot;East;WP-02;Water Pump 2in;2;21.5;ACC0048;completed;Y
H108282;05/11/2023;Leeds Depot;North;CM-350;Concrete Mixer 350L;3;31.49;ACC0005;completed;Y
H108283;05/07/2024;Norwich Depot;East;SF-TOW;Site Tower Light;14;51.06;ACC0259;completed;Y
H108284;28/09/2024;Norwich Depot;East;GEN-60;60kVA Generator;3;100.51;ACC0207;open;Y
H108285;20/06/2023;Glasgow Depot;Scotland;SC-22;Scissor Lift 22ft;-1;79.39;ACC0184;cancelled;Y
H108286;12/04/2024;Norwich Depot;East;WP-02;Water Pump 2in;7;22.37;ACC0177;completed;Y
H108287;20/01/2024;Norwich Depot;East;WP-02;Water Pump 2in;1;23.24;ACC0247;completed;Y
H108288;22/10/2023;Bristol Depot;South West;TL-01;Telehandler 4m;3;192.23;ACC0118;completed;Y
H108289;13/08/2024;Cardiff Depot;Wales;EX-140;13T Excavator;1;300.27;;completed;Y
H108290;07/10/2024;Leeds Depot;North;CM-350;Concrete Mixer 350L;2;34.3;ACC0232;completed;Y
H108291;28/03/2024;Norwich Depot;East;WP-02;Water Pump 2in;7;21.53;ACC0110;completed;Y
H108292;01/12/2024;Leeds Depot;North;DM-09;Diesel Dumper 9T;2;134.94;ACC0120;completed;Y
H108293;28/01/2024;Leeds Depot;North;WP-02;Water Pump 2in;5;22.77;ACC0089;completed;Y
H108294;26/06/2023;Cardiff Depot;Wales;GEN-60;60kVA Generator;3;90.56;ACC0172;completed;Y
H108295;08/12/2024;Leeds Depot;North;SF-TOW;Site Tower Light;7;51.77;;completed;Y
H108296;05/09/2023;Leeds Depot;North;SC-22;Scissor Lift 22ft;3;77.29;ACC0174;completed;Y
H108297;16/10/2024;Leeds Depot;North;SC-22;Scissor Lift 22ft;1;80.3;ACC0009;completed;N
H108298;28/01/2024;Cardiff Depot;Wales;SC-22;Scissor Lift 22ft;2;79.25;ACC0213;completed;N
H108299;09/09/2023;Glasgow Depot;Scotland;WP-02;Water Pump 2in;1;23.95;ACC0064;completed;N
H108300;05/01/2024;Norwich Depot;East;HD-BRK;Hydraulic Breaker;14;59.11;ACC0069;completed;Y
H108301;13/10/2023;Glasgow Depot;Scotland;SF-TOW;Site Tower Light;1;55.06;ACC0084;open;Y
H108302;29/10/2024;Norwich Depot;East;HD-BRK;Hydraulic Breaker;3;60.18;ACC0053;completed;Y
H108303;28/04/2023;Bristol Depot;South West;SF-TOW;Site Tower Light;1;50.57;ACC0215;completed;Y
H108304;27/06/2023;Leeds Depot;North;GEN-60;60kVA Generator;5;101.61;ACC0187;completed;Y
H108305;24/02/2024;Leeds Depot;North;SC-22;Scissor Lift 22ft;3;84.06;;completed;Y
H108306;16/03/2024;Bristol Depot;South West;GEN-60;60kVA Generator;1;95.84;ACC0127;completed;N
H108307;04/04/2023;Norwich Depot;East;TL-01;Telehandler 4m;5;192.42;ACC0035;completed;Y
H108308;11/09/2024;Glasgow Depot;Scotland;SC-22;Scissor Lift 22ft;2;75.19;ACC0241;completed;Y
H108309;18/05/2024;Leeds Depot;North;SF-TOW;Site Tower Light;7;49.58;ACC0194;completed;N
H108310;11/11/2024;Leeds Depot;North;PB-15;Powered Barrow;5;44.15;ACC0161;completed;Y
H108311;30/05/2024;Cardiff Depot;Wales;CM-350;Concrete Mixer 350L;2;36.69;ACC0181;completed;Y
H108312;26/04/2023;Cardiff Depot;Wales;GEN-60;60kVA Generator;28;95.54;ACC0256;completed;Y
H108313;09/05/2024;Norwich Depot;East;WP-02;Water Pump 2in;1;22.77;ACC0224;completed;N
H108314;31/10/2023;Bristol Depot;South West;PB-15;Powered Barrow;7;40.43;ACC0083;completed;N
H108315;10/03/2024;Leeds Depot;North;WP-02;Water Pump 2in;1;21.74;ACC0160;completed;N
H108316;03/01/2024;Bristol Depot;South West;TL-01;Telehandler 4m;28;194.72;ACC0155;completed;Y
H108317;03/11/2023;Bristol Depot;South West;WP-02;Water Pump 2in;2;21.43;ACC0043;completed;Y
H108318;07/08/2024;Glasgow Depot;Scotland;CM-350;Concrete Mixer 350L;5;35.7;ACC0073;completed;N
H108319;26/09/2023;Norwich Depot;East;WP-02;Water Pump 2in;2;22.7;ACC0120;completed;Y
H108320;22/05/2023;Glasgow Depot;Scotland;EX-140;13T Excavator;5;329.06;ACC0111;completed;Y
H108321;22/04/2023;Cardiff Depot;Wales;SC-22;Scissor Lift 22ft;3;80.66;ACC0231;completed;Y
H108322;28/08/2023;Glasgow Depot;Scotland;WP-02;Water Pump 2in;2;21.63;ACC0150;completed;Y
H108323;13/05/2024;Cardiff Depot;Wales;HD-BRK;Hydraulic Breaker;1;67.17;ACC0124;completed;Y
H108324;06/09/2023;Norwich Depot;East;TL-01;Telehandler 4m;3;198.27;ACC0059;completed;Y
H108325;03/09/2023;Glasgow Depot;Scotland;CM-350;Concrete Mixer 350L;-5;35.72;ACC0056;cancelled;Y
H108326;27/12/2023;Leeds Depot;North;HD-BRK;Hydraulic Breaker;-1;66.36;ACC0212;cancelled;Y
H108327;25/01/2024;Bristol Depot;South West;EX-140;13T Excavator;2;321.81;ACC0095;completed;Y
H108328;30/08/2024;Glasgow Depot;Scotland;DM-09;Diesel Dumper 9T;2;152.38;ACC0142;completed;Y
H108329;29/08/2024;Norwich Depot;East;EX-140;13T Excavator;5;333.32;ACC0027;completed;Y
H108330;30/06/2024;Glasgow Depot;Scotland;PB-15;Powered Barrow;1;42.84;ACC0145;completed;Y
H108331;02/05/2024;Bristol Depot;South West;EX-140;13T Excavator;2;285.33;ACC0023;completed;Y
H108332;03/07/2024;Cardiff Depot;Wales;GEN-60;60kVA Generator;1;92.66;ACC0010;completed;Y
H108333;15/12/2024;Norwich Depot;East;DM-09;Diesel Dumper 9T;-1;149.84;ACC0050;cancelled;Y
H108334;28/01/2024;Cardiff Depot;Wales;WP-02;Water Pump 2in;3;22.81;ACC0080;completed;Y
H108335;28/09/2023;Glasgow Depot;Scotland;GEN-60;60kVA Generator;2;100.97;ACC0137;completed;Y
H108336;24/05/2024;Norwich Depot;East;DM-09;Diesel Dumper 9T;1;153.82;ACC0218;completed;Y
H108337;09/06/2024;Leeds Depot;North;SC-22;Scissor Lift 22ft;1;74.95;ACC0117;completed;Y
H108338;20/08/2023;Leeds Depot;North;DM-09;Diesel Dumper 9T;3;139.93;ACC0115;completed;N
H108339;13/04/2023;Cardiff Depot;Wales;WP-02;Water Pump 2in;3;23.81;ACC0131;completed;Y
H108340;14/04/2024;Cardiff Depot;Wales;SF-TOW;Site Tower Light;1;53.01;ACC0156;completed;Y
H108341;12/12/2024;Glasgow Depot;Scotland;DM-09;Diesel Dumper 9T;1;147.76;ACC0207;completed;Y
H108342;08/10/2023;Cardiff Depot;Wales;PB-15;Powered Barrow;-1;43.62;ACC0260;cancelled;Y
H108343;29/10/2023;Glasgow Depot;Scotland;SC-22;Scissor Lift 22ft;2;81.46;ACC0005;completed;Y
H108344;18/12/2024;Norwich Depot;East;CM-350;Concrete Mixer 350L;1;33.46;ACC0129;completed;Y
H108345;08/07/2023;Leeds Depot;North;GEN-60;60kVA Generator;-7;99.08;ACC0066;cancelled;Y
H108346;01/01/2024;Glasgow Depot;Scotland;PB-15;Powered Barrow;-7;37.95;ACC0111;cancelled;N
H108347;25/09/2023;Leeds Depot;North;WP-02;Water Pump 2in;2;23.57;ACC0144;completed;Y
H108348;24/05/2023;Cardiff Depot;Wales;PB-15;Powered Barrow;14;37.74;ACC0156;completed;Y
H108349;14/12/2023;Cardiff Depot;Wales;GEN-60;60kVA Generator;1;97.47;ACC0210;completed;Y
H108350;14/02/2024;Bristol Depot;South West;SC-22;Scissor Lift 22ft;3;81.85;ACC0057;completed;Y
H108351;16/09/2024;Norwich Depot;East;GEN-60;60kVA Generator;2;95.08;ACC0062;completed;Y
H108352;15/10/2024;Norwich Depot;East;HD-BRK;Hydraulic Breaker;2;67.14;;completed;Y
H108353;26/07/2023;Bristol Depot;South West;TL-01;Telehandler 4m;2;179.26;ACC0259;completed;N
H108354;23/11/2024;Leeds Depot;North;WP-02;Water Pump 2in;2;20.94;ACC0003;completed;Y
H108355;04/05/2024;Bristol Depot;South West;DM-09;Diesel Dumper 9T;1;142.42;ACC0065;completed;Y
H108356;12/10/2024;Glasgow Depot;Scotland;CM-350;Concrete Mixer 350L;1;32.88;ACC0156;completed;Y
H108357;02/02/2024;Norwich Depot;East;WP-02;Water Pump 2in;2;22.9;ACC0204;completed;Y
H108358;26/09/2023;Leeds Depot;North;TL-01;Telehandler 4m;5;198.03;ACC0164;completed;N
H108359;29/09/2024;Bristol Depot;South West;SF-TOW;Site Tower Light;7;50.42;ACC0172;completed;Y
H108360;25/07/2024;Norwich Depot;East;WP-02;Water Pump 2in;1;21.13;ACC0100;completed;Y
H108361;30/08/2023;Cardiff Depot;Wales;DM-09;Diesel Dumper 9T;7;145.17;ACC0111;completed;Y
H108362;11/09/2023;Norwich Depot;East;SC-22;Scissor Lift 22ft;5;79.37;ACC0170;completed;N
H108363;11/11/2024;Bristol Depot;South West;GEN-60;60kVA Generator;2;88.94;ACC0007;completed;Y
H108364;13/07/2024;Bristol Depot;South West;PB-15;Powered Barrow;2;39.24;ACC0050;open;Y
H108365;29/11/2023;Bristol Depot;South West;CM-350;Concrete Mixer 350L;2;36.52;ACC0212;completed;Y
H108366;30/10/2023;Cardiff Depot;Wales;WP-02;Water Pump 2in;3;23.23;ACC0073;completed;Y
H108367;21/04/2023;Glasgow Depot;Scotland;HD-BRK;Hydraulic Breaker;2;69.07;ACC0122;open;Y
H108368;17/12/2024;Bristol Depot;South West;SF-TOW;Site Tower Light;-1;56.1;ACC0116;cancelled;N
H108369;18/06/2023;Glasgow Depot;Scotland;PB-15;Powered Barrow;-2;41.97;ACC0258;cancelled;Y
H108370;07/07/2023;Leeds Depot;North;SC-22;Scissor Lift 22ft;3;80.61;ACC0156;open;Y
H108371;13/07/2024;Glasgow Depot;Scotland;CM-350;Concrete Mixer 350L;-2;34.16;ACC0215;cancelled;Y
H108372;09/08/2023;Bristol Depot;South West;SC-22;Scissor Lift 22ft;1;84.26;ACC0259;completed;Y
H108373;18/03/2024;Norwich Depot;East;WP-02;Water Pump 2in;2;22.03;ACC0070;completed;N
H108374;05/10/2023;Cardiff Depot;Wales;SC-22;Scissor Lift 22ft;-2;83.66;ACC0057;cancelled;Y
H108375;26/05/2023;Norwich Depot;East;WP-02;Water Pump 2in;14;22.28;;completed;Y
H108376;16/08/2024;Glasgow Depot;Scotland;WP-02;Water Pump 2in;14;21.18;ACC0109;completed;Y
H108377;02/04/2024;Glasgow Depot;Scotland;TL-01;Telehandler 4m;1;187.53;ACC0145;completed;Y
H108378;19/01/2024;Norwich Depot;East;WP-02;Water Pump 2in;7;24.08;ACC0141;completed;Y
H108379;13/12/2024;Glasgow Depot;Scotland;CM-350;Concrete Mixer 350L;5;33.54;ACC0151;open;Y
H108380;02/06/2023;Cardiff Depot;Wales;PB-15;Powered Barrow;1;39.42;ACC0141;completed;Y
H108381;09/08/2024;Bristol Depot;South West;GEN-60;60kVA Generator;1;100.25;;completed;Y
H108382;23/11/2024;Bristol Depot;South West;GEN-60;60kVA Generator;3;89.41;ACC0214;completed;Y
H108383;06/06/2024;Glasgow Depot;Scotland;SF-TOW;Site Tower Light;2;54.61;ACC0141;completed;N
H108384;29/01/2024;Cardiff Depot;Wales;CM-350;Concrete Mixer 350L;28;32.33;ACC0066;completed;N
H108385;22/05/2024;Norwich Depot;East;PB-15;Powered Barrow;2;42.88;ACC0049;completed;Y
H108386;06/12/2023;Cardiff Depot;Wales;WP-02;Water Pump 2in;7;21.33;ACC0048;completed;Y
H108387;07/02/2024;Cardiff Depot;Wales;PB-15;Powered Barrow;2;40.59;ACC0070;completed;Y
H108388;15/11/2024;Bristol Depot;South West;SC-22;Scissor Lift 22ft;-1;76.0;ACC0048;cancelled;Y
H108389;25/04/2024;Norwich Depot;East;HD-BRK;Hydraulic Breaker;2;63.97;ACC0185;completed;Y
H108390;28/12/2023;Glasgow Depot;Scotland;EX-140;13T Excavator;2;325.76;ACC0255;completed;Y
H108391;26/11/2023;Norwich Depot;East;WP-02;Water Pump 2in;-14;21.95;ACC0129;cancelled;N
H108392;14/12/2023;Cardiff Depot;Wales;DM-09;Diesel Dumper 9T;3;156.04;ACC0162;completed;Y
H108393;08/02/2024;Glasgow Depot;Scotland;DM-09;Diesel Dumper 9T;3;140.01;ACC0199;completed;N
H108394;28/06/2024;Glasgow Depot;Scotland;CM-350;Concrete Mixer 350L;1;36.37;ACC0111;completed;Y
H108395;11/09/2023;Bristol Depot;South West;WP-02;Water Pump 2in;3;23.38;ACC0137;completed;Y
H108396;21/03/2024;Cardiff Depot;Wales;CM-350;Concrete Mixer 350L;28;33.82;ACC0041;completed;Y
H108397;06/12/2024;Glasgow Depot;Scotland;CM-350;Concrete Mixer 350L;-2;33.85;ACC0094;cancelled;Y
H108398;25/05/2024;Cardiff Depot;Wales;HD-BRK;Hydraulic Breaker;1;61.8;ACC0053;completed;Y
H108399;30/09/2023;Cardiff Depot;Wales;DM-09;Diesel Dumper 9T;7;141.39;ACC0206;completed;Y
H108400;09/10/2023;Glasgow Depot;Scotland;GEN-60;60kVA Generator;1;90.91;;completed;Y
H108401;13/10/2023;Bristol Depot;South West;CM-350;Concrete Mixer 350L;2;32.97;ACC0197;open;Y
H108402;13/11/2023;Cardiff Depot;Wales;WP-02;Water Pump 2in;1;23.45;ACC0249;completed;Y
H108403;11/07/2024;Leeds Depot;North;DM-09;Diesel Dumper 9T;1;153.42;ACC0083;completed;N
H108404;26/01/2024;Glasgow Depot;Scotland;WP-02;Water Pump 2in;7;23.35;ACC0222;completed;N
H108405;25/10/2023;Leeds Depot;North;CM-350;Concrete Mixer 350L;28;31.84;ACC0192;completed;Y
H108406;18/07/2024;Bristol Depot;South West;GEN-60;60kVA Generator;5;102.93;ACC0069;completed;Y
H108407;12/04/2023;Leeds Depot;North;DM-09;Diesel Dumper 9T;2;137.63;ACC0097;completed;Y
H108408;12/10/2024;Cardiff Depot;Wales;DM-09;Diesel Dumper 9T;3;150.36;ACC0045;completed;Y
H108409;31/07/2023;Cardiff Depot;Wales;SF-TOW;Site Tower Light;5;49.31;ACC0190;completed;Y
H108410;27/05/2023;Leeds Depot;North;SF-TOW;Site Tower Light;1;50.72;;completed;Y
H108411;10/06/2023;Leeds Depot;North;HD-BRK;Hydraulic Breaker;-2;59.07;ACC0088;cancelled;Y
H108412;12/05/2023;Norwich Depot;East;SF-TOW;Site Tower Light;28;56.01;ACC0008;completed;N
H108413;27/03/2024;Norwich Depot;East;SF-TOW;Site Tower Light;3;47.89;ACC0220;completed;Y
H108414;01/09/2023;Bristol Depot;South West;WP-02;Water Pump 2in;14;23.27;ACC0174;completed;Y
H108415;11/05/2023;Leeds Depot;North;WP-02;Water Pump 2in;2;23.07;ACC0242;completed;N
H108416;25/07/2023;Leeds Depot;North;GEN-60;60kVA Generator;1;101.98;ACC0217;completed;N
H108417;10/02/2024;Norwich Depot;East;EX-140;13T Excavator;2;316.78;ACC0095;completed;Y
H108418;19/11/2023;Bristol Depot;South West;SC-22;Scissor Lift 22ft;1;82.23;ACC0192;completed;Y
H108419;14/05/2023;Bristol Depot;South West;CM-350;Concrete Mixer 350L;7;35.82;ACC0054;completed;Y
H108420;01/02/2024;Norwich Depot;East;SF-TOW;Site Tower Light;14;50.6;ACC0037;completed;Y
H108421;31/08/2023;Bristol Depot;South West;TL-01;Telehandler 4m;1;195.04;ACC0028;completed;Y
H108422;17/12/2024;Cardiff Depot;Wales;WP-02;Water Pump 2in;14;24.0;ACC0065;completed;Y
H108423;05/04/2024;Norwich Depot;East;CM-350;Concrete Mixer 350L;7;33.4;ACC0091;completed;N
H108424;20/09/2023;Cardiff Depot;Wales;SF-TOW;Site Tower Light;2;54.63;ACC0187;completed;Y
H108425;06/10/2024;Glasgow Depot;Scotland;CM-350;Concrete Mixer 350L;1;32.77;ACC0077;completed;Y
H108426;16/05/2024;Bristol Depot;South West;EX-140;13T Excavator;3;294.15;ACC0110;completed;Y
H108427;09/01/2024;Glasgow Depot;Scotland;CM-350;Concrete Mixer 350L;7;31.95;ACC0255;completed;Y
H108428;30/08/2023;Bristol Depot;South West;SF-TOW;Site Tower Light;5;55.62;ACC0148;completed;N
H108429;29/11/2023;Bristol Depot;South West;WP-02;Water Pump 2in;2;23.63;ACC0181;completed;Y
H108430;18/11/2024;Norwich Depot;East;HD-BRK;Hydraulic Breaker;14;63.71;ACC0199;completed;N
H108431;23/02/2024;Norwich Depot;East;DM-09;Diesel Dumper 9T;1;147.08;ACC0252;completed;Y
H108432;25/11/2024;Bristol Depot;South West;SF-TOW;Site Tower Light;2;52.24;ACC0028;completed;Y
H108433;13/03/2024;Norwich Depot;East;WP-02;Water Pump 2in;1;21.48;ACC0044;completed;Y
H108434;07/04/2024;Leeds Depot;North;HD-BRK;Hydraulic Breaker;1;68.16;;completed;Y
H108435;28/07/2023;Leeds Depot;North;TL-01;Telehandler 4m;2;187.77;ACC0053;completed;Y
H108436;27/06/2024;Leeds Depot;North;HD-BRK;Hydraulic Breaker;-2;64.28;ACC0217;cancelled;N
H108437;11/01/2024;Leeds Depot;North;PB-15;Powered Barrow;7;40.1;ACC0032;open;Y
H108438;29/03/2024;Cardiff Depot;Wales;GEN-60;60kVA Generator;28;98.89;ACC0126;completed;Y
H108439;10/08/2023;Cardiff Depot;Wales;WP-02;Water Pump 2in;2;22.13;ACC0019;completed;Y
H108440;01/10/2024;Bristol Depot;South West;GEN-60;60kVA Generator;7;94.59;ACC0110;completed;Y
H108441;05/01/2024;Bristol Depot;South West;TL-01;Telehandler 4m;2;183.26;ACC0146;completed;Y
H108442;31/05/2023;Cardiff Depot;Wales;TL-01;Telehandler 4m;1;183.74;ACC0159;completed;Y
H108443;23/03/2024;Leeds Depot;North;DM-09;Diesel Dumper 9T;3;143.91;ACC0010;completed;Y
H108444;10/10/2024;Glasgow Depot;Scotland;CM-350;Concrete Mixer 350L;-3;34.36;ACC0097;cancelled;Y
H108445;07/03/2024;Leeds Depot;North;GEN-60;60kVA Generator;2;93.82;;completed;Y
H108446;21/05/2024;Norwich Depot;East;CM-350;Concrete Mixer 350L;3;32.61;;completed;Y
H108447;13/05/2024;Glasgow Depot;Scotland;SF-TOW;Site Tower Light;3;56.0;ACC0162;completed;Y
H108448;19/08/2024;Leeds Depot;North;WP-02;Water Pump 2in;2;21.19;;completed;Y
H108449;07/07/2024;Bristol Depot;South West;WP-02;Water Pump 2in;-2;21.81;ACC0067;cancelled;Y
H108450;02/10/2024;Bristol Depot;South West;HD-BRK;Hydraulic Breaker;-2;64.61;ACC0046;cancelled;Y
H108451;20/06/2024;Norwich Depot;East;WP-02;Water Pump 2in;1;22.1;;completed;Y
H108452;28/06/2023;Cardiff Depot;Wales;SF-TOW;Site Tower Light;3;50.38;ACC0058;completed;Y
H108453;09/05/2024;Bristol Depot;South West;CM-350;Concrete Mixer 350L;-2;34.49;;cancelled;Y
H108454;06/05/2024;Norwich Depot;East;GEN-60;60kVA Generator;1;100.3;ACC0235;open;N
H108455;17/10/2024;Glasgow Depot;Scotland;TL-01;Telehandler 4m;-3;191.47;ACC0056;cancelled;N
H108456;15/06/2023;Glasgow Depot;Scotland;GEN-60;60kVA Generator;3;94.32;;completed;Y
H108457;10/04/2023;Bristol Depot;South West;CM-350;Concrete Mixer 350L;1;33.97;ACC0008;open;N
H108458;02/04/2023;Leeds Depot;North;WP-02;Water Pump 2in;5;21.81;ACC0044;completed;Y
H108459;30/12/2024;Leeds Depot;North;SF-TOW;Site Tower Light;3;48.3;ACC0098;completed;N
H108460;15/12/2023;Glasgow Depot;Scotland;GEN-60;60kVA Generator;1;95.75;ACC0166;completed;N
H108461;05/08/2024;Leeds Depot;North;WP-02;Water Pump 2in;1;24.18;ACC0223;completed;Y
H108462;06/08/2024;Norwich Depot;East;PB-15;Powered Barrow;1;39.26;;completed;N
H108463;31/10/2023;Glasgow Depot;Scotland;SC-22;Scissor Lift 22ft;2;78.1;ACC0159;completed;N
H108464;26/03/2024;Norwich Depot;East;PB-15;Powered Barrow;1;37.97;ACC0155;completed;Y
H108465;02/02/2024;Bristol Depot;South West;WP-02;Water Pump 2in;1;23.36;ACC0237;completed;Y
H108466;28/06/2024;Glasgow Depot;Scotland;GEN-60;60kVA Generator;14;95.21;;completed;Y
H108467;13/02/2024;Norwich Depot;East;HD-BRK;Hydraulic Breaker;2;66.45;ACC0038;completed;Y
H108468;20/12/2024;Cardiff Depot;Wales;SC-22;Scissor Lift 22ft;2;74.41;ACC0136;open;Y
H108469;30/11/2024;Bristol Depot;South West;DM-09;Diesel Dumper 9T;3;154.89;;completed;Y
H108470;09/04/2024;Leeds Depot;North;WP-02;Water Pump 2in;2;23.43;ACC0256;completed;N
H108471;28/02/2024;Bristol Depot;South West;CM-350;Concrete Mixer 350L;2;34.57;ACC0123;completed;N
H108472;07/04/2024;Norwich Depot;East;PB-15;Powered Barrow;3;38.91;;completed;Y
H108473;11/04/2024;Norwich Depot;East;WP-02;Water Pump 2in;1;22.61;ACC0059;completed;Y
H108474;27/11/2023;Norwich Depot;East;WP-02;Water Pump 2in;2;23.61;ACC0129;completed;Y
H108475;10/09/2024;Cardiff Depot;Wales;HD-BRK;Hydraulic Breaker;1;64.48;;completed;Y
H108476;06/11/2024;Cardiff Depot;Wales;TL-01;Telehandler 4m;1;173.02;ACC0244;completed;Y
H108477;08/06/2024;Leeds Depot;North;CM-350;Concrete Mixer 350L;2;32.01;ACC0196;completed;Y
H108478;19/03/2024;Norwich Depot;East;TL-01;Telehandler 4m;1;175.35;ACC0149;completed;N
H108479;04/05/2023;Cardiff Depot;Wales;CM-350;Concrete Mixer 350L;1;34.39;ACC0026;completed;N
H108480;06/07/2023;Cardiff Depot;Wales;CM-350;Concrete Mixer 350L;1;32.41;ACC0193;completed;Y
H108481;25/07/2023;Norwich Depot;East;TL-01;Telehandler 4m;14;202.59;ACC0220;open;N
H108482;10/02/2024;Leeds Depot;North;PB-15;Powered Barrow;2;43.54;;completed;Y
H108483;11/06/2024;Norwich Depot;East;TL-01;Telehandler 4m;7;197.13;ACC0175;completed;Y
H108484;06/05/2023;Cardiff Depot;Wales;SF-TOW;Site Tower Light;2;53.48;ACC0002;open;N
H108485;23/10/2023;Bristol Depot;South West;SC-22;Scissor Lift 22ft;3;83.33;ACC0090;completed;Y
H108486;27/11/2024;Glasgow Depot;Scotland;WP-02;Water Pump 2in;2;22.91;ACC0253;completed;Y
H108487;09/06/2024;Glasgow Depot;Scotland;WP-02;Water Pump 2in;3;21.54;ACC0025;completed;Y
H108488;29/07/2023;Bristol Depot;South West;DM-09;Diesel Dumper 9T;2;150.55;ACC0226;completed;Y
H108489;07/06/2023;Norwich Depot;East;TL-01;Telehandler 4m;1;182.93;ACC0137;completed;N
H108490;07/04/2023;Leeds Depot;North;PB-15;Powered Barrow;28;43.09;;completed;Y
H108491;24/08/2023;Cardiff Depot;Wales;CM-350;Concrete Mixer 350L;5;35.51;ACC0078;completed;Y
H108492;20/12/2024;Cardiff Depot;Wales;HD-BRK;Hydraulic Breaker;1;65.89;ACC0128;completed;Y
H108493;28/11/2024;Norwich Depot;East;HD-BRK;Hydraulic Breaker;1;59.44;ACC0208;open;Y
H108494;22/11/2023;Glasgow Depot;Scotland;WP-02;Water Pump 2in;2;22.76;ACC0130;completed;Y
H108495;26/03/2024;Glasgow Depot;Scotland;SF-TOW;Site Tower Light;5;49.04;;completed;Y
H108496;10/08/2024;Cardiff Depot;Wales;DM-09;Diesel Dumper 9T;2;134.72;;completed;Y
H108497;25/04/2024;Glasgow Depot;Scotland;TL-01;Telehandler 4m;5;202.19;ACC0090;completed;Y
H108498;09/11/2024;Bristol Depot;South West;PB-15;Powered Barrow;14;38.21;;completed;Y
H108499;01/10/2024;Leeds Depot;North;GEN-60;60kVA Generator;3;100.01;ACC0246;completed;Y
H108500;19/04/2023;Glasgow Depot;Scotland;TL-01;Telehandler 4m;-14;175.02;ACC0075;cancelled;Y
H108501;25/04/2024;Cardiff Depot;Wales;WP-02;Water Pump 2in;-1;21.93;ACC0174;cancelled;Y
H108502;05/10/2024;Norwich Depot;East;PB-15;Powered Barrow;5;39.1;ACC0104;open;Y
H108503;10/08/2023;Bristol Depot;South West;CM-350;Concrete Mixer 350L;1;35.68;ACC0046;completed;Y
H108504;03/06/2024;Glasgow Depot;Scotland;SC-22;Scissor Lift 22ft;2;73.74;ACC0120;completed;Y
H108505;06/11/2023;Bristol Depot;South West;HD-BRK;Hydraulic Breaker;1;61.26;ACC0221;completed;Y
H108506;16/08/2024;Glasgow Depot;Scotland;HD-BRK;Hydraulic Breaker;1;61.26;ACC0079;completed;Y
H108507;10/10/2024;Norwich Depot;East;SC-22;Scissor Lift 22ft;-3;76.76;ACC0070;cancelled;Y
H108508;18/03/2024;Bristol Depot;South West;WP-02;Water Pump 2in;1;21.4;ACC0048;completed;Y
H108509;12/02/2024;Cardiff Depot;Wales;WP-02;Water Pump 2in;14;22.55;ACC0066;completed;Y
H108510;11/06/2024;Glasgow Depot;Scotland;SC-22;Scissor Lift 22ft;14;79.85;ACC0110;open;Y
H108511;09/05/2024;Bristol Depot;South West;EX-140;13T Excavator;1;287.55;ACC0081;completed;Y
H108512;17/09/2024;Glasgow Depot;Scotland;SF-TOW;Site Tower Light;1;50.2;ACC0196;completed;Y
H108513;21/02/2024;Bristol Depot;South West;SF-TOW;Site Tower Light;7;55.48;ACC0226;completed;Y
H108514;22/07/2023;Glasgow Depot;Scotland;SC-22;Scissor Lift 22ft;3;80.8;ACC0068;completed;Y
H108515;09/09/2023;Cardiff Depot;Wales;WP-02;Water Pump 2in;5;22.61;ACC0168;open;Y
H108516;12/07/2024;Glasgow Depot;Scotland;SF-TOW;Site Tower Light;1;51.4;ACC0174;completed;Y
H108517;07/05/2023;Norwich Depot;East;SF-TOW;Site Tower Light;-2;53.6;;cancelled;N
H108518;07/06/2023;Glasgow Depot;Scotland;GEN-60;60kVA Generator;5;89.39;ACC0088;completed;Y
H108519;20/07/2023;Glasgow Depot;Scotland;CM-350;Concrete Mixer 350L;2;33.83;ACC0021;completed;Y
H108520;03/06/2023;Cardiff Depot;Wales;PB-15;Powered Barrow;2;41.69;ACC0178;completed;Y
H108521;30/05/2023;Bristol Depot;South West;SC-22;Scissor Lift 22ft;14;80.16;ACC0225;completed;N
H108522;12/12/2024;Glasgow Depot;Scotland;WP-02;Water Pump 2in;-3;22.55;ACC0098;cancelled;Y
H108523;19/10/2024;Cardiff Depot;Wales;CM-350;Concrete Mixer 350L;2;33.74;;completed;N
H108524;05/09/2024;Bristol Depot;South West;CM-350;Concrete Mixer 350L;3;32.22;;completed;Y
H108525;10/08/2024;Cardiff Depot;Wales;CM-350;Concrete Mixer 350L;14;32.96;ACC0126;completed;N
H108526;07/09/2023;Glasgow Depot;Scotland;HD-BRK;Hydraulic Breaker;2;67.56;ACC0122;completed;N
H108527;13/10/2024;Leeds Depot;North;CM-350;Concrete Mixer 350L;2;31.85;ACC0071;completed;N
H108528;29/12/2023;Cardiff Depot;Wales;CM-350;Concrete Mixer 350L;3;35.22;ACC0063;completed;Y
H108529;25/09/2023;Leeds Depot;North;EX-140;13T Excavator;2;329.56;ACC0109;completed;Y
H108530;31/07/2023;Norwich Depot;East;HD-BRK;Hydraulic Breaker;7;61.93;ACC0189;open;Y
H108531;04/12/2024;Glasgow Depot;Scotland;TL-01;Telehandler 4m;2;191.41;ACC0102;completed;Y
H108532;28/06/2024;Norwich Depot;East;SC-22;Scissor Lift 22ft;28;77.07;ACC0130;completed;Y
H108533;16/12/2024;Bristol Depot;South West;WP-02;Water Pump 2in;2;23.13;ACC0066;completed;Y
H108534;01/04/2023;Glasgow Depot;Scotland;DM-09;Diesel Dumper 9T;7;141.25;ACC0057;open;Y
H108535;18/02/2024;Cardiff Depot;Wales;SF-TOW;Site Tower Light;28;55.15;ACC0041;completed;Y
H108536;30/06/2024;Norwich Depot;East;SC-22;Scissor Lift 22ft;7;81.5;ACC0007;completed;Y
H108537;26/10/2024;Leeds Depot;North;TL-01;Telehandler 4m;1;197.82;ACC0099;completed;Y
H108538;21/01/2024;Glasgow Depot;Scotland;SC-22;Scissor Lift 22ft;2;79.47;ACC0195;completed;Y
H108539;15/07/2023;Glasgow Depot;Scotland;DM-09;Diesel Dumper 9T;2;142.6;;completed;Y
H108540;23/01/2024;Norwich Depot;East;SC-22;Scissor Lift 22ft;3;77.45;ACC0008;completed;Y
H108541;03/07/2023;Leeds Depot;North;TL-01;Telehandler 4m;1;193.89;ACC0225;completed;Y
H108542;27/04/2024;Cardiff Depot;Wales;PB-15;Powered Barrow;2;41.34;ACC0136;completed;Y
H108543;14/07/2023;Norwich Depot;East;GEN-60;60kVA Generator;1;92.72;ACC0054;completed;Y
H108544;13/12/2023;Cardiff Depot;Wales;DM-09;Diesel Dumper 9T;3;145.32;ACC0035;completed;Y
H108545;06/12/2023;Bristol Depot;South West;TL-01;Telehandler 4m;14;185.94;ACC0169;completed;Y
H108546;18/12/2024;Glasgow Depot;Scotland;CM-350;Concrete Mixer 350L;1;33.52;ACC0038;completed;Y
H108547;19/12/2023;Glasgow Depot;Scotland;DM-09;Diesel Dumper 9T;7;145.84;ACC0152;completed;N
H108548;11/09/2023;Bristol Depot;South West;WP-02;Water Pump 2in;7;22.97;ACC0032;completed;Y
H108549;09/04/2023;Bristol Depot;South West;HD-BRK;Hydraulic Breaker;3;60.16;ACC0183;completed;Y
H108550;07/04/2023;Norwich Depot;East;SC-22;Scissor Lift 22ft;-28;72.88;;cancelled;Y
H108551;18/07/2024;Cardiff Depot;Wales;CM-350;Concrete Mixer 350L;5;34.2;;completed;Y
H108552;24/11/2023;Glasgow Depot;Scotland;PB-15;Powered Barrow;28;43.94;ACC0176;completed;Y
H108553;22/03/2024;Norwich Depot;East;PB-15;Powered Barrow;2;40.2;ACC0036;completed;Y
H108554;22/09/2024;Bristol Depot;South West;TL-01;Telehandler 4m;3;178.96;ACC0244;completed;Y
H108555;12/08/2024;Bristol Depot;South West;CM-350;Concrete Mixer 350L;2;36.51;ACC0184;open;N
H108556;30/11/2023;Bristol Depot;South West;EX-140;13T Excavator;7;320.86;ACC0150;completed;N
H108557;03/05/2023;Leeds Depot;North;CM-350;Concrete Mixer 350L;28;31.7;ACC0253;completed;N
H108558;17/05/2023;Leeds Depot;North;EX-140;13T Excavator;3;291.75;ACC0079;completed;Y
H108559;23/12/2023;Norwich Depot;East;SC-22;Scissor Lift 22ft;2;82.07;ACC0018;completed;Y
H108560;07/12/2024;Norwich Depot;East;CM-350;Concrete Mixer 350L;1;31.83;ACC0161;completed;Y
H108561;17/06/2023;Bristol Depot;South West;PB-15;Powered Barrow;1;38.68;ACC0258;completed;Y
H108562;20/10/2023;Cardiff Depot;Wales;TL-01;Telehandler 4m;3;189.03;ACC0186;completed;Y
H108563;24/07/2024;Leeds Depot;North;GEN-60;60kVA Generator;2;99.49;ACC0193;open;Y
H108564;18/06/2023;Glasgow Depot;Scotland;CM-350;Concrete Mixer 350L;14;35.88;ACC0021;completed;Y
H108565;05/08/2023;Glasgow Depot;Scotland;WP-02;Water Pump 2in;3;20.82;ACC0126;open;Y
H108566;29/04/2024;Cardiff Depot;Wales;HD-BRK;Hydraulic Breaker;1;66.12;ACC0231;completed;Y
H108567;17/06/2024;Glasgow Depot;Scotland;GEN-60;60kVA Generator;14;101.97;ACC0048;completed;Y
H108568;15/08/2023;Leeds Depot;North;PB-15;Powered Barrow;3;39.76;ACC0121;completed;N
H108569;06/07/2024;Leeds Depot;North;GEN-60;60kVA Generator;1;103.1;ACC0200;completed;Y
H108570;11/02/2024;Norwich Depot;East;WP-02;Water Pump 2in;1;20.76;ACC0126;completed;Y
H108571;20/12/2023;Bristol Depot;South West;PB-15;Powered Barrow;1;43.07;ACC0005;completed;Y
H108572;25/05/2024;Leeds Depot;North;CM-350;Concrete Mixer 350L;-3;33.16;ACC0230;cancelled;Y
H108573;23/06/2024;Bristol Depot;South West;SF-TOW;Site Tower Light;2;48.46;ACC0133;completed;Y
H108574;16/03/2024;Cardiff Depot;Wales;GEN-60;60kVA Generator;1;98.94;;completed;Y
H108575;08/06/2023;Leeds Depot;North;CM-350;Concrete Mixer 350L;2;32.04;;completed;Y
H108576;29/11/2023;Glasgow Depot;Scotland;WP-02;Water Pump 2in;2;22.14;ACC0044;completed;N
H108577;12/11/2024;Bristol Depot;South West;GEN-60;60kVA Generator;3;93.45;ACC0243;completed;Y
H108578;03/07/2023;Bristol Depot;South West;DM-09;Diesel Dumper 9T;7;142.72;ACC0128;completed;Y
H108579;20/09/2023;Cardiff Depot;Wales;WP-02;Water Pump 2in;1;21.64;ACC0213;completed;Y
H108580;06/01/2024;Bristol Depot;South West;GEN-60;60kVA Generator;3;94.93;ACC0090;completed;Y
H108581;28/04/2024;Norwich Depot;East;GEN-60;60kVA Generator;7;99.83;ACC0068;completed;N
H108582;16/06/2024;Bristol Depot;South West;WP-02;Water Pump 2in;3;23.05;;completed;Y
H108583;17/11/2023;Bristol Depot;South West;WP-02;Water Pump 2in;2;22.44;ACC0161;completed;Y
H108584;09/03/2024;Leeds Depot;North;DM-09;Diesel Dumper 9T;-2;141.79;ACC0173;cancelled;Y
H108585;14/10/2023;Norwich Depot;East;PB-15;Powered Barrow;1;38.49;ACC0100;completed;Y
H108586;03/05/2024;Norwich Depot;East;WP-02;Water Pump 2in;1;24.3;ACC0162;completed;Y
H108587;18/09/2023;Leeds Depot;North;GEN-60;60kVA Generator;3;89.25;;completed;N
H108588;03/08/2023;Leeds Depot;North;GEN-60;60kVA Generator;2;102.84;ACC0131;completed;Y
H108589;27/08/2024;Glasgow Depot;Scotland;WP-02;Water Pump 2in;2;24.04;ACC0186;completed;Y
H108590;27/01/2024;Bristol Depot;South West;WP-02;Water Pump 2in;7;22.61;ACC0106;open;Y
H108591;14/05/2023;Bristol Depot;South West;TL-01;Telehandler 4m;14;174.05;ACC0145;completed;Y
H108592;16/06/2024;Leeds Depot;North;WP-02;Water Pump 2in;-28;24.14;;cancelled;Y
H108593;01/02/2024;Glasgow Depot;Scotland;DM-09;Diesel Dumper 9T;2;154.26;ACC0026;completed;Y
H108594;29/07/2024;Norwich Depot;East;DM-09;Diesel Dumper 9T;1;145.48;ACC0139;completed;Y
H108595;26/03/2024;Glasgow Depot;Scotland;GEN-60;60kVA Generator;3;89.14;ACC0239;completed;N
H108596;04/09/2024;Leeds Depot;North;EX-140;13T Excavator;-2;325.89;ACC0207;cancelled;Y
H108597;10/09/2023;Leeds Depot;North;WP-02;Water Pump 2in;28;22.17;ACC0249;completed;Y
H108598;20/12/2024;Bristol Depot;South West;GEN-60;60kVA Generator;1;100.62;ACC0081;completed;Y
H108599;09/05/2023;Norwich Depot;East;DM-09;Diesel Dumper 9T;2;156.1;ACC0089;completed;Y
H108600;03/11/2023;Leeds Depot;North;SC-22;Scissor Lift 22ft;3;77.02;ACC0244;completed;Y
H108601;23/12/2024;Bristol Depot;South West;TL-01;Telehandler 4m;-1;202.59;ACC0075;cancelled;Y
H108602;17/08/2023;Leeds Depot;North;DM-09;Diesel Dumper 9T;14;153.28;ACC0118;completed;Y
H108603;18/06/2023;Cardiff Depot;Wales;HD-BRK;Hydraulic Breaker;5;65.13;ACC0041;completed;Y
H108604;14/11/2023;Cardiff Depot;Wales;WP-02;Water Pump 2in;5;23.24;ACC0043;completed;N
H108605;15/10/2023;Bristol Depot;South West;TL-01;Telehandler 4m;14;195.63;ACC0088;completed;Y
H108606;11/12/2024;Bristol Depot;South West;SC-22;Scissor Lift 22ft;1;81.14;;completed;Y
H108607;28/07/2024;Glasgow Depot;Scotland;HD-BRK;Hydraulic Breaker;2;68.35;;completed;N
H108608;18/04/2023;Norwich Depot;East;WP-02;Water Pump 2in;2;24.12;ACC0023;completed;Y
H108609;11/12/2024;Cardiff Depot;Wales;HD-BRK;Hydraulic Breaker;5;68.86;ACC0030;completed;Y
H108610;29/05/2023;Cardiff Depot;Wales;WP-02;Water Pump 2in;2;20.77;ACC0071;completed;Y
H108611;25/10/2023;Leeds Depot;North;SC-22;Scissor Lift 22ft;5;81.85;ACC0255;completed;Y
H108612;27/11/2023;Norwich Depot;East;WP-02;Water Pump 2in;14;21.06;ACC0062;completed;Y
H108613;23/12/2024;Glasgow Depot;Scotland;PB-15;Powered Barrow;2;38.58;ACC0177;completed;Y
H108614;10/07/2023;Norwich Depot;East;EX-140;13T Excavator;1;307.24;ACC0189;completed;Y
H108615;03/07/2023;Norwich Depot;East;SC-22;Scissor Lift 22ft;-5;83.39;ACC0108;cancelled;Y
H108616;15/08/2023;Norwich Depot;East;SF-TOW;Site Tower Light;5;48.72;ACC0084;completed;Y
H108617;19/07/2024;Bristol Depot;South West;GEN-60;60kVA Generator;1;99.13;ACC0195;completed;Y
H108618;21/11/2023;Glasgow Depot;Scotland;PB-15;Powered Barrow;2;43.66;ACC0048;completed;N
H108619;10/01/2024;Glasgow Depot;Scotland;EX-140;13T Excavator;1;307.52;ACC0087;completed;Y
H108620;15/09/2024;Bristol Depot;South West;CM-350;Concrete Mixer 350L;5;36.26;ACC0207;completed;N
H108621;30/07/2024;Leeds Depot;North;SC-22;Scissor Lift 22ft;3;79.48;ACC0162;completed;Y
H108622;22/02/2024;Cardiff Depot;Wales;SC-22;Scissor Lift 22ft;2;79.91;ACC0227;completed;Y
H108623;08/05/2023;Glasgow Depot;Scotland;DM-09;Diesel Dumper 9T;3;136.31;ACC0050;completed;Y
H108624;04/07/2023;Cardiff Depot;Wales;WP-02;Water Pump 2in;1;21.71;ACC0171;completed;Y
H108625;20/08/2024;Leeds Depot;North;PB-15;Powered Barrow;1;42.66;ACC0126;completed;Y
H108626;18/06/2024;Bristol Depot;South West;WP-02;Water Pump 2in;1;21.41;ACC0207;completed;Y
H108627;03/12/2024;Cardiff Depot;Wales;SF-TOW;Site Tower Light;1;48.0;ACC0248;completed;N
H108628;11/10/2023;Leeds Depot;North;PB-15;Powered Barrow;1;44.12;ACC0070;completed;Y
H108629;12/05/2023;Glasgow Depot;Scotland;WP-02;Water Pump 2in;1;22.69;;completed;Y
H108630;26/05/2024;Cardiff Depot;Wales;WP-02;Water Pump 2in;-3;20.99;ACC0177;cancelled;Y
H108631;20/08/2023;Glasgow Depot;Scotland;WP-02;Water Pump 2in;1;23.95;ACC0034;completed;Y
H108632;11/12/2023;Norwich Depot;East;DM-09;Diesel Dumper 9T;3;135.13;ACC0123;completed;Y
H108633;24/09/2024;Norwich Depot;East;HD-BRK;Hydraulic Breaker;2;63.41;ACC0227;completed;Y
H108634;09/07/2024;Glasgow Depot;Scotland;SC-22;Scissor Lift 22ft;3;83.36;;completed;Y
H108635;18/07/2023;Leeds Depot;North;TL-01;Telehandler 4m;28;193.63;ACC0220;completed;Y
H108636;07/01/2024;Bristol Depot;South West;SF-TOW;Site Tower Light;1;51.52;ACC0087;completed;Y
H108637;25/12/2024;Glasgow Depot;Scotland;CM-350;Concrete Mixer 350L;2;36.54;;completed;N
H108638;17/05/2023;Cardiff Depot;Wales;HD-BRK;Hydraulic Breaker;14;65.9;ACC0047;completed;Y
H108639;16/03/2024;Glasgow Depot;Scotland;GEN-60;60kVA Generator;5;102.15;ACC0246;completed;Y
H108640;15/11/2023;Glasgow Depot;Scotland;GEN-60;60kVA Generator;1;99.11;ACC0065;completed;N
H108641;02/08/2023;Glasgow Depot;Scotland;SC-22;Scissor Lift 22ft;2;76.05;;completed;Y
H108642;02/01/2024;Bristol Depot;South West;SC-22;Scissor Lift 22ft;5;81.43;ACC0127;completed;Y
H108643;21/12/2023;Cardiff Depot;Wales;WP-02;Water Pump 2in;3;23.58;ACC0036;completed;Y
H108644;18/11/2024;Bristol Depot;South West;HD-BRK;Hydraulic Breaker;14;63.88;ACC0012;completed;Y
H108645;29/01/2024;Norwich Depot;East;SF-TOW;Site Tower Light;1;50.61;ACC0121;completed;Y
H108646;19/04/2023;Cardiff Depot;Wales;CM-350;Concrete Mixer 350L;5;31.59;ACC0102;completed;Y
H108647;18/05/2024;Leeds Depot;North;DM-09;Diesel Dumper 9T;5;144.12;ACC0251;completed;N
H108648;30/08/2024;Glasgow Depot;Scotland;GEN-60;60kVA Generator;1;94.76;ACC0113;completed;Y
H108649;14/12/2023;Leeds Depot;North;PB-15;Powered Barrow;1;39.48;ACC0108;open;N
H108650;29/09/2024;Leeds Depot;North;GEN-60;60kVA Generator;1;101.83;ACC0062;completed;Y
H108651;06/03/2024;Bristol Depot;South West;GEN-60;60kVA Generator;1;89.06;ACC0089;completed;N
H108652;24/05/2024;Glasgow Depot;Scotland;WP-02;Water Pump 2in;1;23.02;ACC0086;completed;Y
H108653;23/05/2023;Leeds Depot;North;WP-02;Water Pump 2in;2;23.59;ACC0031;completed;Y
H108654;03/05/2023;Cardiff Depot;Wales;CM-350;Concrete Mixer 350L;-2;32.37;ACC0210;cancelled;Y
H108655;27/11/2023;Norwich Depot;East;WP-02;Water Pump 2in;3;24.27;ACC0226;completed;Y
H108656;02/07/2024;Cardiff Depot;Wales;HD-BRK;Hydraulic Breaker;1;59.37;ACC0190;completed;Y
H108657;01/01/2024;Glasgow Depot;Scotland;WP-02;Water Pump 2in;1;22.19;ACC0227;completed;Y
H108658;27/11/2023;Bristol Depot;South West;CM-350;Concrete Mixer 350L;1;32.88;ACC0052;completed;Y
H108659;18/05/2023;Norwich Depot;East;WP-02;Water Pump 2in;14;23.73;ACC0224;completed;Y
H108660;26/11/2024;Cardiff Depot;Wales;WP-02;Water Pump 2in;2;23.45;ACC0213;completed;N
H108661;21/12/2023;Cardiff Depot;Wales;SC-22;Scissor Lift 22ft;3;77.07;ACC0018;open;N
H108662;10/07/2024;Leeds Depot;North;SC-22;Scissor Lift 22ft;14;82.63;ACC0122;completed;Y
H108663;22/12/2024;Norwich Depot;East;SF-TOW;Site Tower Light;1;48.15;ACC0100;completed;Y
H108664;09/10/2024;Cardiff Depot;Wales;SF-TOW;Site Tower Light;3;48.73;ACC0038;completed;N
H108665;30/09/2024;Cardiff Depot;Wales;TL-01;Telehandler 4m;7;185.53;ACC0209;completed;Y
H108666;15/12/2024;Norwich Depot;East;GEN-60;60kVA Generator;2;89.37;ACC0090;open;Y
H108667;23/10/2023;Leeds Depot;North;WP-02;Water Pump 2in;2;22.3;;completed;Y
H108668;22/11/2023;Cardiff Depot;Wales;PB-15;Powered Barrow;3;39.95;ACC0183;completed;Y
H108669;27/05/2024;Cardiff Depot;Wales;SC-22;Scissor Lift 22ft;1;76.43;ACC0077;completed;Y
H108670;02/08/2023;Bristol Depot;South West;DM-09;Diesel Dumper 9T;2;154.23;ACC0120;completed;Y
H108671;27/05/2023;Cardiff Depot;Wales;PB-15;Powered Barrow;1;41.85;ACC0111;completed;Y
H108672;24/04/2024;Glasgow Depot;Scotland;WP-02;Water Pump 2in;1;21.11;ACC0119;completed;Y
H108673;08/04/2023;Leeds Depot;North;WP-02;Water Pump 2in;2;21.72;ACC0188;open;Y
H108674;20/11/2023;Glasgow Depot;Scotland;CM-350;Concrete Mixer 350L;1;35.44;ACC0223;completed;Y
H108675;16/09/2024;Bristol Depot;South West;PB-15;Powered Barrow;3;38.92;ACC0015;completed;Y
H108676;25/11/2023;Glasgow Depot;Scotland;EX-140;13T Excavator;2;325.08;;completed;N
H108677;11/09/2024;Norwich Depot;East;HD-BRK;Hydraulic Breaker;1;63.72;ACC0085;completed;Y
H108678;16/09/2023;Bristol Depot;South West;WP-02;Water Pump 2in;-7;24.01;ACC0106;cancelled;Y
H108679;30/09/2023;Norwich Depot;East;PB-15;Powered Barrow;2;39.41;ACC0243;completed;Y
H108680;23/11/2023;Leeds Depot;North;HD-BRK;Hydraulic Breaker;3;64.9;;completed;Y
H108681;18/12/2024;Glasgow Depot;Scotland;PB-15;Powered Barrow;1;42.66;ACC0130;completed;N
H108682;13/11/2024;Glasgow Depot;Scotland;SC-22;Scissor Lift 22ft;7;81.98;ACC0162;completed;N
H108683;19/09/2023;Cardiff Depot;Wales;SC-22;Scissor Lift 22ft;3;81.17;ACC0161;completed;N
H108684;10/06/2024;Cardiff Depot;Wales;TL-01;Telehandler 4m;3;196.75;ACC0012;completed;Y
H108685;29/05/2023;Glasgow Depot;Scotland;CM-350;Concrete Mixer 350L;1;33.11;ACC0065;completed;Y
H108686;14/06/2023;Bristol Depot;South West;WP-02;Water Pump 2in;5;23.87;;completed;Y
H108687;19/07/2023;Leeds Depot;North;WP-02;Water Pump 2in;14;23.9;ACC0040;completed;Y
H108688;28/10/2023;Bristol Depot;South West;DM-09;Diesel Dumper 9T;2;135.21;ACC0118;completed;N
H108689;16/04/2024;Bristol Depot;South West;WP-02;Water Pump 2in;1;20.99;ACC0164;completed;Y
H108690;22/05/2024;Leeds Depot;North;TL-01;Telehandler 4m;3;176.7;ACC0146;completed;Y
H108691;16/06/2024;Glasgow Depot;Scotland;PB-15;Powered Barrow;1;41.84;ACC0207;completed;Y
H108692;01/10/2024;Leeds Depot;North;CM-350;Concrete Mixer 350L;2;33.69;ACC0251;completed;N
H108693;19/09/2023;Norwich Depot;East;WP-02;Water Pump 2in;2;24.08;ACC0157;open;Y
H108694;11/06/2023;Cardiff Depot;Wales;WP-02;Water Pump 2in;1;24.12;ACC0134;completed;Y
H108695;05/01/2024;Glasgow Depot;Scotland;TL-01;Telehandler 4m;3;202.88;ACC0073;completed;Y
H108696;01/05/2023;Cardiff Depot;Wales;SF-TOW;Site Tower Light;2;48.8;ACC0011;completed;Y
H108697;03/07/2023;Glasgow Depot;Scotland;CM-350;Concrete Mixer 350L;7;31.84;ACC0084;open;N
H108698;06/01/2024;Cardiff Depot;Wales;SC-22;Scissor Lift 22ft;28;80.24;ACC0101;completed;Y
H108699;15/01/2024;Glasgow Depot;Scotland;SC-22;Scissor Lift 22ft;1;76.01;ACC0110;completed;Y
H108700;08/04/2023;Leeds Depot;North;TL-01;Telehandler 4m;7;198.44;ACC0090;completed;Y
H108701;08/05/2024;Bristol Depot;South West;GEN-60;60kVA Generator;3;99.94;ACC0002;completed;N
H108702;21/06/2024;Bristol Depot;South West;WP-02;Water Pump 2in;1;21.14;;completed;Y
H108703;06/05/2023;Cardiff Depot;Wales;SC-22;Scissor Lift 22ft;3;84.17;ACC0131;completed;N
H108704;27/11/2023;Norwich Depot;East;PB-15;Powered Barrow;5;40.94;ACC0144;completed;Y
H108705;04/11/2024;Cardiff Depot;Wales;PB-15;Powered Barrow;-2;42.1;ACC0105;cancelled;N
H108706;17/02/2024;Leeds Depot;North;WP-02;Water Pump 2in;14;22.05;ACC0181;completed;Y
H108707;25/06/2024;Bristol Depot;South West;SF-TOW;Site Tower Light;1;53.03;ACC0128;completed;Y
H108708;22/09/2024;Leeds Depot;North;TL-01;Telehandler 4m;7;177.11;ACC0078;completed;Y
H108709;12/11/2023;Bristol Depot;South West;PB-15;Powered Barrow;2;38.09;ACC0149;completed;Y
H108710;20/05/2023;Cardiff Depot;Wales;TL-01;Telehandler 4m;2;178.92;ACC0053;completed;Y
H108711;02/07/2024;Glasgow Depot;Scotland;SF-TOW;Site Tower Light;3;55.92;ACC0195;completed;Y
H108712;27/11/2023;Leeds Depot;North;CM-350;Concrete Mixer 350L;1;34.28;ACC0078;completed;Y
H108713;09/12/2023;Norwich Depot;East;HD-BRK;Hydraulic Breaker;7;61.36;ACC0053;completed;Y
H108714;24/11/2023;Cardiff Depot;Wales;HD-BRK;Hydraulic Breaker;3;63.88;ACC0174;completed;N
H108715;24/01/2024;Cardiff Depot;Wales;CM-350;Concrete Mixer 350L;-7;31.34;ACC0151;cancelled;Y
H108716;27/06/2024;Glasgow Depot;Scotland;TL-01;Telehandler 4m;3;188.17;ACC0170;completed;Y
H108717;24/05/2024;Leeds Depot;North;SF-TOW;Site Tower Light;5;52.26;ACC0022;completed;Y
H108718;02/05/2024;Leeds Depot;North;TL-01;Telehandler 4m;28;177.82;ACC0075;completed;N
H108719;24/08/2023;Leeds Depot;North;EX-140;13T Excavator;2;304.64;ACC0036;completed;Y
H108720;01/11/2023;Leeds Depot;North;SC-22;Scissor Lift 22ft;3;77.48;ACC0012;completed;Y
H108721;16/06/2024;Cardiff Depot;Wales;WP-02;Water Pump 2in;-1;23.32;ACC0114;cancelled;Y
H108722;18/03/2024;Leeds Depot;North;WP-02;Water Pump 2in;2;22.77;ACC0251;completed;Y
H108723;29/09/2023;Norwich Depot;East;DM-09;Diesel Dumper 9T;5;141.09;ACC0227;completed;Y
H108724;10/07/2024;Norwich Depot;East;PB-15;Powered Barrow;2;42.75;ACC0034;completed;Y
H108725;01/02/2024;Leeds Depot;North;SC-22;Scissor Lift 22ft;5;79.43;ACC0212;completed;Y
H108726;14/04/2024;Glasgow Depot;Scotland;DM-09;Diesel Dumper 9T;14;143.8;ACC0109;completed;Y
H108727;13/10/2023;Bristol Depot;South West;DM-09;Diesel Dumper 9T;3;141.15;ACC0035;completed;N
H108728;31/07/2023;Leeds Depot;North;DM-09;Diesel Dumper 9T;14;142.11;ACC0228;completed;Y
H108729;17/09/2024;Glasgow Depot;Scotland;SF-TOW;Site Tower Light;2;55.83;ACC0217;completed;Y
H108730;15/09/2023;Bristol Depot;South West;WP-02;Water Pump 2in;1;22.34;ACC0099;completed;Y
H108731;30/06/2023;Glasgow Depot;Scotland;DM-09;Diesel Dumper 9T;28;133.5;ACC0077;completed;Y
H108732;20/01/2024;Norwich Depot;East;TL-01;Telehandler 4m;5;180.23;ACC0011;completed;Y
H108733;17/11/2023;Leeds Depot;North;SC-22;Scissor Lift 22ft;-3;81.29;ACC0247;cancelled;N
H108734;01/04/2023;Glasgow Depot;Scotland;DM-09;Diesel Dumper 9T;1;135.01;ACC0059;completed;Y
H108735;22/06/2024;Cardiff Depot;Wales;SF-TOW;Site Tower Light;1;49.32;ACC0172;completed;Y
H108736;08/11/2023;Bristol Depot;South West;SC-22;Scissor Lift 22ft;2;76.99;ACC0098;completed;Y
H108737;14/05/2024;Leeds Depot;North;SC-22;Scissor Lift 22ft;2;79.17;ACC0171;completed;Y
H108738;03/02/2024;Cardiff Depot;Wales;EX-140;13T Excavator;5;313.25;ACC0054;completed;Y
H108739;27/02/2024;Cardiff Depot;Wales;CM-350;Concrete Mixer 350L;7;32.15;ACC0012;completed;N
H108740;16/09/2023;Cardiff Depot;Wales;PB-15;Powered Barrow;-1;40.75;ACC0139;cancelled;Y
H108741;01/06/2024;Leeds Depot;North;SF-TOW;Site Tower Light;3;49.34;ACC0103;completed;Y
H108742;03/04/2023;Glasgow Depot;Scotland;SC-22;Scissor Lift 22ft;2;80.27;ACC0148;completed;N
H108743;14/11/2024;Bristol Depot;South West;GEN-60;60kVA Generator;-1;98.24;ACC0047;cancelled;Y
H108744;02/07/2024;Bristol Depot;South West;SF-TOW;Site Tower Light;1;55.32;ACC0022;completed;Y
H108745;19/03/2024;Glasgow Depot;Scotland;SF-TOW;Site Tower Light;1;53.32;ACC0213;completed;Y
H108746;18/10/2023;Cardiff Depot;Wales;CM-350;Concrete Mixer 350L;2;36.26;ACC0173;completed;Y
H108747;28/10/2023;Leeds Depot;North;CM-350;Concrete Mixer 350L;3;35.35;ACC0007;open;Y
H108748;22/01/2024;Norwich Depot;East;SC-22;Scissor Lift 22ft;2;76.15;ACC0185;open;Y
H108749;06/04/2023;Norwich Depot;East;SC-22;Scissor Lift 22ft;14;77.91;ACC0124;completed;Y
H108750;11/11/2024;Norwich Depot;East;TL-01;Telehandler 4m;5;184.79;ACC0131;completed;N
H108751;20/12/2024;Bristol Depot;South West;CM-350;Concrete Mixer 350L;-2;31.94;;cancelled;Y
H108752;15/07/2024;Bristol Depot;South West;SC-22;Scissor Lift 22ft;7;77.1;ACC0035;completed;Y
H108753;08/02/2024;Leeds Depot;North;DM-09;Diesel Dumper 9T;3;146.93;ACC0141;completed;Y
H108754;17/06/2024;Bristol Depot;South West;TL-01;Telehandler 4m;2;197.36;ACC0160;completed;Y
H108755;21/10/2023;Glasgow Depot;Scotland;SC-22;Scissor Lift 22ft;1;77.49;;completed;Y
H108756;07/02/2024;Glasgow Depot;Scotland;SC-22;Scissor Lift 22ft;3;80.41;ACC0051;completed;Y
H108757;16/01/2024;Cardiff Depot;Wales;CM-350;Concrete Mixer 350L;-1;33.41;ACC0242;cancelled;Y
H108758;28/12/2024;Leeds Depot;North;WP-02;Water Pump 2in;3;23.14;ACC0157;completed;Y
H108759;21/08/2024;Glasgow Depot;Scotland;CM-350;Concrete Mixer 350L;1;32.14;ACC0155;completed;Y
H108760;17/04/2023;Glasgow Depot;Scotland;GEN-60;60kVA Generator;3;90.45;ACC0208;open;Y
H108761;03/11/2024;Norwich Depot;East;PB-15;Powered Barrow;3;42.79;ACC0059;completed;N
H108762;12/11/2024;Glasgow Depot;Scotland;WP-02;Water Pump 2in;14;23.67;ACC0054;completed;Y
H108763;22/02/2024;Bristol Depot;South West;CM-350;Concrete Mixer 350L;1;33.9;ACC0085;completed;Y
H108764;22/12/2023;Leeds Depot;North;HD-BRK;Hydraulic Breaker;7;59.88;ACC0096;completed;Y
H108765;09/03/2024;Leeds Depot;North;HD-BRK;Hydraulic Breaker;14;68.67;ACC0044;completed;Y
H108766;23/05/2023;Cardiff Depot;Wales;HD-BRK;Hydraulic Breaker;5;64.72;ACC0107;completed;Y
H108767;26/05/2024;Norwich Depot;East;DM-09;Diesel Dumper 9T;7;145.84;ACC0105;completed;Y
H108768;16/09/2024;Glasgow Depot;Scotland;EX-140;13T Excavator;14;292.5;ACC0172;completed;Y
H108769;07/07/2024;Norwich Depot;East;DM-09;Diesel Dumper 9T;5;154.12;ACC0040;completed;Y
H108770;01/12/2024;Glasgow Depot;Scotland;PB-15;Powered Barrow;2;38.95;ACC0145;completed;Y
H108771;17/06/2023;Norwich Depot;East;DM-09;Diesel Dumper 9T;1;151.41;;open;Y
H108772;29/10/2024;Glasgow Depot;Scotland;SF-TOW;Site Tower Light;1;48.98;ACC0180;completed;N
H108773;18/08/2023;Leeds Depot;North;SF-TOW;Site Tower Light;2;49.34;ACC0023;completed;Y
H108774;20/12/2024;Leeds Depot;North;CM-350;Concrete Mixer 350L;2;35.55;ACC0103;completed;Y
H108775;25/05/2023;Glasgow Depot;Scotland;SC-22;Scissor Lift 22ft;1;83.55;ACC0034;completed;Y
H108776;25/11/2023;Bristol Depot;South West;GEN-60;60kVA Generator;7;99.7;ACC0182;completed;Y
H108777;31/03/2024;Leeds Depot;North;WP-02;Water Pump 2in;3;24.3;ACC0139;completed;Y
H108778;30/07/2024;Norwich Depot;East;WP-02;Water Pump 2in;5;21.44;ACC0179;completed;Y
H108779;06/12/2024;Bristol Depot;South West;WP-02;Water Pump 2in;-5;21.52;ACC0059;cancelled;Y
H108780;13/02/2024;Leeds Depot;North;EX-140;13T Excavator;-28;311.18;ACC0094;cancelled;Y
H108781;18/08/2024;Cardiff Depot;Wales;WP-02;Water Pump 2in;3;21.59;ACC0134;completed;Y
H108782;06/10/2024;Cardiff Depot;Wales;WP-02;Water Pump 2in;2;23.5;ACC0247;completed;Y
H108783;12/08/2024;Glasgow Depot;Scotland;WP-02;Water Pump 2in;1;22.58;ACC0027;completed;Y
H108784;25/10/2023;Bristol Depot;South West;EX-140;13T Excavator;1;301.11;ACC0005;completed;N
H108785;08/05/2023;Leeds Depot;North;HD-BRK;Hydraulic Breaker;5;62.26;ACC0056;completed;Y
H108786;10/10/2024;Norwich Depot;East;SF-TOW;Site Tower Light;14;55.72;ACC0064;completed;Y
H108787;07/08/2023;Leeds Depot;North;DM-09;Diesel Dumper 9T;14;135.43;ACC0066;completed;N
H108788;01/08/2023;Glasgow Depot;Scotland;WP-02;Water Pump 2in;1;21.93;ACC0231;completed;Y
H108789;27/05/2023;Norwich Depot;East;GEN-60;60kVA Generator;1;98.99;ACC0120;completed;Y
H108790;07/09/2024;Glasgow Depot;Scotland;WP-02;Water Pump 2in;5;21.94;ACC0033;completed;Y
H108791;18/05/2024;Leeds Depot;North;WP-02;Water Pump 2in;1;24.16;ACC0181;completed;Y
H108792;19/05/2024;Norwich Depot;East;WP-02;Water Pump 2in;14;23.68;ACC0220;completed;Y
H108793;24/01/2024;Norwich Depot;East;WP-02;Water Pump 2in;3;24.26;ACC0260;completed;Y
H108794;25/01/2024;Bristol Depot;South West;GEN-60;60kVA Generator;2;99.97;ACC0256;completed;N
H108795;06/03/2024;Cardiff Depot;Wales;WP-02;Water Pump 2in;1;22.62;;completed;N
H108796;21/07/2024;Norwich Depot;East;EX-140;13T Excavator;3;291.65;ACC0210;completed;Y
H108797;29/06/2023;Norwich Depot;East;DM-09;Diesel Dumper 9T;1;154.02;ACC0196;completed;Y
H108798;05/02/2024;Glasgow Depot;Scotland;CM-350;Concrete Mixer 350L;3;32.83;ACC0230;completed;Y
H108799;20/07/2024;Cardiff Depot;Wales;SF-TOW;Site Tower Light;2;52.86;ACC0252;completed;Y
H108800;06/02/2024;Glasgow Depot;Scotland;SC-22;Scissor Lift 22ft;1;82.07;ACC0013;completed;Y
H108801;25/12/2024;Cardiff Depot;Wales;DM-09;Diesel Dumper 9T;1;140.12;ACC0161;completed;Y
H108802;28/12/2023;Cardiff Depot;Wales;WP-02;Water Pump 2in;2;21.42;ACC0225;completed;Y
H108803;26/05/2024;Cardiff Depot;Wales;HD-BRK;Hydraulic Breaker;1;68.21;ACC0091;completed;Y
H108804;27/07/2023;Cardiff Depot;Wales;SC-22;Scissor Lift 22ft;-2;83.65;ACC0039;cancelled;Y
H108805;24/04/2023;Cardiff Depot;Wales;CM-350;Concrete Mixer 350L;2;35.87;ACC0029;completed;Y
H108806;19/06/2024;Norwich Depot;East;CM-350;Concrete Mixer 350L;1;31.87;ACC0056;completed;Y
H108807;06/09/2023;Glasgow Depot;Scotland;HD-BRK;Hydraulic Breaker;1;68.47;ACC0121;completed;Y
H108808;23/01/2024;Glasgow Depot;Scotland;PB-15;Powered Barrow;-3;43.09;;cancelled;Y
H108809;04/12/2023;Cardiff Depot;Wales;HD-BRK;Hydraulic Breaker;1;68.02;ACC0165;completed;Y
H108810;03/10/2023;Norwich Depot;East;CM-350;Concrete Mixer 350L;1;35.93;;completed;Y
H108811;01/05/2024;Cardiff Depot;Wales;HD-BRK;Hydraulic Breaker;1;67.42;ACC0046;completed;Y
H108812;10/05/2023;Bristol Depot;South West;SC-22;Scissor Lift 22ft;1;83.96;ACC0086;completed;Y
H108813;12/05/2023;Cardiff Depot;Wales;TL-01;Telehandler 4m;7;178.04;ACC0031;completed;Y
H108814;17/05/2024;Bristol Depot;South West;CM-350;Concrete Mixer 350L;28;33.9;ACC0148;completed;Y
H108815;14/01/2024;Glasgow Depot;Scotland;TL-01;Telehandler 4m;1;189.45;ACC0200;completed;Y
H108816;09/06/2023;Cardiff Depot;Wales;DM-09;Diesel Dumper 9T;3;149.69;ACC0255;completed;Y
H108817;10/10/2024;Glasgow Depot;Scotland;CM-350;Concrete Mixer 350L;5;31.5;;completed;Y
H108818;24/03/2024;Glasgow Depot;Scotland;PB-15;Powered Barrow;1;43.68;ACC0177;completed;Y
H108819;15/10/2023;Cardiff Depot;Wales;SF-TOW;Site Tower Light;5;51.47;ACC0240;completed;N
H108820;03/12/2024;Cardiff Depot;Wales;WP-02;Water Pump 2in;1;24.1;ACC0217;completed;Y
H108821;20/05/2024;Norwich Depot;East;WP-02;Water Pump 2in;2;21.47;ACC0139;completed;Y
H108822;23/09/2023;Norwich Depot;East;WP-02;Water Pump 2in;1;22.63;;open;Y
H108823;01/09/2023;Bristol Depot;South West;SF-TOW;Site Tower Light;14;50.07;;completed;Y
H108824;22/10/2023;Leeds Depot;North;CM-350;Concrete Mixer 350L;-3;31.55;ACC0153;cancelled;Y
H108825;11/11/2024;Norwich Depot;East;TL-01;Telehandler 4m;7;173.18;;completed;Y
H108826;25/01/2024;Norwich Depot;East;DM-09;Diesel Dumper 9T;2;138.34;ACC0168;completed;Y
H108827;01/11/2024;Glasgow Depot;Scotland;DM-09;Diesel Dumper 9T;1;145.53;ACC0005;completed;Y
H108828;12/09/2023;Leeds Depot;North;GEN-60;60kVA Generator;3;102.58;ACC0171;open;N
H108829;23/08/2023;Glasgow Depot;Scotland;SC-22;Scissor Lift 22ft;28;84.24;ACC0020;completed;Y
H108830;30/07/2023;Cardiff Depot;Wales;DM-09;Diesel Dumper 9T;1;137.71;ACC0247;completed;Y
H108831;18/06/2024;Cardiff Depot;Wales;CM-350;Concrete Mixer 350L;-5;33.58;ACC0008;cancelled;Y
H108832;01/07/2023;Leeds Depot;North;CM-350;Concrete Mixer 350L;1;36.39;ACC0068;completed;Y
H108833;22/08/2023;Bristol Depot;South West;WP-02;Water Pump 2in;1;22.26;ACC0117;completed;Y
H108834;26/05/2023;Cardiff Depot;Wales;TL-01;Telehandler 4m;14;202.44;ACC0225;completed;Y
H108835;07/04/2024;Bristol Depot;South West;CM-350;Concrete Mixer 350L;28;34.4;ACC0072;completed;Y
H108836;30/12/2024;Norwich Depot;East;CM-350;Concrete Mixer 350L;3;32.63;;completed;Y
H108837;28/02/2024;Bristol Depot;South West;CM-350;Concrete Mixer 350L;5;31.77;ACC0159;completed;Y
H108838;23/05/2024;Cardiff Depot;Wales;PB-15;Powered Barrow;2;41.16;ACC0160;completed;Y
H108839;12/06/2023;Glasgow Depot;Scotland;PB-15;Powered Barrow;2;43.17;ACC0186;open;Y
H108840;18/09/2024;Bristol Depot;South West;TL-01;Telehandler 4m;1;197.98;ACC0260;completed;N
H108841;03/08/2024;Bristol Depot;South West;EX-140;13T Excavator;7;332.63;ACC0092;completed;N
H108842;27/09/2024;Bristol Depot;South West;DM-09;Diesel Dumper 9T;2;139.95;ACC0195;completed;Y
H108843;06/09/2024;Norwich Depot;East;TL-01;Telehandler 4m;1;182.68;ACC0108;completed;Y
H108844;28/08/2024;Glasgow Depot;Scotland;TL-01;Telehandler 4m;1;202.29;ACC0069;open;Y
H108845;16/03/2024;Cardiff Depot;Wales;PB-15;Powered Barrow;28;42.5;;completed;Y
H108846;23/03/2024;Norwich Depot;East;WP-02;Water Pump 2in;1;23.69;ACC0061;completed;Y
H108847;19/05/2023;Cardiff Depot;Wales;GEN-60;60kVA Generator;2;100.95;ACC0243;completed;Y
H108848;25/03/2024;Leeds Depot;North;SC-22;Scissor Lift 22ft;2;72.25;ACC0227;completed;Y
H108849;29/05/2023;Norwich Depot;East;TL-01;Telehandler 4m;2;185.91;ACC0040;completed;N
H108850;10/07/2023;Norwich Depot;East;PB-15;Powered Barrow;7;43.03;ACC0019;completed;Y
H108851;11/10/2023;Norwich Depot;East;GEN-60;60kVA Generator;2;98.93;ACC0225;completed;N
H108852;21/10/2023;Bristol Depot;South West;EX-140;13T Excavator;7;297.38;ACC0112;completed;N
H108853;15/08/2023;Leeds Depot;North;SC-22;Scissor Lift 22ft;2;75.13;ACC0134;completed;Y
H108854;25/02/2024;Cardiff Depot;Wales;SF-TOW;Site Tower Light;3;50.12;ACC0194;completed;Y
H108855;20/09/2024;Glasgow Depot;Scotland;PB-15;Powered Barrow;14;41.75;ACC0059;completed;Y
H108856;08/02/2024;Leeds Depot;North;SF-TOW;Site Tower Light;1;50.58;ACC0233;completed;N
H108857;13/11/2023;Leeds Depot;North;PB-15;Powered Barrow;2;43.94;ACC0107;completed;Y
H108858;16/10/2024;Glasgow Depot;Scotland;SF-TOW;Site Tower Light;14;55.63;ACC0135;completed;N
H108859;25/08/2024;Glasgow Depot;Scotland;EX-140;13T Excavator;1;321.79;ACC0069;completed;Y
H108860;30/10/2024;Norwich Depot;East;PB-15;Powered Barrow;2;40.33;ACC0118;open;Y
H108861;19/11/2023;Cardiff Depot;Wales;TL-01;Telehandler 4m;2;200.09;ACC0075;completed;Y
H108862;21/07/2023;Norwich Depot;East;PB-15;Powered Barrow;5;39.68;ACC0052;open;Y
H108863;24/01/2024;Bristol Depot;South West;SF-TOW;Site Tower Light;-1;52.28;ACC0254;cancelled;Y
H108864;01/12/2023;Bristol Depot;South West;SF-TOW;Site Tower Light;2;55.69;ACC0228;completed;Y
H108865;06/06/2023;Norwich Depot;East;GEN-60;60kVA Generator;2;92.38;ACC0097;completed;Y
H108866;20/10/2024;Norwich Depot;East;WP-02;Water Pump 2in;1;21.69;ACC0083;completed;Y
H108867;19/08/2023;Bristol Depot;South West;DM-09;Diesel Dumper 9T;2;141.39;ACC0195;completed;Y
H108868;07/10/2023;Glasgow Depot;Scotland;SF-TOW;Site Tower Light;7;49.03;ACC0062;completed;Y
H108869;31/12/2023;Norwich Depot;East;WP-02;Water Pump 2in;-1;22.64;ACC0144;cancelled;Y
H108870;31/08/2023;Leeds Depot;North;TL-01;Telehandler 4m;1;184.35;ACC0128;completed;Y
H108871;11/12/2024;Bristol Depot;South West;WP-02;Water Pump 2in;7;23.4;ACC0229;completed;Y
H108872;15/03/2024;Glasgow Depot;Scotland;HD-BRK;Hydraulic Breaker;1;64.47;ACC0128;completed;N
H108873;28/02/2024;Norwich Depot;East;CM-350;Concrete Mixer 350L;-28;33.69;ACC0203;cancelled;Y
H108874;12/10/2024;Bristol Depot;South West;DM-09;Diesel Dumper 9T;1;133.73;ACC0040;completed;Y
H108875;11/02/2024;Cardiff Depot;Wales;SC-22;Scissor Lift 22ft;1;78.52;ACC0114;completed;Y
H108876;26/12/2024;Norwich Depot;East;WP-02;Water Pump 2in;1;20.93;ACC0227;completed;Y
H108877;15/07/2024;Norwich Depot;East;SF-TOW;Site Tower Light;1;50.62;ACC0065;completed;Y
H108878;20/05/2024;Cardiff Depot;Wales;SF-TOW;Site Tower Light;5;55.32;ACC0114;completed;N
H108879;21/11/2024;Glasgow Depot;Scotland;SC-22;Scissor Lift 22ft;1;79.41;ACC0007;open;Y
H108880;29/09/2024;Bristol Depot;South West;PB-15;Powered Barrow;2;44.18;ACC0247;completed;Y
H108881;01/12/2023;Leeds Depot;North;PB-15;Powered Barrow;2;38.88;ACC0001;completed;Y
H108882;31/05/2023;Cardiff Depot;Wales;DM-09;Diesel Dumper 9T;1;154.16;ACC0049;completed;Y
H108883;10/12/2024;Leeds Depot;North;WP-02;Water Pump 2in;2;22.92;ACC0013;completed;N
H108884;09/07/2023;Cardiff Depot;Wales;TL-01;Telehandler 4m;1;187.48;ACC0233;completed;Y
H108885;21/11/2023;Cardiff Depot;Wales;WP-02;Water Pump 2in;14;21.48;ACC0025;completed;Y
H108886;14/10/2023;Bristol Depot;South West;WP-02;Water Pump 2in;3;23.35;ACC0080;completed;Y
H108887;13/03/2024;Bristol Depot;South West;WP-02;Water Pump 2in;3;21.82;;completed;Y
H108888;02/08/2023;Bristol Depot;South West;DM-09;Diesel Dumper 9T;5;151.8;ACC0250;completed;N
H108889;02/02/2024;Leeds Depot;North;DM-09;Diesel Dumper 9T;1;136.89;ACC0030;completed;N
H108890;05/12/2024;Leeds Depot;North;SF-TOW;Site Tower Light;1;49.37;ACC0252;completed;Y
H108891;29/08/2023;Glasgow Depot;Scotland;WP-02;Water Pump 2in;7;24.02;ACC0047;completed;Y
H108892;06/09/2024;Leeds Depot;North;DM-09;Diesel Dumper 9T;2;150.19;ACC0029;completed;Y
H108893;09/01/2024;Cardiff Depot;Wales;PB-15;Powered Barrow;2;39.0;;completed;Y
H108894;07/07/2024;Bristol Depot;South West;TL-01;Telehandler 4m;-3;181.0;ACC0118;cancelled;Y
H108895;19/11/2023;Glasgow Depot;Scotland;PB-15;Powered Barrow;5;39.15;ACC0257;open;Y
H108896;06/11/2023;Glasgow Depot;Scotland;SF-TOW;Site Tower Light;1;52.1;;completed;Y
H108897;16/07/2023;Norwich Depot;East;SC-22;Scissor Lift 22ft;1;82.98;ACC0138;completed;Y
H108898;23/11/2023;Norwich Depot;East;HD-BRK;Hydraulic Breaker;14;60.8;ACC0005;completed;N
H108899;11/07/2024;Glasgow Depot;Scotland;CM-350;Concrete Mixer 350L;1;33.9;ACC0119;completed;N
H108900;17/12/2023;Cardiff Depot;Wales;CM-350;Concrete Mixer 350L;3;33.08;ACC0015;completed;Y
H108901;07/10/2024;Norwich Depot;East;HD-BRK;Hydraulic Breaker;1;64.35;ACC0260;completed;Y
H108902;13/08/2024;Cardiff Depot;Wales;WP-02;Water Pump 2in;2;22.27;ACC0093;completed;Y
H108903;05/08/2023;Glasgow Depot;Scotland;SF-TOW;Site Tower Light;-7;55.49;ACC0017;cancelled;N
H108904;01/11/2024;Cardiff Depot;Wales;WP-02;Water Pump 2in;1;22.14;ACC0162;completed;Y
H108905;23/11/2024;Cardiff Depot;Wales;SC-22;Scissor Lift 22ft;14;73.43;ACC0033;completed;N
H108906;06/05/2024;Cardiff Depot;Wales;CM-350;Concrete Mixer 350L;1;32.65;ACC0113;completed;Y
H108907;23/10/2023;Bristol Depot;South West;PB-15;Powered Barrow;1;40.63;ACC0245;completed;Y
H108908;09/03/2024;Bristol Depot;South West;SC-22;Scissor Lift 22ft;1;83.77;ACC0045;completed;N
H108909;14/07/2023;Glasgow Depot;Scotland;SC-22;Scissor Lift 22ft;7;80.78;ACC0256;completed;Y
H108910;28/09/2024;Norwich Depot;East;CM-350;Concrete Mixer 350L;2;31.78;;completed;N
H108911;11/01/2024;Glasgow Depot;Scotland;CM-350;Concrete Mixer 350L;2;33.49;ACC0072;completed;Y
H108912;20/05/2024;Glasgow Depot;Scotland;GEN-60;60kVA Generator;5;94.87;ACC0134;completed;Y
H108913;31/12/2023;Bristol Depot;South West;CM-350;Concrete Mixer 350L;1;34.16;ACC0256;completed;Y
H108914;06/07/2023;Norwich Depot;East;TL-01;Telehandler 4m;2;192.45;ACC0077;completed;Y
H108915;20/08/2023;Bristol Depot;South West;GEN-60;60kVA Generator;1;102.4;;completed;Y
H108916;28/05/2024;Leeds Depot;North;SC-22;Scissor Lift 22ft;7;83.37;ACC0128;completed;Y
H108917;04/07/2023;Bristol Depot;South West;CM-350;Concrete Mixer 350L;3;31.88;ACC0232;completed;Y
H108918;17/04/2024;Leeds Depot;North;SC-22;Scissor Lift 22ft;-1;76.27;ACC0192;cancelled;Y
H108919;24/07/2023;Bristol Depot;South West;PB-15;Powered Barrow;1;38.96;ACC0040;completed;Y
H108920;19/11/2023;Glasgow Depot;Scotland;CM-350;Concrete Mixer 350L;28;35.38;ACC0191;completed;Y
H108921;28/11/2023;Bristol Depot;South West;CM-350;Concrete Mixer 350L;-14;34.66;ACC0139;cancelled;Y
H108922;13/10/2024;Glasgow Depot;Scotland;CM-350;Concrete Mixer 350L;3;35.26;;completed;Y
H108923;20/02/2024;Glasgow Depot;Scotland;PB-15;Powered Barrow;14;37.98;ACC0094;completed;Y
H108924;22/02/2024;Glasgow Depot;Scotland;SF-TOW;Site Tower Light;3;53.71;ACC0173;completed;Y
H108925;30/05/2024;Cardiff Depot;Wales;GEN-60;60kVA Generator;7;97.83;ACC0187;completed;Y
H108926;01/07/2024;Glasgow Depot;Scotland;CM-350;Concrete Mixer 350L;3;35.81;ACC0252;completed;Y
H108927;13/05/2024;Leeds Depot;North;HD-BRK;Hydraulic Breaker;3;60.94;ACC0243;completed;Y
H108928;07/09/2023;Bristol Depot;South West;WP-02;Water Pump 2in;3;23.91;;completed;Y
H108929;08/04/2024;Glasgow Depot;Scotland;SC-22;Scissor Lift 22ft;1;82.24;ACC0051;completed;Y
H108930;26/08/2023;Cardiff Depot;Wales;GEN-60;60kVA Generator;5;101.04;ACC0188;completed;Y
H108931;10/12/2024;Bristol Depot;South West;EX-140;13T Excavator;1;293.74;ACC0055;completed;N
H108932;27/09/2023;Bristol Depot;South West;CM-350;Concrete Mixer 350L;3;32.86;ACC0099;completed;Y
H108933;07/08/2023;Glasgow Depot;Scotland;GEN-60;60kVA Generator;5;96.56;ACC0250;completed;N
H108934;28/05/2024;Cardiff Depot;Wales;TL-01;Telehandler 4m;2;200.93;ACC0158;completed;N
H108935;25/01/2024;Leeds Depot;North;SF-TOW;Site Tower Light;1;49.5;ACC0023;completed;Y
H108936;25/04/2024;Norwich Depot;East;TL-01;Telehandler 4m;-2;173.01;ACC0052;cancelled;Y
H108937;18/04/2024;Glasgow Depot;Scotland;CM-350;Concrete Mixer 350L;28;36.21;;completed;Y
H108938;17/12/2023;Leeds Depot;North;CM-350;Concrete Mixer 350L;3;35.23;ACC0147;completed;Y
H108939;21/10/2023;Leeds Depot;North;DM-09;Diesel Dumper 9T;2;136.83;ACC0135;completed;Y
H108940;30/11/2024;Cardiff Depot;Wales;WP-02;Water Pump 2in;2;22.5;;completed;Y
H108941;05/11/2023;Bristol Depot;South West;CM-350;Concrete Mixer 350L;28;36.09;ACC0082;completed;Y
H108942;04/08/2024;Glasgow Depot;Scotland;EX-140;13T Excavator;-2;326.53;ACC0058;cancelled;Y
H108943;07/11/2023;Leeds Depot;North;CM-350;Concrete Mixer 350L;7;33.81;ACC0009;completed;N
H108944;09/02/2024;Leeds Depot;North;SF-TOW;Site Tower Light;3;51.9;ACC0186;completed;Y
H108945;07/06/2023;Leeds Depot;North;DM-09;Diesel Dumper 9T;28;136.46;ACC0056;completed;Y
H108946;03/12/2024;Cardiff Depot;Wales;EX-140;13T Excavator;5;285.69;;completed;Y
H108947;16/05/2024;Leeds Depot;North;SC-22;Scissor Lift 22ft;1;72.92;ACC0033;completed;Y
H108948;09/05/2023;Norwich Depot;East;TL-01;Telehandler 4m;-5;188.65;ACC0249;cancelled;N
H108949;15/03/2024;Glasgow Depot;Scotland;DM-09;Diesel Dumper 9T;3;144.5;ACC0096;completed;Y
H108950;08/01/2024;Bristol Depot;South West;WP-02;Water Pump 2in;1;23.66;ACC0257;completed;Y
H108951;29/10/2024;Norwich Depot;East;EX-140;13T Excavator;1;287.91;;completed;Y
H108952;19/06/2024;Bristol Depot;South West;GEN-60;60kVA Generator;14;89.08;ACC0017;completed;Y
H108953;21/02/2024;Cardiff Depot;Wales;DM-09;Diesel Dumper 9T;7;144.37;ACC0138;completed;Y
H108954;18/04/2023;Glasgow Depot;Scotland;SC-22;Scissor Lift 22ft;-1;82.34;;cancelled;Y
H108955;08/11/2023;Cardiff Depot;Wales;EX-140;13T Excavator;3;319.31;;completed;N
H108956;22/06/2024;Cardiff Depot;Wales;DM-09;Diesel Dumper 9T;7;135.91;ACC0094;completed;N
H108957;28/12/2024;Bristol Depot;South West;CM-350;Concrete Mixer 350L;2;31.69;ACC0025;completed;Y
H108958;14/06/2024;Glasgow Depot;Scotland;SC-22;Scissor Lift 22ft;7;79.41;ACC0163;completed;N
H108959;23/09/2023;Norwich Depot;East;SF-TOW;Site Tower Light;1;54.1;;completed;N
H108960;13/07/2023;Cardiff Depot;Wales;CM-350;Concrete Mixer 350L;-14;31.86;ACC0003;cancelled;Y
H108961;07/07/2023;Leeds Depot;North;HD-BRK;Hydraulic Breaker;2;67.64;ACC0131;completed;Y
H108962;09/05/2024;Norwich Depot;East;WP-02;Water Pump 2in;1;21.04;ACC0221;completed;Y
H108963;07/04/2024;Glasgow Depot;Scotland;SF-TOW;Site Tower Light;5;52.28;ACC0012;completed;N
H108964;24/09/2024;Glasgow Depot;Scotland;WP-02;Water Pump 2in;5;23.21;ACC0053;completed;Y
H108965;31/05/2023;Glasgow Depot;Scotland;GEN-60;60kVA Generator;3;100.7;ACC0064;completed;Y
H108966;26/08/2023;Glasgow Depot;Scotland;SC-22;Scissor Lift 22ft;28;80.22;;completed;Y
H108967;21/04/2023;Glasgow Depot;Scotland;CM-350;Concrete Mixer 350L;-28;32.15;ACC0218;cancelled;Y
H108968;28/11/2023;Cardiff Depot;Wales;DM-09;Diesel Dumper 9T;5;138.12;ACC0013;completed;Y
H108969;14/11/2024;Glasgow Depot;Scotland;SC-22;Scissor Lift 22ft;14;82.71;ACC0048;completed;Y
H108970;17/10/2023;Cardiff Depot;Wales;CM-350;Concrete Mixer 350L;14;35.13;ACC0230;completed;Y
H108971;24/08/2024;Leeds Depot;North;CM-350;Concrete Mixer 350L;-1;34.31;;cancelled;N
H108972;23/05/2023;Bristol Depot;South West;SC-22;Scissor Lift 22ft;2;80.05;ACC0124;completed;Y
H108973;06/04/2024;Norwich Depot;East;GEN-60;60kVA Generator;2;99.85;ACC0192;open;Y
H108974;14/10/2023;Cardiff Depot;Wales;SC-22;Scissor Lift 22ft;1;75.93;ACC0086;completed;Y
H108975;31/12/2024;Bristol Depot;South West;WP-02;Water Pump 2in;1;21.08;ACC0054;completed;Y
H108976;26/08/2023;Cardiff Depot;Wales;DM-09;Diesel Dumper 9T;1;137.97;ACC0142;open;Y
H108977;04/07/2024;Norwich Depot;East;CM-350;Concrete Mixer 350L;2;32.55;ACC0214;completed;Y
H108978;06/03/2024;Bristol Depot;South West;WP-02;Water Pump 2in;1;24.13;ACC0059;completed;Y
H108979;11/09/2023;Glasgow Depot;Scotland;GEN-60;60kVA Generator;1;89.54;ACC0012;completed;Y
H108980;30/09/2023;Bristol Depot;South West;CM-350;Concrete Mixer 350L;2;33.38;ACC0039;completed;Y
H108981;19/12/2023;Glasgow Depot;Scotland;PB-15;Powered Barrow;28;41.46;;completed;Y
H108982;15/06/2023;Bristol Depot;South West;SC-22;Scissor Lift 22ft;1;76.42;ACC0196;completed;Y
H108983;27/04/2024;Leeds Depot;North;EX-140;13T Excavator;5;325.41;ACC0255;completed;Y
H108984;06/12/2023;Leeds Depot;North;PB-15;Powered Barrow;1;38.17;ACC0189;completed;N
H108985;13/09/2024;Bristol Depot;South West;GEN-60;60kVA Generator;2;99.9;ACC0027;completed;Y
H108986;27/03/2024;Norwich Depot;East;WP-02;Water Pump 2in;1;24.1;ACC0070;completed;Y
H108987;15/09/2024;Leeds Depot;North;GEN-60;60kVA Generator;28;98.16;ACC0109;completed;Y
H108988;23/02/2024;Norwich Depot;East;WP-02;Water Pump 2in;3;20.82;ACC0021;completed;Y
H108989;07/12/2024;Bristol Depot;South West;DM-09;Diesel Dumper 9T;1;139.67;ACC0186;completed;Y
H108990;11/04/2024;Leeds Depot;North;GEN-60;60kVA Generator;3;97.81;ACC0035;completed;Y
H108991;07/01/2024;Norwich Depot;East;CM-350;Concrete Mixer 350L;3;32.07;ACC0049;completed;Y
H108992;08/10/2023;Leeds Depot;North;SC-22;Scissor Lift 22ft;14;79.8;ACC0172;completed;Y
H108993;01/04/2023;Leeds Depot;North;WP-02;Water Pump 2in;2;21.16;ACC0237;completed;N
H108994;30/12/2024;Norwich Depot;East;TL-01;Telehandler 4m;7;178.72;ACC0169;completed;Y
H108995;27/04/2023;Bristol Depot;South West;CM-350;Concrete Mixer 350L;3;36.12;;completed;Y
H108996;27/02/2024;Glasgow Depot;Scotland;DM-09;Diesel Dumper 9T;2;143.04;ACC0167;completed;Y
H108997;05/10/2024;Norwich Depot;East;WP-02;Water Pump 2in;7;21.36;ACC0094;completed;Y
H108998;15/09/2023;Norwich Depot;East;GEN-60;60kVA Generator;1;100.69;ACC0179;completed;N
H108999;24/04/2023;Cardiff Depot;Wales;WP-02;Water Pump 2in;3;22.59;ACC0067;completed;Y
H109000;20/02/2024;Norwich Depot;East;DM-09;Diesel Dumper 9T;5;144.2;ACC0120;completed;Y
H109001;06/09/2023;Leeds Depot;North;CM-350;Concrete Mixer 350L;1;33.19;ACC0004;completed;Y
H109002;29/02/2024;Bristol Depot;South West;SF-TOW;Site Tower Light;1;54.63;ACC0118;completed;Y
H109003;07/10/2024;Bristol Depot;South West;WP-02;Water Pump 2in;28;22.07;ACC0125;completed;Y
H109004;12/10/2023;Glasgow Depot;Scotland;CM-350;Concrete Mixer 350L;2;36.12;ACC0101;completed;Y
H109005;18/04/2023;Norwich Depot;East;SF-TOW;Site Tower Light;1;55.7;ACC0156;completed;N
H109006;09/03/2024;Norwich Depot;East;CM-350;Concrete Mixer 350L;3;33.29;ACC0139;completed;Y
H109007;11/07/2023;Cardiff Depot;Wales;SF-TOW;Site Tower Light;-3;53.1;ACC0043;cancelled;Y
H109008;17/01/2024;Glasgow Depot;Scotland;WP-02;Water Pump 2in;1;22.54;ACC0216;completed;Y
H109009;18/03/2024;Cardiff Depot;Wales;EX-140;13T Excavator;5;298.74;ACC0161;completed;Y
H109010;22/04/2024;Norwich Depot;East;CM-350;Concrete Mixer 350L;28;35.75;ACC0063;completed;Y
H109011;03/11/2024;Bristol Depot;South West;TL-01;Telehandler 4m;1;182.13;ACC0226;open;Y
H109012;22/12/2024;Leeds Depot;North;HD-BRK;Hydraulic Breaker;2;59.62;ACC0116;completed;Y
H109013;24/05/2023;Glasgow Depot;Scotland;TL-01;Telehandler 4m;14;173.31;ACC0063;completed;N
H109014;03/07/2023;Cardiff Depot;Wales;SC-22;Scissor Lift 22ft;1;79.64;ACC0260;completed;N
H109015;11/02/2024;Bristol Depot;South West;SC-22;Scissor Lift 22ft;-14;82.02;ACC0054;cancelled;Y
H109016;23/05/2023;Glasgow Depot;Scotland;SC-22;Scissor Lift 22ft;28;79.36;ACC0240;completed;Y
H109017;11/08/2024;Glasgow Depot;Scotland;WP-02;Water Pump 2in;5;21.88;ACC0067;completed;Y
H109018;29/07/2023;Leeds Depot;North;SC-22;Scissor Lift 22ft;2;72.69;ACC0002;completed;Y
H109019;16/10/2023;Norwich Depot;East;WP-02;Water Pump 2in;2;21.22;ACC0048;completed;Y
H109020;31/12/2024;Norwich Depot;East;CM-350;Concrete Mixer 350L;14;35.39;ACC0037;completed;Y
H109021;16/06/2023;Bristol Depot;South West;WP-02;Water Pump 2in;2;21.53;ACC0159;completed;Y
H109022;26/08/2024;Leeds Depot;North;SF-TOW;Site Tower Light;2;48.13;ACC0097;completed;Y
H109023;31/10/2023;Norwich Depot;East;GEN-60;60kVA Generator;1;92.73;ACC0235;completed;Y
H109024;01/09/2024;Norwich Depot;East;CM-350;Concrete Mixer 350L;2;36.64;ACC0151;completed;Y
H109025;25/03/2024;Cardiff Depot;Wales;WP-02;Water Pump 2in;1;24.29;ACC0105;completed;Y
H109026;07/08/2024;Bristol Depot;South West;GEN-60;60kVA Generator;5;101.47;ACC0153;completed;Y
H109027;16/12/2024;Leeds Depot;North;WP-02;Water Pump 2in;2;23.4;ACC0211;completed;Y
H109028;13/11/2023;Norwich Depot;East;SF-TOW;Site Tower Light;7;54.72;ACC0139;completed;Y
H109029;26/04/2023;Cardiff Depot;Wales;SC-22;Scissor Lift 22ft;3;79.41;ACC0117;completed;N
H109030;15/11/2023;Cardiff Depot;Wales;GEN-60;60kVA Generator;-3;100.74;ACC0196;cancelled;Y
H109031;10/03/2024;Bristol Depot;South West;SF-TOW;Site Tower Light;2;53.11;ACC0175;completed;N
H109032;16/02/2024;Leeds Depot;North;HD-BRK;Hydraulic Breaker;7;67.02;ACC0017;completed;Y
H109033;06/05/2024;Glasgow Depot;Scotland;WP-02;Water Pump 2in;2;23.82;ACC0116;completed;Y
H109034;17/08/2024;Cardiff Depot;Wales;WP-02;Water Pump 2in;1;21.96;ACC0032;completed;Y
H109035;09/03/2024;Glasgow Depot;Scotland;HD-BRK;Hydraulic Breaker;3;65.24;ACC0135;completed;Y
H109036;09/12/2024;Norwich Depot;East;HD-BRK;Hydraulic Breaker;2;63.61;ACC0046;open;Y
H109037;15/07/2023;Leeds Depot;North;PB-15;Powered Barrow;3;39.31;ACC0118;completed;Y
H109038;19/06/2023;Leeds Depot;North;WP-02;Water Pump 2in;3;24.16;ACC0084;open;Y
H109039;14/01/2024;Leeds Depot;North;PB-15;Powered Barrow;2;38.65;ACC0162;open;Y
H109040;06/12/2024;Cardiff Depot;Wales;PB-15;Powered Barrow;-5;42.14;ACC0096;cancelled;Y
H109041;14/03/2024;Cardiff Depot;Wales;PB-15;Powered Barrow;3;38.39;ACC0009;completed;N
H109042;12/02/2024;Cardiff Depot;Wales;PB-15;Powered Barrow;2;40.81;ACC0252;completed;Y
H109043;19/07/2024;Glasgow Depot;Scotland;PB-15;Powered Barrow;2;40.39;ACC0009;open;Y
H109044;06/09/2024;Glasgow Depot;Scotland;HD-BRK;Hydraulic Breaker;-1;64.78;;cancelled;Y
H109045;19/06/2023;Cardiff Depot;Wales;SF-TOW;Site Tower Light;1;55.78;ACC0130;completed;Y
H109046;25/03/2024;Glasgow Depot;Scotland;TL-01;Telehandler 4m;2;178.76;ACC0191;completed;N
H109047;27/07/2024;Glasgow Depot;Scotland;CM-350;Concrete Mixer 350L;2;33.19;ACC0019;completed;Y
H109048;06/01/2024;Cardiff Depot;Wales;SF-TOW;Site Tower Light;1;53.8;ACC0143;completed;Y
H109049;01/04/2023;Leeds Depot;North;SF-TOW;Site Tower Light;28;48.9;ACC0189;completed;Y
H109050;17/10/2023;Cardiff Depot;Wales;HD-BRK;Hydraulic Breaker;14;62.05;ACC0240;completed;Y
H109051;14/10/2023;Leeds Depot;North;CM-350;Concrete Mixer 350L;2;32.69;ACC0026;completed;Y
H109052;15/07/2024;Glasgow Depot;Scotland;CM-350;Concrete Mixer 350L;1;32.81;ACC0176;completed;Y
H109053;06/06/2023;Cardiff Depot;Wales;CM-350;Concrete Mixer 350L;3;36.14;;completed;Y
H109054;30/10/2023;Norwich Depot;East;WP-02;Water Pump 2in;1;21.0;ACC0250;completed;Y
H109055;26/03/2024;Bristol Depot;South West;DM-09;Diesel Dumper 9T;3;139.11;ACC0119;completed;Y
H109056;26/08/2024;Glasgow Depot;Scotland;WP-02;Water Pump 2in;1;22.7;ACC0142;completed;Y
H109057;05/02/2024;Leeds Depot;North;TL-01;Telehandler 4m;1;188.75;ACC0164;completed;Y
H109058;22/06/2024;Norwich Depot;East;DM-09;Diesel Dumper 9T;3;143.94;ACC0089;completed;N
H109059;23/04/2023;Leeds Depot;North;WP-02;Water Pump 2in;-7;21.73;ACC0246;cancelled;N
H109060;07/07/2024;Bristol Depot;South West;CM-350;Concrete Mixer 350L;7;33.69;ACC0188;completed;Y
H109061;15/09/2023;Bristol Depot;South West;PB-15;Powered Barrow;5;40.08;ACC0257;completed;Y
H109062;01/12/2024;Norwich Depot;East;GEN-60;60kVA Generator;3;100.64;ACC0233;completed;Y
H109063;29/03/2024;Bristol Depot;South West;WP-02;Water Pump 2in;3;23.79;ACC0212;completed;Y
H109064;10/02/2024;Glasgow Depot;Scotland;WP-02;Water Pump 2in;2;23.96;ACC0221;completed;Y
H109065;29/04/2024;Cardiff Depot;Wales;GEN-60;60kVA Generator;14;94.58;ACC0147;completed;Y
H109066;13/05/2024;Norwich Depot;East;TL-01;Telehandler 4m;2;190.33;;completed;Y
H109067;05/12/2024;Bristol Depot;South West;TL-01;Telehandler 4m;3;196.57;;completed;Y
H109068;12/09/2024;Norwich Depot;East;WP-02;Water Pump 2in;1;23.2;ACC0171;completed;Y
H109069;26/08/2023;Bristol Depot;South West;TL-01;Telehandler 4m;1;190.56;ACC0120;completed;Y
H109070;01/07/2024;Glasgow Depot;Scotland;TL-01;Telehandler 4m;5;192.94;ACC0036;completed;Y
H109071;17/10/2024;Bristol Depot;South West;DM-09;Diesel Dumper 9T;2;145.1;ACC0116;completed;Y
H109072;16/10/2024;Glasgow Depot;Scotland;SF-TOW;Site Tower Light;28;55.85;ACC0245;completed;Y
H109073;16/07/2024;Leeds Depot;North;SC-22;Scissor Lift 22ft;1;80.19;ACC0105;completed;Y
H109074;09/01/2024;Glasgow Depot;Scotland;HD-BRK;Hydraulic Breaker;7;63.19;ACC0194;completed;Y
H109075;22/04/2024;Bristol Depot;South West;WP-02;Water Pump 2in;2;22.71;ACC0083;completed;Y
H109076;05/09/2023;Glasgow Depot;Scotland;GEN-60;60kVA Generator;2;99.17;ACC0130;open;N
H109077;13/01/2024;Bristol Depot;South West;SF-TOW;Site Tower Light;-3;55.21;ACC0051;cancelled;N
H109078;03/07/2023;Glasgow Depot;Scotland;GEN-60;60kVA Generator;1;92.4;ACC0155;completed;Y
H109079;07/09/2024;Glasgow Depot;Scotland;PB-15;Powered Barrow;1;42.93;ACC0030;completed;Y
H109080;11/06/2024;Norwich Depot;East;WP-02;Water Pump 2in;7;21.41;ACC0155;completed;Y
H109081;31/05/2023;Bristol Depot;South West;PB-15;Powered Barrow;-3;44.04;ACC0115;cancelled;N
H109082;01/12/2023;Norwich Depot;East;DM-09;Diesel Dumper 9T;1;135.22;ACC0121;completed;Y
H109083;19/04/2023;Cardiff Depot;Wales;EX-140;13T Excavator;3;295.02;ACC0002;completed;Y
H109084;03/02/2024;Bristol Depot;South West;PB-15;Powered Barrow;-3;41.53;ACC0149;cancelled;Y
H109085;06/11/2024;Glasgow Depot;Scotland;TL-01;Telehandler 4m;1;184.91;;completed;Y
H109086;24/05/2023;Glasgow Depot;Scotland;SF-TOW;Site Tower Light;3;48.01;ACC0176;completed;Y
H109087;03/12/2024;Bristol Depot;South West;TL-01;Telehandler 4m;1;183.23;ACC0145;completed;Y
H109088;27/08/2024;Cardiff Depot;Wales;CM-350;Concrete Mixer 350L;3;34.35;ACC0178;completed;Y
H109089;15/07/2024;Leeds Depot;North;SC-22;Scissor Lift 22ft;1;84.34;ACC0255;completed;N
H109090;31/05/2024;Norwich Depot;East;PB-15;Powered Barrow;3;42.11;ACC0220;completed;Y
H109091;10/12/2023;Bristol Depot;South West;EX-140;13T Excavator;1;286.06;;completed;Y
H109092;25/06/2023;Glasgow Depot;Scotland;TL-01;Telehandler 4m;28;189.44;ACC0077;completed;Y
H109093;19/02/2024;Leeds Depot;North;TL-01;Telehandler 4m;2;200.99;ACC0076;completed;Y
H109094;03/08/2024;Leeds Depot;North;HD-BRK;Hydraulic Breaker;7;67.62;ACC0066;completed;Y
H109095;18/11/2024;Cardiff Depot;Wales;DM-09;Diesel Dumper 9T;2;150.64;ACC0094;completed;Y
H109096;19/05/2023;Norwich Depot;East;DM-09;Diesel Dumper 9T;1;140.62;;completed;Y
H109097;28/06/2024;Cardiff Depot;Wales;PB-15;Powered Barrow;2;37.94;ACC0248;completed;Y
H109098;25/07/2023;Cardiff Depot;Wales;PB-15;Powered Barrow;14;42.38;ACC0040;completed;Y
H109099;16/11/2023;Glasgow Depot;Scotland;GEN-60;60kVA Generator;14;102.98;ACC0001;completed;Y
H109100;26/09/2023;Cardiff Depot;Wales;PB-15;Powered Barrow;3;44.11;ACC0235;completed;Y
H109101;27/12/2023;Leeds Depot;North;DM-09;Diesel Dumper 9T;5;143.63;ACC0205;completed;Y
H109102;23/01/2024;Cardiff Depot;Wales;SC-22;Scissor Lift 22ft;1;77.76;ACC0130;completed;Y
H109103;29/10/2023;Norwich Depot;East;EX-140;13T Excavator;1;320.12;ACC0119;completed;Y
H109104;12/04/2024;Cardiff Depot;Wales;HD-BRK;Hydraulic Breaker;14;62.77;ACC0184;completed;Y
H109105;12/05/2024;Bristol Depot;South West;TL-01;Telehandler 4m;1;183.48;ACC0252;completed;Y
H109106;29/08/2023;Norwich Depot;East;PB-15;Powered Barrow;3;40.86;ACC0102;completed;Y
H109107;29/09/2024;Leeds Depot;North;GEN-60;60kVA Generator;2;99.93;ACC0076;completed;Y
H109108;23/02/2024;Norwich Depot;East;HD-BRK;Hydraulic Breaker;3;62.32;ACC0056;completed;Y
H109109;13/11/2023;Cardiff Depot;Wales;DM-09;Diesel Dumper 9T;28;144.75;ACC0234;completed;N
H109110;16/07/2024;Leeds Depot;North;DM-09;Diesel Dumper 9T;5;142.89;ACC0149;completed;Y
H109111;20/09/2023;Norwich Depot;East;GEN-60;60kVA Generator;3;91.11;ACC0051;completed;Y
H109112;06/04/2023;Norwich Depot;East;GEN-60;60kVA Generator;1;90.91;ACC0112;completed;N
H109113;06/09/2024;Cardiff Depot;Wales;SF-TOW;Site Tower Light;3;48.2;ACC0186;completed;Y
H109114;17/10/2023;Glasgow Depot;Scotland;CM-350;Concrete Mixer 350L;28;35.9;ACC0253;completed;N
H109115;02/08/2024;Bristol Depot;South West;PB-15;Powered Barrow;7;43.72;ACC0008;completed;Y
H109116;16/10/2023;Bristol Depot;South West;PB-15;Powered Barrow;1;44.26;ACC0133;completed;Y
H109117;29/07/2024;Leeds Depot;North;DM-09;Diesel Dumper 9T;1;155.32;ACC0167;completed;Y
H109118;15/11/2024;Leeds Depot;North;TL-01;Telehandler 4m;1;185.98;ACC0022;completed;Y
H109119;04/11/2024;Norwich Depot;East;GEN-60;60kVA Generator;1;99.83;ACC0159;completed;Y
H109120;13/08/2023;Glasgow Depot;Scotland;SC-22;Scissor Lift 22ft;28;79.62;ACC0201;completed;Y
H109121;02/07/2024;Bristol Depot;South West;SC-22;Scissor Lift 22ft;-1;73.77;;cancelled;N
H109122;20/08/2024;Norwich Depot;East;GEN-60;60kVA Generator;2;91.27;ACC0189;completed;Y
H109123;24/10/2023;Bristol Depot;South West;WP-02;Water Pump 2in;28;23.54;ACC0050;completed;Y
H109124;12/11/2023;Bristol Depot;South West;SC-22;Scissor Lift 22ft;1;78.01;ACC0009;completed;N
H109125;07/08/2024;Bristol Depot;South West;CM-350;Concrete Mixer 350L;7;31.67;ACC0129;completed;Y
H109126;17/12/2024;Glasgow Depot;Scotland;CM-350;Concrete Mixer 350L;1;34.9;ACC0056;completed;Y
H109127;29/08/2024;Cardiff Depot;Wales;WP-02;Water Pump 2in;2;22.12;ACC0128;completed;Y
H109128;21/11/2023;Cardiff Depot;Wales;PB-15;Powered Barrow;1;43.27;ACC0186;completed;Y
H109129;23/06/2023;Glasgow Depot;Scotland;DM-09;Diesel Dumper 9T;1;140.83;;completed;Y
H109130;11/09/2024;Leeds Depot;North;SC-22;Scissor Lift 22ft;2;80.26;ACC0249;completed;Y
H109131;27/05/2024;Cardiff Depot;Wales;WP-02;Water Pump 2in;3;21.12;ACC0208;completed;N
H109132;14/09/2023;Glasgow Depot;Scotland;PB-15;Powered Barrow;5;44.25;ACC0029;completed;Y
H109133;29/06/2024;Cardiff Depot;Wales;EX-140;13T Excavator;1;312.65;;completed;Y
H109134;24/08/2024;Glasgow Depot;Scotland;WP-02;Water Pump 2in;1;23.24;ACC0116;completed;Y
H109135;10/07/2023;Cardiff Depot;Wales;SF-TOW;Site Tower Light;1;55.18;ACC0065;completed;Y
H109136;01/05/2023;Norwich Depot;East;DM-09;Diesel Dumper 9T;7;140.93;ACC0103;completed;N
H109137;19/02/2024;Glasgow Depot;Scotland;WP-02;Water Pump 2in;14;21.68;ACC0149;completed;Y
H109138;05/06/2024;Glasgow Depot;Scotland;SC-22;Scissor Lift 22ft;2;72.99;ACC0108;completed;N
H109139;04/05/2024;Norwich Depot;East;PB-15;Powered Barrow;1;42.83;ACC0011;completed;Y
H109140;08/11/2023;Bristol Depot;South West;PB-15;Powered Barrow;-1;43.13;ACC0088;cancelled;Y
H109141;09/08/2024;Bristol Depot;South West;SC-22;Scissor Lift 22ft;-2;84.42;;cancelled;N
H109142;04/07/2023;Cardiff Depot;Wales;PB-15;Powered Barrow;-2;38.72;;cancelled;Y
H109143;12/08/2024;Cardiff Depot;Wales;SC-22;Scissor Lift 22ft;3;82.07;ACC0059;completed;Y
H109144;07/09/2023;Cardiff Depot;Wales;SC-22;Scissor Lift 22ft;2;78.44;ACC0155;completed;Y
H109145;28/10/2024;Bristol Depot;South West;TL-01;Telehandler 4m;2;198.19;ACC0028;completed;Y
H109146;30/10/2024;Leeds Depot;North;SC-22;Scissor Lift 22ft;7;74.62;ACC0192;completed;N
H109147;13/01/2024;Cardiff Depot;Wales;TL-01;Telehandler 4m;7;174.76;ACC0155;completed;Y
H109148;23/11/2024;Cardiff Depot;Wales;TL-01;Telehandler 4m;1;185.57;ACC0083;completed;Y
H109149;08/11/2024;Bristol Depot;South West;CM-350;Concrete Mixer 350L;2;33.13;ACC0144;completed;Y
H109150;27/12/2023;Leeds Depot;North;DM-09;Diesel Dumper 9T;3;150.1;ACC0234;completed;Y
H109151;25/04/2023;Glasgow Depot;Scotland;DM-09;Diesel Dumper 9T;5;141.5;ACC0186;completed;Y
H109152;16/06/2024;Bristol Depot;South West;WP-02;Water Pump 2in;1;23.61;ACC0005;completed;Y
H109153;11/12/2024;Cardiff Depot;Wales;WP-02;Water Pump 2in;3;20.94;ACC0151;completed;N
H109154;13/11/2023;Glasgow Depot;Scotland;SC-22;Scissor Lift 22ft;3;81.46;ACC0088;completed;Y
H109155;04/10/2023;Glasgow Depot;Scotland;TL-01;Telehandler 4m;1;193.31;ACC0047;completed;N
H109156;14/05/2024;Glasgow Depot;Scotland;SF-TOW;Site Tower Light;14;51.7;ACC0016;completed;N
H109157;28/10/2024;Bristol Depot;South West;GEN-60;60kVA Generator;7;98.23;ACC0141;completed;N
H109158;26/08/2023;Glasgow Depot;Scotland;GEN-60;60kVA Generator;1;92.34;ACC0072;completed;Y
H109159;05/10/2023;Leeds Depot;North;HD-BRK;Hydraulic Breaker;7;60.2;ACC0077;completed;Y
H109160;26/06/2023;Norwich Depot;East;TL-01;Telehandler 4m;2;198.15;ACC0119;completed;N
H109161;15/11/2024;Glasgow Depot;Scotland;SC-22;Scissor Lift 22ft;28;80.93;ACC0176;completed;Y
H109162;11/09/2023;Cardiff Depot;Wales;GEN-60;60kVA Generator;2;93.7;ACC0185;completed;N
H109163;29/04/2023;Norwich Depot;East;EX-140;13T Excavator;7;296.65;ACC0022;completed;Y
H109164;24/11/2024;Leeds Depot;North;TL-01;Telehandler 4m;5;201.3;ACC0017;completed;Y
H109165;24/08/2024;Glasgow Depot;Scotland;DM-09;Diesel Dumper 9T;1;135.7;ACC0151;open;Y
H109166;10/11/2023;Bristol Depot;South West;GEN-60;60kVA Generator;2;99.22;ACC0143;completed;Y
H109167;17/05/2023;Norwich Depot;East;SC-22;Scissor Lift 22ft;1;73.7;ACC0163;completed;Y
H109168;04/08/2024;Leeds Depot;North;GEN-60;60kVA Generator;7;99.79;ACC0180;completed;Y
H109169;05/07/2024;Cardiff Depot;Wales;SF-TOW;Site Tower Light;2;52.87;;completed;Y
H109170;19/05/2023;Glasgow Depot;Scotland;PB-15;Powered Barrow;7;39.01;ACC0072;completed;N
H109171;05/10/2024;Bristol Depot;South West;GEN-60;60kVA Generator;28;91.95;ACC0230;completed;Y
H109172;20/07/2023;Leeds Depot;North;SC-22;Scissor Lift 22ft;3;81.07;ACC0030;completed;Y
H109173;30/06/2023;Leeds Depot;North;CM-350;Concrete Mixer 350L;2;34.4;ACC0022;completed;N
H109174;12/02/2024;Cardiff Depot;Wales;DM-09;Diesel Dumper 9T;-3;156.37;ACC0115;cancelled;Y
H109175;21/08/2023;Norwich Depot;East;SF-TOW;Site Tower Light;-3;53.35;ACC0097;cancelled;Y
H109176;02/11/2024;Leeds Depot;North;WP-02;Water Pump 2in;-7;20.96;ACC0051;cancelled;Y
H109177;04/11/2024;Glasgow Depot;Scotland;PB-15;Powered Barrow;1;39.44;;completed;Y
H109178;01/04/2024;Glasgow Depot;Scotland;GEN-60;60kVA Generator;3;89.79;ACC0225;completed;Y
H109179;19/10/2023;Bristol Depot;South West;GEN-60;60kVA Generator;2;93.61;ACC0095;completed;N
H109180;12/09/2023;Glasgow Depot;Scotland;SC-22;Scissor Lift 22ft;14;77.24;ACC0108;completed;N
H109181;14/05/2023;Norwich Depot;East;GEN-60;60kVA Generator;2;99.78;ACC0029;completed;Y
H109182;01/10/2024;Bristol Depot;South West;WP-02;Water Pump 2in;7;22.06;ACC0128;completed;Y
H109183;16/11/2023;Bristol Depot;South West;CM-350;Concrete Mixer 350L;1;34.94;ACC0017;completed;Y
H109184;09/05/2023;Norwich Depot;East;SF-TOW;Site Tower Light;5;50.68;ACC0199;completed;N
H109185;26/12/2024;Bristol Depot;South West;CM-350;Concrete Mixer 350L;1;35.64;ACC0049;completed;Y
H109186;04/05/2024;Glasgow Depot;Scotland;TL-01;Telehandler 4m;-3;173.64;ACC0007;cancelled;N
H109187;16/06/2023;Leeds Depot;North;SF-TOW;Site Tower Light;-3;49.08;ACC0240;cancelled;Y
H109188;04/05/2023;Leeds Depot;North;PB-15;Powered Barrow;-3;43.49;ACC0111;cancelled;Y
H109189;26/06/2023;Glasgow Depot;Scotland;TL-01;Telehandler 4m;3;177.72;;completed;Y
H109190;20/04/2024;Bristol Depot;South West;TL-01;Telehandler 4m;5;175.12;;completed;Y
H109191;07/12/2023;Bristol Depot;South West;SC-22;Scissor Lift 22ft;7;83.95;ACC0070;completed;Y
H109192;07/09/2024;Leeds Depot;North;WP-02;Water Pump 2in;1;23.83;ACC0173;completed;Y
H109193;12/12/2023;Cardiff Depot;Wales;CM-350;Concrete Mixer 350L;7;33.56;ACC0161;completed;Y
H109194;07/08/2023;Glasgow Depot;Scotland;WP-02;Water Pump 2in;2;22.65;ACC0244;completed;Y
H109195;09/10/2024;Leeds Depot;North;TL-01;Telehandler 4m;1;193.31;ACC0226;completed;N
H109196;12/10/2024;Bristol Depot;South West;WP-02;Water Pump 2in;5;21.25;ACC0002;completed;Y
H109197;18/07/2023;Glasgow Depot;Scotland;CM-350;Concrete Mixer 350L;-2;32.28;ACC0223;cancelled;Y
H109198;23/02/2024;Leeds Depot;North;HD-BRK;Hydraulic Breaker;1;66.49;ACC0134;completed;Y
H109199;26/09/2023;Cardiff Depot;Wales;GEN-60;60kVA Generator;1;93.24;ACC0145;completed;Y
H109200;24/07/2023;Glasgow Depot;Scotland;HD-BRK;Hydraulic Breaker;5;64.37;ACC0214;completed;Y
H109201;27/11/2023;Norwich Depot;East;TL-01;Telehandler 4m;1;202.92;ACC0221;completed;Y
H109202;21/10/2023;Leeds Depot;North;DM-09;Diesel Dumper 9T;2;156.59;ACC0076;completed;Y
H109203;29/05/2023;Bristol Depot;South West;GEN-60;60kVA Generator;2;94.78;ACC0164;completed;Y
H109204;24/01/2024;Leeds Depot;North;WP-02;Water Pump 2in;5;23.01;ACC0059;completed;Y
H109205;29/05/2023;Glasgow Depot;Scotland;SF-TOW;Site Tower Light;1;55.24;ACC0094;open;Y
H109206;26/03/2024;Norwich Depot;East;EX-140;13T Excavator;-5;295.57;ACC0083;cancelled;Y
H109207;29/02/2024;Leeds Depot;North;PB-15;Powered Barrow;1;39.36;ACC0007;completed;Y
H109208;01/03/2024;Leeds Depot;North;SC-22;Scissor Lift 22ft;7;78.43;ACC0102;completed;Y
H109209;29/10/2024;Glasgow Depot;Scotland;GEN-60;60kVA Generator;1;89.47;ACC0189;completed;Y
H109210;27/06/2024;Bristol Depot;South West;DM-09;Diesel Dumper 9T;14;152.16;ACC0044;completed;Y
H109211;17/11/2023;Norwich Depot;East;EX-140;13T Excavator;1;309.64;ACC0084;completed;Y
H109212;20/05/2023;Glasgow Depot;Scotland;TL-01;Telehandler 4m;1;175.67;ACC0246;completed;Y
H109213;23/09/2023;Norwich Depot;East;SC-22;Scissor Lift 22ft;1;76.29;ACC0030;completed;Y
H109214;06/07/2024;Norwich Depot;East;WP-02;Water Pump 2in;14;21.64;ACC0083;completed;N
H109215;01/01/2024;Leeds Depot;North;CM-350;Concrete Mixer 350L;28;35.48;ACC0137;completed;Y
H109216;23/11/2024;Norwich Depot;East;CM-350;Concrete Mixer 350L;28;35.4;ACC0014;completed;N
H109217;16/06/2023;Glasgow Depot;Scotland;PB-15;Powered Barrow;14;44.27;;completed;Y
H109218;01/12/2023;Bristol Depot;South West;HD-BRK;Hydraulic Breaker;1;60.85;ACC0108;completed;Y
H109219;08/08/2024;Leeds Depot;North;WP-02;Water Pump 2in;2;22.83;ACC0083;completed;N
H109220;10/04/2024;Cardiff Depot;Wales;CM-350;Concrete Mixer 350L;7;32.55;ACC0049;completed;Y
H109221;21/12/2024;Cardiff Depot;Wales;SF-TOW;Site Tower Light;2;50.43;ACC0257;completed;Y
H109222;11/04/2023;Cardiff Depot;Wales;TL-01;Telehandler 4m;1;198.54;ACC0102;completed;Y
H109223;11/05/2023;Glasgow Depot;Scotland;TL-01;Telehandler 4m;5;180.36;;completed;Y
H109224;19/01/2024;Glasgow Depot;Scotland;CM-350;Concrete Mixer 350L;2;31.55;ACC0070;open;Y
H109225;15/10/2024;Bristol Depot;South West;WP-02;Water Pump 2in;3;21.52;ACC0030;completed;Y
H109226;20/02/2024;Leeds Depot;North;WP-02;Water Pump 2in;2;22.6;ACC0118;completed;Y
H109227;30/10/2024;Leeds Depot;North;GEN-60;60kVA Generator;3;102.67;ACC0108;completed;Y
H109228;15/10/2023;Leeds Depot;North;DM-09;Diesel Dumper 9T;3;147.47;ACC0008;completed;Y
H109229;25/09/2024;Norwich Depot;East;SC-22;Scissor Lift 22ft;2;82.02;ACC0164;completed;N
H109230;29/08/2024;Glasgow Depot;Scotland;CM-350;Concrete Mixer 350L;1;33.86;ACC0078;completed;Y
H109231;04/04/2024;Glasgow Depot;Scotland;SC-22;Scissor Lift 22ft;2;74.75;ACC0144;completed;N
H109232;24/06/2023;Glasgow Depot;Scotland;GEN-60;60kVA Generator;2;88.65;ACC0254;completed;Y
H109233;08/06/2023;Bristol Depot;South West;TL-01;Telehandler 4m;2;184.94;ACC0209;completed;Y
H109234;09/07/2023;Cardiff Depot;Wales;GEN-60;60kVA Generator;5;102.68;ACC0069;completed;N
H109235;30/08/2024;Cardiff Depot;Wales;TL-01;Telehandler 4m;5;173.43;ACC0058;completed;Y
H109236;30/08/2023;Leeds Depot;North;GEN-60;60kVA Generator;5;89.48;ACC0167;completed;Y
H109237;25/11/2024;Leeds Depot;North;SF-TOW;Site Tower Light;3;53.11;ACC0239;completed;Y
H109238;24/07/2023;Norwich Depot;East;SC-22;Scissor Lift 22ft;3;82.57;ACC0103;completed;Y
H109239;30/03/2024;Glasgow Depot;Scotland;WP-02;Water Pump 2in;1;21.01;ACC0011;completed;Y
H109240;15/04/2024;Norwich Depot;East;DM-09;Diesel Dumper 9T;2;152.74;ACC0144;completed;Y
H109241;05/12/2023;Norwich Depot;East;SF-TOW;Site Tower Light;7;55.24;ACC0079;completed;N
H109242;09/05/2024;Norwich Depot;East;WP-02;Water Pump 2in;1;21.74;ACC0168;open;Y
H109243;30/05/2023;Bristol Depot;South West;PB-15;Powered Barrow;1;40.95;ACC0218;completed;Y
H109244;23/10/2023;Bristol Depot;South West;WP-02;Water Pump 2in;3;23.24;ACC0154;completed;Y
H109245;23/07/2023;Leeds Depot;North;WP-02;Water Pump 2in;1;24.07;ACC0130;completed;Y
H109246;16/05/2023;Norwich Depot;East;GEN-60;60kVA Generator;7;90.35;ACC0225;completed;Y
H109247;25/11/2024;Cardiff Depot;Wales;CM-350;Concrete Mixer 350L;1;33.4;ACC0127;completed;Y
H109248;12/05/2024;Glasgow Depot;Scotland;PB-15;Powered Barrow;5;42.97;ACC0192;completed;Y
H109249;11/09/2023;Bristol Depot;South West;GEN-60;60kVA Generator;1;99.39;ACC0220;completed;Y
H109250;17/09/2023;Leeds Depot;North;PB-15;Powered Barrow;2;41.28;ACC0187;completed;Y
H109251;07/09/2023;Bristol Depot;South West;GEN-60;60kVA Generator;1;93.02;ACC0105;completed;Y
H109252;27/05/2023;Bristol Depot;South West;SF-TOW;Site Tower Light;3;52.3;ACC0142;completed;Y
H109253;02/09/2024;Leeds Depot;North;SF-TOW;Site Tower Light;3;48.57;ACC0111;completed;N
H109254;23/09/2023;Leeds Depot;North;TL-01;Telehandler 4m;1;185.47;ACC0060;open;Y
H109255;09/07/2023;Cardiff Depot;Wales;DM-09;Diesel Dumper 9T;2;136.77;ACC0019;completed;Y
H109256;14/11/2023;Bristol Depot;South West;PB-15;Powered Barrow;1;40.46;ACC0184;completed;Y
H109257;05/02/2024;Norwich Depot;East;TL-01;Telehandler 4m;1;182.35;ACC0038;completed;N
H109258;28/08/2024;Leeds Depot;North;GEN-60;60kVA Generator;5;102.63;ACC0055;completed;Y
H109259;20/06/2023;Bristol Depot;South West;SC-22;Scissor Lift 22ft;1;76.81;ACC0227;completed;Y
H109260;22/10/2024;Bristol Depot;South West;CM-350;Concrete Mixer 350L;5;36.36;ACC0039;completed;Y
H109261;24/06/2023;Leeds Depot;North;CM-350;Concrete Mixer 350L;1;35.94;ACC0088;completed;Y
H109262;19/10/2023;Leeds Depot;North;SF-TOW;Site Tower Light;-1;56.01;ACC0260;cancelled;Y
H109263;16/05/2023;Norwich Depot;East;GEN-60;60kVA Generator;2;94.9;ACC0165;completed;N
H109264;23/11/2023;Norwich Depot;East;CM-350;Concrete Mixer 350L;2;36.54;;completed;Y
H109265;26/11/2024;Glasgow Depot;Scotland;EX-140;13T Excavator;7;316.22;ACC0229;completed;Y
H109266;29/12/2023;Norwich Depot;East;GEN-60;60kVA Generator;1;98.69;ACC0243;completed;Y
H109267;30/01/2024;Glasgow Depot;Scotland;SF-TOW;Site Tower Light;2;50.99;;open;N
H109268;30/09/2023;Bristol Depot;South West;CM-350;Concrete Mixer 350L;5;35.78;ACC0172;completed;N
H109269;26/12/2023;Bristol Depot;South West;GEN-60;60kVA Generator;2;96.18;ACC0062;completed;Y
H109270;17/05/2023;Leeds Depot;North;GEN-60;60kVA Generator;1;92.68;ACC0099;completed;Y
H109271;05/02/2024;Leeds Depot;North;CM-350;Concrete Mixer 350L;1;36.64;ACC0036;completed;N
H109272;28/05/2024;Bristol Depot;South West;DM-09;Diesel Dumper 9T;28;142.43;ACC0130;completed;Y
H109273;13/11/2024;Norwich Depot;East;PB-15;Powered Barrow;5;39.14;ACC0206;completed;Y
H109274;17/11/2023;Bristol Depot;South West;WP-02;Water Pump 2in;2;21.41;ACC0142;completed;Y
H109275;15/06/2023;Norwich Depot;East;SC-22;Scissor Lift 22ft;2;83.51;ACC0100;completed;Y
H109276;05/04/2024;Cardiff Depot;Wales;PB-15;Powered Barrow;-1;42.27;ACC0094;cancelled;N
H109277;27/12/2023;Bristol Depot;South West;GEN-60;60kVA Generator;1;96.08;ACC0094;completed;Y
H109278;25/12/2023;Norwich Depot;East;SF-TOW;Site Tower Light;2;49.32;ACC0221;completed;Y
H109279;22/10/2024;Glasgow Depot;Scotland;DM-09;Diesel Dumper 9T;3;143.97;ACC0065;completed;Y
H109280;29/12/2023;Cardiff Depot;Wales;SF-TOW;Site Tower Light;2;52.79;ACC0148;completed;Y
H109281;03/07/2024;Leeds Depot;North;WP-02;Water Pump 2in;-3;23.22;ACC0132;cancelled;Y
H109282;21/09/2024;Glasgow Depot;Scotland;EX-140;13T Excavator;2;326.94;ACC0214;completed;Y
H109283;19/02/2024;Glasgow Depot;Scotland;TL-01;Telehandler 4m;2;184.54;ACC0055;completed;Y
H109284;10/10/2024;Cardiff Depot;Wales;WP-02;Water Pump 2in;2;24.09;ACC0017;completed;Y
H109285;16/10/2024;Glasgow Depot;Scotland;DM-09;Diesel Dumper 9T;7;144.98;ACC0177;open;Y
H109286;23/04/2024;Leeds Depot;North;CM-350;Concrete Mixer 350L;3;35.78;ACC0181;completed;N
H109287;06/05/2024;Glasgow Depot;Scotland;CM-350;Concrete Mixer 350L;2;33.48;ACC0222;completed;Y
H109288;06/08/2024;Cardiff Depot;Wales;WP-02;Water Pump 2in;1;22.79;ACC0059;completed;N
H109289;25/09/2024;Glasgow Depot;Scotland;CM-350;Concrete Mixer 350L;1;32.55;ACC0007;completed;Y
H109290;07/05/2024;Norwich Depot;East;CM-350;Concrete Mixer 350L;14;33.11;ACC0233;completed;N
H109291;19/11/2023;Cardiff Depot;Wales;HD-BRK;Hydraulic Breaker;2;59.63;ACC0168;completed;N
H109292;30/12/2023;Glasgow Depot;Scotland;SC-22;Scissor Lift 22ft;3;83.42;ACC0215;completed;Y
H109293;03/02/2024;Norwich Depot;East;HD-BRK;Hydraulic Breaker;5;58.93;ACC0253;completed;Y
H109294;09/01/2024;Glasgow Depot;Scotland;SF-TOW;Site Tower Light;1;54.56;ACC0151;completed;N
H109295;09/11/2023;Bristol Depot;South West;GEN-60;60kVA Generator;14;101.46;ACC0250;completed;Y
H109296;20/05/2024;Bristol Depot;South West;WP-02;Water Pump 2in;5;22.66;ACC0097;completed;Y
H109297;04/07/2024;Norwich Depot;East;EX-140;13T Excavator;14;320.82;;completed;Y
H109298;07/07/2024;Norwich Depot;East;TL-01;Telehandler 4m;2;184.18;ACC0016;completed;Y
H109299;23/11/2023;Norwich Depot;East;GEN-60;60kVA Generator;7;93.04;ACC0179;completed;N
H109300;24/08/2024;Glasgow Depot;Scotland;GEN-60;60kVA Generator;5;101.87;ACC0216;completed;N
H109301;10/09/2024;Norwich Depot;East;SF-TOW;Site Tower Light;-7;55.98;ACC0013;cancelled;Y
H109302;22/10/2024;Leeds Depot;North;CM-350;Concrete Mixer 350L;2;36.12;ACC0147;completed;Y
H109303;05/09/2024;Glasgow Depot;Scotland;DM-09;Diesel Dumper 9T;1;143.8;ACC0009;completed;Y
H109304;15/11/2024;Bristol Depot;South West;CM-350;Concrete Mixer 350L;2;32.33;ACC0154;completed;N
H109305;10/12/2023;Cardiff Depot;Wales;HD-BRK;Hydraulic Breaker;14;59.23;ACC0069;completed;Y
H109306;02/06/2023;Bristol Depot;South West;GEN-60;60kVA Generator;2;93.04;ACC0241;completed;Y
H109307;20/11/2024;Cardiff Depot;Wales;SC-22;Scissor Lift 22ft;5;82.4;ACC0116;completed;Y
H109308;03/05/2023;Cardiff Depot;Wales;TL-01;Telehandler 4m;28;185.35;ACC0119;completed;N
H109309;04/04/2024;Bristol Depot;South West;SC-22;Scissor Lift 22ft;3;72.69;ACC0138;completed;Y
H109310;18/05/2024;Glasgow Depot;Scotland;WP-02;Water Pump 2in;5;21.36;;completed;Y
H109311;19/10/2024;Bristol Depot;South West;GEN-60;60kVA Generator;1;102.83;ACC0256;completed;Y
H109312;28/11/2023;Glasgow Depot;Scotland;CM-350;Concrete Mixer 350L;2;35.89;ACC0045;completed;N
H109313;16/09/2023;Cardiff Depot;Wales;DM-09;Diesel Dumper 9T;2;147.05;ACC0259;completed;Y
H109314;06/08/2023;Norwich Depot;East;SC-22;Scissor Lift 22ft;5;81.5;ACC0164;completed;N
H109315;18/02/2024;Cardiff Depot;Wales;SF-TOW;Site Tower Light;7;54.36;ACC0041;completed;Y
H109316;29/03/2024;Leeds Depot;North;TL-01;Telehandler 4m;2;191.27;ACC0119;completed;Y
H109317;12/02/2024;Cardiff Depot;Wales;CM-350;Concrete Mixer 350L;2;35.59;ACC0248;open;N
H109318;14/06/2024;Glasgow Depot;Scotland;GEN-60;60kVA Generator;1;99.27;ACC0145;completed;N
H109319;11/12/2024;Bristol Depot;South West;PB-15;Powered Barrow;14;39.07;ACC0013;completed;Y
H109320;15/07/2023;Norwich Depot;East;SC-22;Scissor Lift 22ft;1;81.54;ACC0018;completed;Y
H109321;30/04/2024;Norwich Depot;East;CM-350;Concrete Mixer 350L;2;32.44;ACC0178;completed;Y
H109322;25/05/2024;Bristol Depot;South West;EX-140;13T Excavator;5;285.63;ACC0203;completed;Y
H109323;23/12/2024;Cardiff Depot;Wales;HD-BRK;Hydraulic Breaker;5;61.92;;completed;Y
H109324;08/05/2023;Cardiff Depot;Wales;GEN-60;60kVA Generator;7;100.41;ACC0060;completed;Y
H109325;30/04/2023;Glasgow Depot;Scotland;TL-01;Telehandler 4m;7;199.8;ACC0067;completed;N
H109326;25/08/2024;Bristol Depot;South West;HD-BRK;Hydraulic Breaker;14;60.09;ACC0053;completed;Y
H109327;11/10/2023;Cardiff Depot;Wales;DM-09;Diesel Dumper 9T;5;149.0;ACC0141;completed;Y
H109328;06/12/2023;Cardiff Depot;Wales;DM-09;Diesel Dumper 9T;3;137.97;ACC0013;completed;Y
H109329;23/03/2024;Bristol Depot;South West;GEN-60;60kVA Generator;2;91.19;ACC0010;open;Y
H109330;15/06/2024;Bristol Depot;South West;TL-01;Telehandler 4m;1;194.68;ACC0223;open;Y
H109331;18/02/2024;Cardiff Depot;Wales;TL-01;Telehandler 4m;1;196.11;ACC0096;completed;Y
H109332;06/08/2024;Leeds Depot;North;WP-02;Water Pump 2in;1;23.11;ACC0237;completed;Y
H109333;24/08/2023;Norwich Depot;East;SC-22;Scissor Lift 22ft;3;81.39;ACC0114;completed;Y
H109334;09/09/2024;Bristol Depot;South West;HD-BRK;Hydraulic Breaker;14;63.18;ACC0162;completed;Y
H109335;05/07/2024;Leeds Depot;North;WP-02;Water Pump 2in;1;24.19;ACC0240;completed;Y
H109336;19/11/2023;Glasgow Depot;Scotland;EX-140;13T Excavator;-1;301.26;ACC0229;cancelled;Y
H109337;10/06/2024;Glasgow Depot;Scotland;CM-350;Concrete Mixer 350L;3;36.3;ACC0040;completed;Y
H109338;26/07/2023;Leeds Depot;North;PB-15;Powered Barrow;1;40.68;ACC0176;completed;Y
H109339;27/05/2024;Cardiff Depot;Wales;WP-02;Water Pump 2in;2;21.51;ACC0239;completed;Y
H109340;26/11/2024;Norwich Depot;East;GEN-60;60kVA Generator;28;95.24;ACC0234;open;Y
H109341;29/07/2023;Leeds Depot;North;SF-TOW;Site Tower Light;1;51.35;ACC0046;completed;Y
H109342;17/03/2024;Cardiff Depot;Wales;SC-22;Scissor Lift 22ft;7;74.71;ACC0167;completed;Y
H109343;24/10/2024;Leeds Depot;North;GEN-60;60kVA Generator;2;90.84;ACC0131;completed;Y
H109344;17/07/2024;Cardiff Depot;Wales;SC-22;Scissor Lift 22ft;7;74.54;;completed;Y
H109345;14/07/2024;Glasgow Depot;Scotland;GEN-60;60kVA Generator;-1;97.64;ACC0213;cancelled;Y
H109346;27/12/2024;Bristol Depot;South West;CM-350;Concrete Mixer 350L;2;34.43;ACC0250;completed;Y
H109347;16/11/2023;Leeds Depot;North;SC-22;Scissor Lift 22ft;1;76.04;ACC0059;completed;Y
H109348;16/12/2023;Glasgow Depot;Scotland;CM-350;Concrete Mixer 350L;2;34.32;ACC0040;completed;N
H109349;27/05/2024;Glasgow Depot;Scotland;GEN-60;60kVA Generator;28;94.99;ACC0003;completed;Y
H109350;30/01/2024;Norwich Depot;East;SF-TOW;Site Tower Light;1;48.12;ACC0006;completed;Y
H109351;24/12/2023;Glasgow Depot;Scotland;SC-22;Scissor Lift 22ft;-2;77.68;ACC0172;cancelled;Y
H109352;05/12/2023;Norwich Depot;East;WP-02;Water Pump 2in;2;21.83;ACC0230;completed;N
H109353;05/10/2024;Cardiff Depot;Wales;WP-02;Water Pump 2in;2;24.29;ACC0042;completed;Y
H109354;09/09/2024;Norwich Depot;East;DM-09;Diesel Dumper 9T;-5;136.87;ACC0234;cancelled;Y
H109355;12/06/2024;Leeds Depot;North;TL-01;Telehandler 4m;3;173.8;ACC0119;completed;Y
H109356;10/08/2023;Glasgow Depot;Scotland;DM-09;Diesel Dumper 9T;5;153.36;ACC0051;completed;Y
H109357;27/04/2023;Cardiff Depot;Wales;GEN-60;60kVA Generator;3;102.02;ACC0067;completed;Y
H109358;07/11/2023;Cardiff Depot;Wales;SC-22;Scissor Lift 22ft;1;75.06;ACC0024;completed;Y
H109359;06/05/2023;Cardiff Depot;Wales;TL-01;Telehandler 4m;2;179.72;ACC0244;completed;Y
H109360;23/02/2024;Cardiff Depot;Wales;SF-TOW;Site Tower Light;5;48.22;ACC0210;completed;Y
H109361;26/06/2023;Leeds Depot;North;HD-BRK;Hydraulic Breaker;2;66.79;ACC0045;completed;Y
H109362;09/08/2023;Leeds Depot;North;SC-22;Scissor Lift 22ft;7;83.05;ACC0218;completed;Y
H109363;07/09/2023;Leeds Depot;North;CM-350;Concrete Mixer 350L;7;32.83;ACC0061;completed;Y
H109364;22/01/2024;Glasgow Depot;Scotland;SC-22;Scissor Lift 22ft;7;83.79;ACC0063;completed;Y
H109365;09/06/2023;Norwich Depot;East;DM-09;Diesel Dumper 9T;7;143.99;ACC0224;completed;Y
H109366;27/06/2023;Cardiff Depot;Wales;EX-140;13T Excavator;2;313.69;ACC0020;completed;Y
H109367;05/01/2024;Glasgow Depot;Scotland;WP-02;Water Pump 2in;14;22.66;ACC0055;completed;Y
H109368;21/06/2024;Cardiff Depot;Wales;WP-02;Water Pump 2in;14;20.84;ACC0195;completed;Y
H109369;10/08/2024;Leeds Depot;North;HD-BRK;Hydraulic Breaker;3;68.51;ACC0080;completed;Y
H109370;15/08/2024;Cardiff Depot;Wales;CM-350;Concrete Mixer 350L;1;34.23;ACC0069;completed;Y
H109371;22/10/2023;Glasgow Depot;Scotland;EX-140;13T Excavator;5;297.16;ACC0032;completed;Y
H109372;07/05/2024;Leeds Depot;North;CM-350;Concrete Mixer 350L;1;35.68;ACC0050;completed;Y
H109373;27/03/2024;Cardiff Depot;Wales;WP-02;Water Pump 2in;1;22.17;ACC0234;completed;Y
H109374;09/05/2024;Norwich Depot;East;TL-01;Telehandler 4m;14;201.57;;open;Y
H109375;10/03/2024;Cardiff Depot;Wales;SF-TOW;Site Tower Light;2;52.18;ACC0126;completed;Y
H109376;10/12/2023;Cardiff Depot;Wales;PB-15;Powered Barrow;3;43.34;ACC0183;completed;N
H109377;13/03/2024;Leeds Depot;North;GEN-60;60kVA Generator;14;90.36;ACC0157;completed;Y
H109378;09/05/2024;Glasgow Depot;Scotland;DM-09;Diesel Dumper 9T;1;154.63;ACC0017;completed;Y
H109379;24/10/2023;Norwich Depot;East;SC-22;Scissor Lift 22ft;5;84.74;ACC0251;completed;N
H109380;18/03/2024;Cardiff Depot;Wales;HD-BRK;Hydraulic Breaker;1;68.33;ACC0219;completed;Y
H109381;27/07/2024;Leeds Depot;North;WP-02;Water Pump 2in;1;21.3;ACC0245;completed;Y
H109382;16/04/2023;Bristol Depot;South West;TL-01;Telehandler 4m;1;194.76;ACC0084;completed;Y
H109383;25/04/2023;Bristol Depot;South West;SC-22;Scissor Lift 22ft;1;84.6;ACC0065;completed;Y
H109384;11/05/2023;Leeds Depot;North;WP-02;Water Pump 2in;7;23.01;ACC0240;completed;Y
H109385;06/10/2024;Norwich Depot;East;CM-350;Concrete Mixer 350L;14;36.5;ACC0195;completed;Y
H109386;22/09/2023;Cardiff Depot;Wales;CM-350;Concrete Mixer 350L;-2;31.62;ACC0173;cancelled;Y
H109387;26/11/2023;Cardiff Depot;Wales;SC-22;Scissor Lift 22ft;1;80.3;ACC0015;completed;Y
H109388;19/10/2024;Glasgow Depot;Scotland;SC-22;Scissor Lift 22ft;1;81.8;ACC0073;completed;Y
H109389;04/11/2024;Norwich Depot;East;GEN-60;60kVA Generator;1;99.16;ACC0098;completed;Y
H109390;20/06/2024;Bristol Depot;South West;GEN-60;60kVA Generator;2;99.67;ACC0187;completed;N
H109391;01/07/2024;Glasgow Depot;Scotland;HD-BRK;Hydraulic Breaker;2;63.56;;completed;Y
H109392;24/11/2023;Bristol Depot;South West;EX-140;13T Excavator;7;326.28;ACC0175;completed;Y
H109393;18/09/2023;Leeds Depot;North;CM-350;Concrete Mixer 350L;3;32.65;ACC0108;completed;N
H109394;15/06/2024;Glasgow Depot;Scotland;SC-22;Scissor Lift 22ft;1;79.89;ACC0025;completed;N
H109395;04/04/2023;Norwich Depot;East;DM-09;Diesel Dumper 9T;7;152.19;ACC0157;completed;Y
H109396;18/01/2024;Leeds Depot;North;CM-350;Concrete Mixer 350L;-2;32.82;ACC0018;cancelled;Y
H109397;15/05/2023;Bristol Depot;South West;SC-22;Scissor Lift 22ft;2;75.94;ACC0095;completed;Y
H109398;27/08/2023;Cardiff Depot;Wales;GEN-60;60kVA Generator;14;95.91;ACC0122;completed;Y
H109399;14/10/2023;Cardiff Depot;Wales;SC-22;Scissor Lift 22ft;7;82.57;;completed;Y
